ISO-10303-21;
HEADER;
/* Generated by software containing ST-Developer
 * from STEP Tools, Inc. (www.steptools.com) 
 */
/* OPTION: using custom renumber hook */

FILE_DESCRIPTION(
/* description */ ('STEP AP242 Edition 2',
'CAx-IF Rec.Pracs.---Representation and Presentation of Product Manufa
cturing Information (PMI)---4.0---2014-10-13',
'CAx-IF Rec.Pracs.---3D Tessellated Geometry---0.4---2014-09-14','2;1',
'CAx-IF Rec.Pracs.---User Defined Attributes---1.5---2016-08-15'),
/* implementation_level */ '2;1');

FILE_NAME(
/* name */ '6933894c31205d107308790f',
/* time_stamp */ '2025-12-06T01:39:24Z',
/* author */ (''),
/* organization */ (''),
/* preprocessor_version */ 'ST-DEVELOPER v20',
/* originating_system */ 'ONSHAPE BY PTC INC, 1.207',
/* authorisation */ '  ');

FILE_SCHEMA (('AP242_MANAGED_MODEL_BASED_3D_ENGINEERING_MIM_LF { 1 0 10303 442 3 1 4 }'));
ENDSEC;

DATA;
#10=SHAPE_REPRESENTATION_RELATIONSHIP('','',#2917,#11);
#11=ADVANCED_BREP_SHAPE_REPRESENTATION('',(#2915),#5598);
#12=SPHERICAL_SURFACE('',#3009,0.0015);
#13=SPHERICAL_SURFACE('',#3015,0.0015);
#14=SPHERICAL_SURFACE('',#3037,0.0015);
#15=SPHERICAL_SURFACE('',#3040,0.0015);
#16=SPHERICAL_SURFACE('',#3057,0.0015);
#17=SPHERICAL_SURFACE('',#3059,0.0015);
#18=SPHERICAL_SURFACE('',#3061,0.0015);
#19=SPHERICAL_SURFACE('',#3076,0.0015);
#20=SPHERICAL_SURFACE('',#3079,0.0015);
#21=SPHERICAL_SURFACE('',#3107,0.0015);
#22=SPHERICAL_SURFACE('',#3113,0.0015);
#23=SPHERICAL_SURFACE('',#3123,0.0015);
#24=SPHERICAL_SURFACE('',#3125,0.0015);
#25=SPHERICAL_SURFACE('',#3185,0.0015);
#26=SPHERICAL_SURFACE('',#3191,0.0015);
#27=SPHERICAL_SURFACE('',#3213,0.0015);
#28=SPHERICAL_SURFACE('',#3216,0.0015);
#29=SPHERICAL_SURFACE('',#3233,0.0015);
#30=SPHERICAL_SURFACE('',#3235,0.0015);
#31=SPHERICAL_SURFACE('',#3237,0.0015);
#32=SPHERICAL_SURFACE('',#3249,0.0015);
#33=SPHERICAL_SURFACE('',#3252,0.0015);
#34=SPHERICAL_SURFACE('',#3280,0.0015);
#35=SPHERICAL_SURFACE('',#3286,0.0015);
#36=SPHERICAL_SURFACE('',#3296,0.0015);
#37=SPHERICAL_SURFACE('',#3298,0.0015);
#38=(
BOUNDED_SURFACE()
B_SPLINE_SURFACE(3,2,((#4690,#4691,#4692),(#4693,#4694,#4695),(#4696,#4697,
#4698),(#4699,#4700,#4701),(#4702,#4703,#4704),(#4705,#4706,#4707),(#4708,
#4709,#4710),(#4711,#4712,#4713),(#4714,#4715,#4716),(#4717,#4718,#4719),
(#4720,#4721,#4722),(#4723,#4724,#4725),(#4726,#4727,#4728),(#4729,#4730,
#4731),(#4732,#4733,#4734),(#4735,#4736,#4737),(#4738,#4739,#4740),(#4741,
#4742,#4743),(#4744,#4745,#4746),(#4747,#4748,#4749),(#4750,#4751,#4752),
(#4753,#4754,#4755),(#4756,#4757,#4758),(#4759,#4760,#4761),(#4762,#4763,
#4764),(#4765,#4766,#4767),(#4768,#4769,#4770),(#4771,#4772,#4773),(#4774,
#4775,#4776)),.UNSPECIFIED.,.F.,.F.,.F.)
B_SPLINE_SURFACE_WITH_KNOTS((4,1,1,1,1,1,1,1,1,1,1,1,1,1,1,1,1,1,1,1,1,
1,1,1,1,1,4),(3,3),(0.0606754484768439,0.0632600431996617,0.0658446379224796,
0.0684292326452975,0.0710138273681153,0.0735984220909331,0.0748907194523421,
0.076183016813751,0.0774753141751599,0.0787676115365689,0.0794137602172733,
0.0800599088979778,0.0807060575786822,0.0813522062593867,0.0819983549400912,
0.0826445036207956,0.0832906523015001,0.0839368009822045,0.0852290983436135,
0.0865213957050224,0.0878136930664313,0.0891059904278403,0.0916905851506581,
0.094275179873476,0.0968597745962938,0.0994443693191117,0.10202896404193),
(0.,1.),.UNSPECIFIED.)
GEOMETRIC_REPRESENTATION_ITEM()
RATIONAL_B_SPLINE_SURFACE(((1.,0.584377590246268,1.),(1.,0.58027965685676,
1.),(1.,0.571284887189314,1.),(1.,0.554544726800288,1.),(1.,0.533282157479585,
1.),(1.,0.505473351601146,1.),(1.,0.474279509612488,1.),(1.,0.442038265146951,
1.),(1.,0.413306315340595,1.),(1.,0.379784336617546,1.),(1.,0.348192430361387,
1.),(1.,0.324171644354708,1.),(1.,0.308455062657808,1.),(1.,0.29714397566639,
1.),(1.,0.293318100454509,1.),(1.,0.297845275500969,1.),(1.,0.309627443881899,
1.),(1.,0.325856398164386,1.),(1.,0.350484424349033,1.),(1.,0.381557359482414,
1.),(1.,0.414917645849636,1.),(1.,0.443360596933457,1.),(1.,0.475237658979358,
1.),(1.,0.50605614490724,1.),(1.,0.533554091616317,1.),(1.,0.554665577326267,
1.),(1.,0.571322623289386,1.),(1.,0.58028845551407,1.),(1.,0.584373999745507,
1.)))
REPRESENTATION_ITEM('')
SURFACE()
);
#39=(
BOUNDED_SURFACE()
B_SPLINE_SURFACE(3,2,((#4825,#4826,#4827),(#4828,#4829,#4830),(#4831,#4832,
#4833),(#4834,#4835,#4836),(#4837,#4838,#4839),(#4840,#4841,#4842)),
 .UNSPECIFIED.,.F.,.F.,.F.)
B_SPLINE_SURFACE_WITH_KNOTS((4,1,1,4),(3,3),(0.,0.00304057216775357,0.00608114433550714,
0.0121622886710143),(0.,1.),.UNSPECIFIED.)
GEOMETRIC_REPRESENTATION_ITEM()
RATIONAL_B_SPLINE_SURFACE(((1.,0.707106781186548,1.),(1.,0.747460008327694,
1.),(1.,0.824641047443524,1.),(1.,0.95375504423919,1.),(1.,0.999999999999887,
1.),(1.,1.,1.)))
REPRESENTATION_ITEM('')
SURFACE()
);
#40=(
BOUNDED_SURFACE()
B_SPLINE_SURFACE(3,2,((#4847,#4848,#4849),(#4850,#4851,#4852),(#4853,#4854,
#4855),(#4856,#4857,#4858),(#4859,#4860,#4861),(#4862,#4863,#4864),(#4865,
#4866,#4867),(#4868,#4869,#4870),(#4871,#4872,#4873)),.UNSPECIFIED.,.F.,
 .F.,.F.)
B_SPLINE_SURFACE_WITH_KNOTS((4,1,1,1,1,1,4),(3,3),(-6.07153216591882E-18,
0.00101058326701133,0.00202116653402266,0.003031749801034,0.00404233306804533,
0.006063499602068,0.00808466613609067),(0.,1.),.UNSPECIFIED.)
GEOMETRIC_REPRESENTATION_ITEM()
RATIONAL_B_SPLINE_SURFACE(((1.,0.707106781186547,1.),(1.,0.703359960521666,
1.),(1.,0.707663220978083,1.),(1.,0.748731943833544,1.),(1.,0.808646291767649,
1.),(1.,0.892103665146299,1.),(1.,0.975916137122883,1.),(1.,0.999999999999215,
1.),(1.,1.,1.)))
REPRESENTATION_ITEM('')
SURFACE()
);
#41=(
BOUNDED_SURFACE()
B_SPLINE_SURFACE(3,2,((#4901,#4902,#4903),(#4904,#4905,#4906),(#4907,#4908,
#4909),(#4910,#4911,#4912),(#4913,#4914,#4915),(#4916,#4917,#4918),(#4919,
#4920,#4921)),.UNSPECIFIED.,.F.,.F.,.F.)
B_SPLINE_SURFACE_WITH_KNOTS((4,1,1,1,4),(3,3),(1.5707963267949,1.96349540849362,
2.35619449019234,2.74889357189107,3.14159265358979),(0.,1.),
 .UNSPECIFIED.)
GEOMETRIC_REPRESENTATION_ITEM()
RATIONAL_B_SPLINE_SURFACE(((1.,1.,1.),(1.,0.999999999999861,1.),(1.,0.973464424251643,
1.),(1.,0.8690290344064,1.),(1.,0.746571860829383,1.),(1.,0.707106781188248,
1.),(1.,0.707106781186548,1.)))
REPRESENTATION_ITEM('')
SURFACE()
);
#42=(
BOUNDED_SURFACE()
B_SPLINE_SURFACE(3,2,((#4950,#4951,#4952),(#4953,#4954,#4955),(#4956,#4957,
#4958),(#4959,#4960,#4961)),.UNSPECIFIED.,.F.,.F.,.F.)
B_SPLINE_SURFACE_WITH_KNOTS((4,4),(3,3),(0.998521456113741,1.5707963267949),
(0.,1.),.PIECEWISE_BEZIER_KNOTS.)
GEOMETRIC_REPRESENTATION_ITEM()
RATIONAL_B_SPLINE_SURFACE(((1.,0.86313319436958,1.),(1.,0.82110597200217,
1.),(1.,0.768130312079929,1.),(1.,0.707106781186547,1.)))
REPRESENTATION_ITEM('')
SURFACE()
);
#43=(
BOUNDED_SURFACE()
B_SPLINE_SURFACE(3,2,((#4987,#4988,#4989),(#4990,#4991,#4992),(#4993,#4994,
#4995),(#4996,#4997,#4998),(#4999,#5000,#5001),(#5002,#5003,#5004),(#5005,
#5006,#5007)),.UNSPECIFIED.,.F.,.F.,.F.)
B_SPLINE_SURFACE_WITH_KNOTS((4,1,1,1,4),(3,3),(2.01661604082304E-17,0.00169281038240952,
0.00338562076481902,0.00507843114722852,0.00677124152963802),(0.,1.),
 .UNSPECIFIED.)
GEOMETRIC_REPRESENTATION_ITEM()
RATIONAL_B_SPLINE_SURFACE(((1.,0.707106781186547,1.),(1.,0.713729529657665,
1.),(1.,0.761427246849017,1.),(1.,0.860846278011183,1.),(1.,0.93793334060279,
1.),(1.,0.962196386200281,1.),(1.,0.962196386410415,1.)))
REPRESENTATION_ITEM('')
SURFACE()
);
#44=(
BOUNDED_SURFACE()
B_SPLINE_SURFACE(3,2,((#5026,#5027,#5028),(#5029,#5030,#5031),(#5032,#5033,
#5034),(#5035,#5036,#5037),(#5038,#5039,#5040)),.UNSPECIFIED.,.F.,.F.,.F.)
B_SPLINE_SURFACE_WITH_KNOTS((4,1,4),(3,3),(0.0219630521001753,0.0251966741958019,
0.0284302962914285),(0.,1.),.UNSPECIFIED.)
GEOMETRIC_REPRESENTATION_ITEM()
RATIONAL_B_SPLINE_SURFACE(((1.,0.746120651605832,1.),(1.,0.784976048699139,
1.),(1.,0.855763921580399,1.),(1.,0.912453218719306,1.),(1.,0.931457373581505,
1.)))
REPRESENTATION_ITEM('')
SURFACE()
);
#45=(
BOUNDED_SURFACE()
B_SPLINE_SURFACE(3,2,((#5048,#5049,#5050),(#5051,#5052,#5053),(#5054,#5055,
#5056),(#5057,#5058,#5059)),.UNSPECIFIED.,.F.,.F.,.F.)
B_SPLINE_SURFACE_WITH_KNOTS((4,4),(3,3),(4.7271214720368E-17,0.000934244688388596),
(0.,1.),.PIECEWISE_BEZIER_KNOTS.)
GEOMETRIC_REPRESENTATION_ITEM()
RATIONAL_B_SPLINE_SURFACE(((1.,0.707106781186548,1.),(1.,0.719258185938615,
1.),(1.,0.732826221372572,1.),(1.,0.746120651605846,1.)))
REPRESENTATION_ITEM('')
SURFACE()
);
#46=(
BOUNDED_SURFACE()
B_SPLINE_SURFACE(3,2,((#5339,#5340,#5341),(#5342,#5343,#5344),(#5345,#5346,
#5347),(#5348,#5349,#5350),(#5351,#5352,#5353),(#5354,#5355,#5356)),
 .UNSPECIFIED.,.F.,.F.,.F.)
B_SPLINE_SURFACE_WITH_KNOTS((4,1,1,4),(3,3),(0.,0.00304057216775357,0.00608114433550714,
0.0121622886710143),(0.,1.),.UNSPECIFIED.)
GEOMETRIC_REPRESENTATION_ITEM()
RATIONAL_B_SPLINE_SURFACE(((1.,0.707106781186548,1.),(1.,0.747460008327694,
1.),(1.,0.824641047443524,1.),(1.,0.95375504423919,1.),(1.,0.999999999999887,
1.),(1.,1.,1.)))
REPRESENTATION_ITEM('')
SURFACE()
);
#47=(
BOUNDED_SURFACE()
B_SPLINE_SURFACE(3,2,((#5358,#5359,#5360),(#5361,#5362,#5363),(#5364,#5365,
#5366),(#5367,#5368,#5369),(#5370,#5371,#5372),(#5373,#5374,#5375),(#5376,
#5377,#5378),(#5379,#5380,#5381),(#5382,#5383,#5384)),.UNSPECIFIED.,.F.,
 .F.,.F.)
B_SPLINE_SURFACE_WITH_KNOTS((4,1,1,1,1,1,4),(3,3),(-6.07153216591882E-18,
0.00101058326701133,0.00202116653402266,0.003031749801034,0.00404233306804533,
0.006063499602068,0.00808466613609067),(0.,1.),.UNSPECIFIED.)
GEOMETRIC_REPRESENTATION_ITEM()
RATIONAL_B_SPLINE_SURFACE(((1.,0.707106781186547,1.),(1.,0.703359960521666,
1.),(1.,0.707663220978083,1.),(1.,0.748731943833544,1.),(1.,0.808646291767649,
1.),(1.,0.892103665146299,1.),(1.,0.975916137122883,1.),(1.,0.999999999999215,
1.),(1.,1.,1.)))
REPRESENTATION_ITEM('')
SURFACE()
);
#48=(
BOUNDED_SURFACE()
B_SPLINE_SURFACE(3,2,((#5412,#5413,#5414),(#5415,#5416,#5417),(#5418,#5419,
#5420),(#5421,#5422,#5423),(#5424,#5425,#5426),(#5427,#5428,#5429),(#5430,
#5431,#5432)),.UNSPECIFIED.,.F.,.F.,.F.)
B_SPLINE_SURFACE_WITH_KNOTS((4,1,1,1,4),(3,3),(1.5707963267949,1.96349540849362,
2.35619449019234,2.74889357189107,3.14159265358979),(0.,1.),
 .UNSPECIFIED.)
GEOMETRIC_REPRESENTATION_ITEM()
RATIONAL_B_SPLINE_SURFACE(((1.,1.,1.),(1.,0.999999999999861,1.),(1.,0.973464424251643,
1.),(1.,0.8690290344064,1.),(1.,0.746571860829383,1.),(1.,0.707106781188248,
1.),(1.,0.707106781186548,1.)))
REPRESENTATION_ITEM('')
SURFACE()
);
#49=(
BOUNDED_SURFACE()
B_SPLINE_SURFACE(3,2,((#5461,#5462,#5463),(#5464,#5465,#5466),(#5467,#5468,
#5469),(#5470,#5471,#5472)),.UNSPECIFIED.,.F.,.F.,.F.)
B_SPLINE_SURFACE_WITH_KNOTS((4,4),(3,3),(0.998521456113741,1.5707963267949),
(0.,1.),.PIECEWISE_BEZIER_KNOTS.)
GEOMETRIC_REPRESENTATION_ITEM()
RATIONAL_B_SPLINE_SURFACE(((1.,0.86313319436958,1.),(1.,0.82110597200217,
1.),(1.,0.768130312079929,1.),(1.,0.707106781186547,1.)))
REPRESENTATION_ITEM('')
SURFACE()
);
#50=(
BOUNDED_SURFACE()
B_SPLINE_SURFACE(3,2,((#5495,#5496,#5497),(#5498,#5499,#5500),(#5501,#5502,
#5503),(#5504,#5505,#5506),(#5507,#5508,#5509),(#5510,#5511,#5512),(#5513,
#5514,#5515)),.UNSPECIFIED.,.F.,.F.,.F.)
B_SPLINE_SURFACE_WITH_KNOTS((4,1,1,1,4),(3,3),(2.01661604082304E-17,0.00169281038240952,
0.00338562076481902,0.00507843114722852,0.00677124152963802),(0.,1.),
 .UNSPECIFIED.)
GEOMETRIC_REPRESENTATION_ITEM()
RATIONAL_B_SPLINE_SURFACE(((1.,0.707106781186547,1.),(1.,0.713729529657665,
1.),(1.,0.761427246849017,1.),(1.,0.860846278011183,1.),(1.,0.93793334060279,
1.),(1.,0.962196386200281,1.),(1.,0.962196386410415,1.)))
REPRESENTATION_ITEM('')
SURFACE()
);
#51=(
BOUNDED_SURFACE()
B_SPLINE_SURFACE(3,2,((#5534,#5535,#5536),(#5537,#5538,#5539),(#5540,#5541,
#5542),(#5543,#5544,#5545),(#5546,#5547,#5548)),.UNSPECIFIED.,.F.,.F.,.F.)
B_SPLINE_SURFACE_WITH_KNOTS((4,1,4),(3,3),(0.0219630521001753,0.0251966741958019,
0.0284302962914285),(0.,1.),.UNSPECIFIED.)
GEOMETRIC_REPRESENTATION_ITEM()
RATIONAL_B_SPLINE_SURFACE(((1.,0.746120651605843,1.),(1.,0.784976048682238,
1.),(1.,0.855763921588208,1.),(1.,0.912453218720589,1.),(1.,0.931457373581504,
1.)))
REPRESENTATION_ITEM('')
SURFACE()
);
#52=(
BOUNDED_SURFACE()
B_SPLINE_SURFACE(3,2,((#5556,#5557,#5558),(#5559,#5560,#5561),(#5562,#5563,
#5564),(#5565,#5566,#5567)),.UNSPECIFIED.,.F.,.F.,.F.)
B_SPLINE_SURFACE_WITH_KNOTS((4,4),(3,3),(4.7271214720368E-17,0.000934244688388596),
(0.,1.),.PIECEWISE_BEZIER_KNOTS.)
GEOMETRIC_REPRESENTATION_ITEM()
RATIONAL_B_SPLINE_SURFACE(((1.,0.707106781186546,1.),(1.,0.719258185939188,
1.),(1.,0.732826221372572,1.),(1.,0.746120651605846,1.)))
REPRESENTATION_ITEM('')
SURFACE()
);
#53=TOROIDAL_SURFACE('',#2976,0.016,0.003);
#54=TOROIDAL_SURFACE('',#3007,0.0045,0.0015);
#55=TOROIDAL_SURFACE('',#3021,0.0045,0.0015);
#56=TOROIDAL_SURFACE('',#3023,0.0115,0.0015);
#57=TOROIDAL_SURFACE('',#3025,0.0045,0.0015);
#58=TOROIDAL_SURFACE('',#3042,0.0045,0.0015);
#59=TOROIDAL_SURFACE('',#3068,0.0045,0.0015);
#60=TOROIDAL_SURFACE('',#3081,0.0045,0.0015);
#61=TOROIDAL_SURFACE('',#3090,0.0045,0.0015);
#62=TOROIDAL_SURFACE('',#3093,0.0045,0.0015);
#63=TOROIDAL_SURFACE('',#3095,0.0045,0.0015);
#64=TOROIDAL_SURFACE('',#3109,0.0045,0.0015);
#65=TOROIDAL_SURFACE('',#3111,0.0045,0.0015);
#66=TOROIDAL_SURFACE('',#3155,0.016,0.003);
#67=TOROIDAL_SURFACE('',#3183,0.0045,0.0015);
#68=TOROIDAL_SURFACE('',#3197,0.0045,0.0015);
#69=TOROIDAL_SURFACE('',#3199,0.0115,0.0015);
#70=TOROIDAL_SURFACE('',#3201,0.0045,0.0015);
#71=TOROIDAL_SURFACE('',#3218,0.0045,0.0015);
#72=TOROIDAL_SURFACE('',#3241,0.0045,0.0015);
#73=TOROIDAL_SURFACE('',#3254,0.0045,0.0015);
#74=TOROIDAL_SURFACE('',#3263,0.0045,0.0015);
#75=TOROIDAL_SURFACE('',#3266,0.0045,0.0015);
#76=TOROIDAL_SURFACE('',#3268,0.0045,0.0015);
#77=TOROIDAL_SURFACE('',#3282,0.0045,0.0015);
#78=TOROIDAL_SURFACE('',#3284,0.0045,0.0015);
#79=VERTEX_LOOP('',#1788);
#80=CONICAL_SURFACE('',#2966,0.013,0.598290271045545);
#81=CYLINDRICAL_SURFACE('',#2956,0.003);
#82=CYLINDRICAL_SURFACE('',#2958,0.003);
#83=CYLINDRICAL_SURFACE('',#2960,0.013);
#84=CYLINDRICAL_SURFACE('',#2977,0.003);
#85=CYLINDRICAL_SURFACE('',#2980,0.003);
#86=CYLINDRICAL_SURFACE('',#2983,0.003);
#87=CYLINDRICAL_SURFACE('',#2986,0.003);
#88=CYLINDRICAL_SURFACE('',#2989,0.003);
#89=CYLINDRICAL_SURFACE('',#2993,0.003);
#90=CYLINDRICAL_SURFACE('',#2996,0.003);
#91=CYLINDRICAL_SURFACE('',#2999,0.0015);
#92=CYLINDRICAL_SURFACE('',#3003,0.0015);
#93=CYLINDRICAL_SURFACE('',#3005,0.0015);
#94=CYLINDRICAL_SURFACE('',#3011,0.0015);
#95=CYLINDRICAL_SURFACE('',#3013,0.0015);
#96=CYLINDRICAL_SURFACE('',#3017,0.0015);
#97=CYLINDRICAL_SURFACE('',#3019,0.0015);
#98=CYLINDRICAL_SURFACE('',#3027,0.0015);
#99=CYLINDRICAL_SURFACE('',#3030,0.0015);
#100=CYLINDRICAL_SURFACE('',#3033,0.0015);
#101=CYLINDRICAL_SURFACE('',#3035,0.0015);
#102=CYLINDRICAL_SURFACE('',#3043,0.0015);
#103=CYLINDRICAL_SURFACE('',#3045,0.0015);
#104=CYLINDRICAL_SURFACE('',#3047,0.0015);
#105=CYLINDRICAL_SURFACE('',#3049,0.0015);
#106=CYLINDRICAL_SURFACE('',#3051,0.0015);
#107=CYLINDRICAL_SURFACE('',#3054,0.0015);
#108=CYLINDRICAL_SURFACE('',#3063,0.0015);
#109=CYLINDRICAL_SURFACE('',#3065,0.0015);
#110=CYLINDRICAL_SURFACE('',#3070,0.0015);
#111=CYLINDRICAL_SURFACE('',#3072,0.0015);
#112=CYLINDRICAL_SURFACE('',#3074,0.0015);
#113=CYLINDRICAL_SURFACE('',#3083,0.0015);
#114=CYLINDRICAL_SURFACE('',#3085,0.0015);
#115=CYLINDRICAL_SURFACE('',#3086,0.0015);
#116=CYLINDRICAL_SURFACE('',#3088,0.0015);
#117=CYLINDRICAL_SURFACE('',#3097,0.0015);
#118=CYLINDRICAL_SURFACE('',#3100,0.0015);
#119=CYLINDRICAL_SURFACE('',#3102,0.0015);
#120=CYLINDRICAL_SURFACE('',#3104,0.0015);
#121=CYLINDRICAL_SURFACE('',#3115,0.0015);
#122=CYLINDRICAL_SURFACE('',#3117,0.0015);
#123=CYLINDRICAL_SURFACE('',#3119,0.0015);
#124=CYLINDRICAL_SURFACE('',#3121,0.0015);
#125=CYLINDRICAL_SURFACE('',#3127,0.0015);
#126=CYLINDRICAL_SURFACE('',#3156,0.003);
#127=CYLINDRICAL_SURFACE('',#3159,0.003);
#128=CYLINDRICAL_SURFACE('',#3162,0.003);
#129=CYLINDRICAL_SURFACE('',#3165,0.003);
#130=CYLINDRICAL_SURFACE('',#3168,0.003);
#131=CYLINDRICAL_SURFACE('',#3172,0.003);
#132=CYLINDRICAL_SURFACE('',#3175,0.003);
#133=CYLINDRICAL_SURFACE('',#3179,0.0015);
#134=CYLINDRICAL_SURFACE('',#3181,0.0015);
#135=CYLINDRICAL_SURFACE('',#3187,0.0015);
#136=CYLINDRICAL_SURFACE('',#3189,0.0015);
#137=CYLINDRICAL_SURFACE('',#3193,0.0015);
#138=CYLINDRICAL_SURFACE('',#3195,0.0015);
#139=CYLINDRICAL_SURFACE('',#3203,0.0015);
#140=CYLINDRICAL_SURFACE('',#3206,0.0015);
#141=CYLINDRICAL_SURFACE('',#3209,0.0015);
#142=CYLINDRICAL_SURFACE('',#3211,0.0015);
#143=CYLINDRICAL_SURFACE('',#3219,0.0015);
#144=CYLINDRICAL_SURFACE('',#3221,0.0015);
#145=CYLINDRICAL_SURFACE('',#3223,0.0015);
#146=CYLINDRICAL_SURFACE('',#3225,0.0015);
#147=CYLINDRICAL_SURFACE('',#3227,0.0015);
#148=CYLINDRICAL_SURFACE('',#3230,0.0015);
#149=CYLINDRICAL_SURFACE('',#3239,0.0015);
#150=CYLINDRICAL_SURFACE('',#3243,0.0015);
#151=CYLINDRICAL_SURFACE('',#3245,0.0015);
#152=CYLINDRICAL_SURFACE('',#3247,0.0015);
#153=CYLINDRICAL_SURFACE('',#3256,0.0015);
#154=CYLINDRICAL_SURFACE('',#3258,0.0015);
#155=CYLINDRICAL_SURFACE('',#3259,0.0015);
#156=CYLINDRICAL_SURFACE('',#3261,0.0015);
#157=CYLINDRICAL_SURFACE('',#3270,0.0015);
#158=CYLINDRICAL_SURFACE('',#3273,0.0015);
#159=CYLINDRICAL_SURFACE('',#3275,0.0015);
#160=CYLINDRICAL_SURFACE('',#3277,0.0015);
#161=CYLINDRICAL_SURFACE('',#3288,0.0015);
#162=CYLINDRICAL_SURFACE('',#3290,0.0015);
#163=CYLINDRICAL_SURFACE('',#3292,0.0015);
#164=CYLINDRICAL_SURFACE('',#3294,0.0015);
#165=CYLINDRICAL_SURFACE('',#3300,0.0015);
#166=ELLIPSE('',#2954,0.0105681227730499,0.0045);
#167=ELLIPSE('',#2955,0.0105681227730499,0.0045);
#168=ELLIPSE('',#2990,0.00540832691319599,0.003);
#169=ELLIPSE('',#2991,0.010021737321755,0.003);
#170=ELLIPSE('',#2995,0.00540832691319599,0.003);
#171=ELLIPSE('',#3000,0.00212132034355965,0.0015);
#172=ELLIPSE('',#3001,0.00212132034355965,0.0015);
#173=ELLIPSE('',#3018,0.00212132034355965,0.0015);
#174=ELLIPSE('',#3032,0.00212132034355965,0.0015);
#175=ELLIPSE('',#3170,0.010021737321755,0.003);
#176=ELLIPSE('',#3171,0.00540832691319599,0.003);
#177=ELLIPSE('',#3173,0.00540832691319599,0.003);
#178=ELLIPSE('',#3194,0.00212132034355965,0.0015);
#179=ELLIPSE('',#3208,0.00212132034355965,0.0015);
#180=B_SPLINE_CURVE_WITH_KNOTS('',3,(#4279,#4280,#4281,#4282,#4283,#4284,
#4285,#4286,#4287,#4288,#4289,#4290,#4291,#4292,#4293),.UNSPECIFIED.,.F.,
 .F.,(4,1,1,1,1,1,1,1,1,1,1,1,4),(0.00621400183082486,0.00999888210398524,
0.0137837623771456,0.0156762025137258,0.017568642650306,0.0194610827868862,
0.0213535229234664,0.0232459630600466,0.0251384031966268,0.027030843333207,
0.0289232834697872,0.0327081637429475,0.0364930440161079),.UNSPECIFIED.);
#181=B_SPLINE_CURVE_WITH_KNOTS('',3,(#4464,#4465,#4466,#4467,#4468),
 .UNSPECIFIED.,.F.,.F.,(4,1,4),(0.,0.00291441722540193,0.00582883445080385),
 .UNSPECIFIED.);
#182=B_SPLINE_CURVE_WITH_KNOTS('',3,(#4488,#4489,#4490,#4491),
 .UNSPECIFIED.,.F.,.F.,(4,4),(1.91606470571538E-17,0.000580808767143205),
 .UNSPECIFIED.);
#183=B_SPLINE_CURVE_WITH_KNOTS('',3,(#4496,#4497,#4498,#4499),
 .UNSPECIFIED.,.F.,.F.,(4,4),(1.91606470571538E-17,0.000580808767143205),
 .UNSPECIFIED.);
#184=B_SPLINE_CURVE_WITH_KNOTS('',3,(#4529,#4530,#4531,#4532),
 .UNSPECIFIED.,.F.,.F.,(4,4),(0.,0.000175703661652533),.UNSPECIFIED.);
#185=B_SPLINE_CURVE_WITH_KNOTS('',3,(#4534,#4535,#4536,#4537,#4538,#4539,
#4540,#4541,#4542,#4543,#4544,#4545,#4546,#4547,#4548,#4549,#4550,#4551,
#4552,#4553,#4554,#4555,#4556),.UNSPECIFIED.,.F.,.F.,(4,1,1,1,1,1,1,1,1,
1,1,1,1,1,1,1,1,1,1,1,4),(-0.0188447546840056,-0.0141365203919214,-0.0117824032458793,
-0.00942828609983721,-0.00707416895379511,-0.00472005180775301,-0.00354299323473196,
-0.00236593466171091,-0.00118887608868986,-0.000600346802179337,-1.18175156688122E-5,
0.000576711770841712,0.00116524105735224,0.00234229963037329,0.00351935820339434,
0.00469641677641538,0.00705053392245748,0.00940465106849958,0.0117587682145417,
0.0141128853605838,0.018821119652668),.UNSPECIFIED.);
#186=B_SPLINE_CURVE_WITH_KNOTS('',3,(#4558,#4559,#4560,#4561),
 .UNSPECIFIED.,.F.,.F.,(4,4),(0.,0.000175703661652533),.UNSPECIFIED.);
#187=B_SPLINE_CURVE_WITH_KNOTS('',3,(#4607,#4608,#4609,#4610,#4611),
 .UNSPECIFIED.,.F.,.F.,(4,1,4),(0.,0.00608114433550717,0.0121622886710143),
 .UNSPECIFIED.);
#188=B_SPLINE_CURVE_WITH_KNOTS('',3,(#4612,#4613,#4614,#4615,#4616),
 .UNSPECIFIED.,.F.,.F.,(4,1,4),(0.,0.00608114433550717,0.0121622886710143),
 .UNSPECIFIED.);
#189=B_SPLINE_CURVE_WITH_KNOTS('',3,(#4635,#4636,#4637,#4638,#4639,#4640,
#4641,#4642),.UNSPECIFIED.,.F.,.F.,(4,1,1,1,1,4),(0.,0.000800148091233778,
0.00160029618246756,0.00320059236493511,0.00480088854740267,0.00640118472987022),
 .UNSPECIFIED.);
#190=B_SPLINE_CURVE_WITH_KNOTS('',3,(#4643,#4644,#4645,#4646,#4647,#4648),
 .UNSPECIFIED.,.F.,.F.,(4,1,1,4),(0.,0.00291672485956345,0.0058334497191269,
0.0116668994382538),.UNSPECIFIED.);
#191=B_SPLINE_CURVE_WITH_KNOTS('',3,(#4652,#4653,#4654,#4655,#4656,#4657,
#4658),.UNSPECIFIED.,.F.,.F.,(4,1,1,1,4),(0.,0.00161788192427522,0.00323576384855045,
0.00485364577282567,0.00647152769710089),.UNSPECIFIED.);
#192=B_SPLINE_CURVE_WITH_KNOTS('',3,(#4664,#4665,#4666,#4667,#4668,#4669,
#4670),.UNSPECIFIED.,.F.,.F.,(4,1,1,1,4),(0.,0.00120878042393127,0.00241756084786254,
0.00362634127179381,0.00483512169572508),.UNSPECIFIED.);
#193=B_SPLINE_CURVE_WITH_KNOTS('',3,(#4676,#4677,#4678,#4679),
 .UNSPECIFIED.,.F.,.F.,(4,4),(0.,0.000623783545453334),.UNSPECIFIED.);
#194=B_SPLINE_CURVE_WITH_KNOTS('',3,(#4777,#4778,#4779,#4780),
 .UNSPECIFIED.,.F.,.F.,(4,4),(0.,0.000801287082525826),.UNSPECIFIED.);
#195=B_SPLINE_CURVE_WITH_KNOTS('',3,(#4782,#4783,#4784,#4785,#4786,#4787),
 .UNSPECIFIED.,.F.,.F.,(4,1,1,4),(0.,0.0027592205426172,0.00413883081392579,
0.00551844108523439),.UNSPECIFIED.);
#196=B_SPLINE_CURVE_WITH_KNOTS('',3,(#4789,#4790,#4791,#4792),
 .UNSPECIFIED.,.F.,.F.,(4,4),(0.00382206689176775,0.0060660004120903),
 .UNSPECIFIED.);
#197=B_SPLINE_CURVE_WITH_KNOTS('',3,(#4793,#4794,#4795,#4796),
 .UNSPECIFIED.,.F.,.F.,(4,4),(0.00382206689176775,0.0060660004120903),
 .UNSPECIFIED.);
#198=B_SPLINE_CURVE_WITH_KNOTS('',3,(#4798,#4799,#4800,#4801,#4802,#4803),
 .UNSPECIFIED.,.F.,.F.,(4,1,1,4),(0.,0.0027592205426172,0.00413883081392579,
0.00551844108523439),.UNSPECIFIED.);
#199=B_SPLINE_CURVE_WITH_KNOTS('',3,(#4805,#4806,#4807,#4808),
 .UNSPECIFIED.,.F.,.F.,(4,4),(0.,0.000801287082525826),.UNSPECIFIED.);
#200=B_SPLINE_CURVE_WITH_KNOTS('',3,(#4811,#4812,#4813,#4814),
 .UNSPECIFIED.,.F.,.F.,(4,4),(8.5337111517875E-17,0.00038384776078987),
 .UNSPECIFIED.);
#201=B_SPLINE_CURVE_WITH_KNOTS('',3,(#4818,#4819,#4820,#4821,#4822,#4823,
#4824),.UNSPECIFIED.,.F.,.F.,(4,1,1,1,4),(0.,0.00143660374323559,0.00287320748647118,
0.00430981122970677,0.00574641497294237),.UNSPECIFIED.);
#202=B_SPLINE_CURVE_WITH_KNOTS('',3,(#4936,#4937,#4938,#4939),
 .UNSPECIFIED.,.F.,.F.,(4,4),(0.,0.00189817518425531),.UNSPECIFIED.);
#203=B_SPLINE_CURVE_WITH_KNOTS('',3,(#5016,#5017,#5018,#5019),
 .UNSPECIFIED.,.F.,.F.,(4,4),(0.,0.000886631775673187),.UNSPECIFIED.);
#204=B_SPLINE_CURVE_WITH_KNOTS('',3,(#5197,#5198,#5199,#5200,#5201),
 .UNSPECIFIED.,.F.,.F.,(4,1,4),(0.,0.00291441722540193,0.00582883445080385),
 .UNSPECIFIED.);
#205=B_SPLINE_CURVE_WITH_KNOTS('',3,(#5268,#5269,#5270,#5271,#5272,#5273),
 .UNSPECIFIED.,.F.,.F.,(4,1,1,4),(0.,0.00291672485956345,0.0058334497191269,
0.0116668994382538),.UNSPECIFIED.);
#206=B_SPLINE_CURVE_WITH_KNOTS('',3,(#5274,#5275,#5276,#5277,#5278,#5279,
#5280,#5281),.UNSPECIFIED.,.F.,.F.,(4,1,1,1,1,4),(0.,0.000800148091233778,
0.00160029618246756,0.00320059236493511,0.00480088854740267,0.00640118472987022),
 .UNSPECIFIED.);
#207=B_SPLINE_CURVE_WITH_KNOTS('',3,(#5286,#5287,#5288,#5289,#5290,#5291,
#5292),.UNSPECIFIED.,.F.,.F.,(4,1,1,1,4),(0.,0.00161788192427522,0.00323576384855045,
0.00485364577282567,0.00647152769710089),.UNSPECIFIED.);
#208=B_SPLINE_CURVE_WITH_KNOTS('',3,(#5294,#5295,#5296,#5297,#5298,#5299,
#5300),.UNSPECIFIED.,.F.,.F.,(4,1,1,1,4),(0.,0.00120878042393127,0.00241756084786254,
0.00362634127179381,0.00483512169572508),.UNSPECIFIED.);
#209=B_SPLINE_CURVE_WITH_KNOTS('',3,(#5310,#5311,#5312,#5313),
 .UNSPECIFIED.,.F.,.F.,(4,4),(0.,0.000623783545453334),.UNSPECIFIED.);
#210=B_SPLINE_CURVE_WITH_KNOTS('',3,(#5324,#5325,#5326,#5327,#5328,#5329,
#5330),.UNSPECIFIED.,.F.,.F.,(4,1,1,1,4),(0.,0.00143660374323559,0.00287320748647118,
0.00430981122970677,0.00574641497294237),.UNSPECIFIED.);
#211=B_SPLINE_CURVE_WITH_KNOTS('',3,(#5334,#5335,#5336,#5337),
 .UNSPECIFIED.,.F.,.F.,(4,4),(8.5337111517875E-17,0.00038384776078987),
 .UNSPECIFIED.);
#212=B_SPLINE_CURVE_WITH_KNOTS('',3,(#5447,#5448,#5449,#5450),
 .UNSPECIFIED.,.F.,.F.,(4,4),(0.,0.00189817518425531),.UNSPECIFIED.);
#213=B_SPLINE_CURVE_WITH_KNOTS('',3,(#5524,#5525,#5526,#5527),
 .UNSPECIFIED.,.F.,.F.,(4,4),(0.,0.000886631775673187),.UNSPECIFIED.);
#214=CIRCLE('',#2920,0.0045);
#215=CIRCLE('',#2922,0.003);
#216=CIRCLE('',#2924,0.0045);
#217=CIRCLE('',#2925,0.0045);
#218=CIRCLE('',#2926,0.0045);
#219=CIRCLE('',#2927,0.0045);
#220=CIRCLE('',#2930,0.0045);
#221=CIRCLE('',#2931,0.0015);
#222=CIRCLE('',#2933,0.0045);
#223=CIRCLE('',#2934,0.0045);
#224=CIRCLE('',#2935,0.0045);
#225=CIRCLE('',#2936,0.0045);
#226=CIRCLE('',#2939,0.0015);
#227=CIRCLE('',#2942,0.0045);
#228=CIRCLE('',#2943,0.0115);
#229=CIRCLE('',#2944,0.0045);
#230=CIRCLE('',#2945,0.0045);
#231=CIRCLE('',#2946,0.0115);
#232=CIRCLE('',#2947,0.0045);
#233=CIRCLE('',#2951,0.003);
#234=CIRCLE('',#2957,0.003);
#235=CIRCLE('',#2959,0.003);
#236=CIRCLE('',#2961,0.013);
#237=CIRCLE('',#2962,0.013);
#238=CIRCLE('',#2963,0.013);
#239=CIRCLE('',#2964,0.013);
#240=CIRCLE('',#2965,0.013);
#241=CIRCLE('',#2971,0.016);
#242=CIRCLE('',#2972,0.0045);
#243=CIRCLE('',#2978,0.003);
#244=CIRCLE('',#2979,0.003);
#245=CIRCLE('',#2981,0.003);
#246=CIRCLE('',#2982,0.003);
#247=CIRCLE('',#2984,0.003);
#248=CIRCLE('',#2985,0.003);
#249=CIRCLE('',#2987,0.003);
#250=CIRCLE('',#2988,0.003);
#251=CIRCLE('',#2992,0.003);
#252=CIRCLE('',#2994,0.003);
#253=CIRCLE('',#2997,0.003);
#254=CIRCLE('',#2998,0.0015);
#255=CIRCLE('',#3002,0.0015);
#256=CIRCLE('',#3004,0.0015);
#257=CIRCLE('',#3006,0.0015);
#258=CIRCLE('',#3008,0.0015);
#259=CIRCLE('',#3010,0.0015);
#260=CIRCLE('',#3012,0.0015);
#261=CIRCLE('',#3014,0.0015);
#262=CIRCLE('',#3016,0.0015);
#263=CIRCLE('',#3020,0.0015);
#264=CIRCLE('',#3022,0.0015);
#265=CIRCLE('',#3024,0.0015);
#266=CIRCLE('',#3026,0.0015);
#267=CIRCLE('',#3028,0.0015);
#268=CIRCLE('',#3029,0.0015);
#269=CIRCLE('',#3031,0.0015);
#270=CIRCLE('',#3034,0.0015);
#271=CIRCLE('',#3036,0.0015);
#272=CIRCLE('',#3038,0.0015);
#273=CIRCLE('',#3039,0.0015);
#274=CIRCLE('',#3041,0.0015);
#275=CIRCLE('',#3044,0.0015);
#276=CIRCLE('',#3046,0.0015);
#277=CIRCLE('',#3048,0.0015);
#278=CIRCLE('',#3050,0.0015);
#279=CIRCLE('',#3052,0.0015);
#280=CIRCLE('',#3053,0.0015);
#281=CIRCLE('',#3055,0.0015);
#282=CIRCLE('',#3056,0.0015);
#283=CIRCLE('',#3058,0.0015);
#284=CIRCLE('',#3060,0.0015);
#285=CIRCLE('',#3062,0.0015);
#286=CIRCLE('',#3064,0.0015);
#287=CIRCLE('',#3066,0.0015);
#288=CIRCLE('',#3067,0.0015);
#289=CIRCLE('',#3069,0.0015);
#290=CIRCLE('',#3071,0.0015);
#291=CIRCLE('',#3073,0.0015);
#292=CIRCLE('',#3075,0.0015);
#293=CIRCLE('',#3077,0.0015);
#294=CIRCLE('',#3078,0.0015);
#295=CIRCLE('',#3080,0.0015);
#296=CIRCLE('',#3082,0.0015);
#297=CIRCLE('',#3084,0.0015);
#298=CIRCLE('',#3087,0.0015);
#299=CIRCLE('',#3089,0.0015);
#300=CIRCLE('',#3091,0.0015);
#301=CIRCLE('',#3092,0.0015);
#302=CIRCLE('',#3094,0.0015);
#303=CIRCLE('',#3096,0.0015);
#304=CIRCLE('',#3098,0.0015);
#305=CIRCLE('',#3099,0.0015);
#306=CIRCLE('',#3101,0.0015);
#307=CIRCLE('',#3103,0.0015);
#308=CIRCLE('',#3105,0.0015);
#309=CIRCLE('',#3106,0.0015);
#310=CIRCLE('',#3108,0.0015);
#311=CIRCLE('',#3110,0.0015);
#312=CIRCLE('',#3112,0.0015);
#313=CIRCLE('',#3114,0.0015);
#314=CIRCLE('',#3116,0.0015);
#315=CIRCLE('',#3118,0.0015);
#316=CIRCLE('',#3120,0.0015);
#317=CIRCLE('',#3122,0.0015);
#318=CIRCLE('',#3124,0.0015);
#319=CIRCLE('',#3126,0.0015);
#320=CIRCLE('',#3129,0.0045);
#321=CIRCLE('',#3133,0.0015);
#322=CIRCLE('',#3134,0.0045);
#323=CIRCLE('',#3136,0.0045);
#324=CIRCLE('',#3137,0.0045);
#325=CIRCLE('',#3138,0.0045);
#326=CIRCLE('',#3139,0.0045);
#327=CIRCLE('',#3141,0.0015);
#328=CIRCLE('',#3153,0.016);
#329=CIRCLE('',#3154,0.0045);
#330=CIRCLE('',#3157,0.003);
#331=CIRCLE('',#3158,0.003);
#332=CIRCLE('',#3160,0.003);
#333=CIRCLE('',#3161,0.003);
#334=CIRCLE('',#3163,0.003);
#335=CIRCLE('',#3164,0.003);
#336=CIRCLE('',#3166,0.003);
#337=CIRCLE('',#3167,0.003);
#338=CIRCLE('',#3169,0.003);
#339=CIRCLE('',#3174,0.003);
#340=CIRCLE('',#3176,0.003);
#341=CIRCLE('',#3177,0.0015);
#342=CIRCLE('',#3178,0.0015);
#343=CIRCLE('',#3180,0.0015);
#344=CIRCLE('',#3182,0.0015);
#345=CIRCLE('',#3184,0.0015);
#346=CIRCLE('',#3186,0.0015);
#347=CIRCLE('',#3188,0.0015);
#348=CIRCLE('',#3190,0.0015);
#349=CIRCLE('',#3192,0.0015);
#350=CIRCLE('',#3196,0.0015);
#351=CIRCLE('',#3198,0.0015);
#352=CIRCLE('',#3200,0.0015);
#353=CIRCLE('',#3202,0.0015);
#354=CIRCLE('',#3204,0.0015);
#355=CIRCLE('',#3205,0.0015);
#356=CIRCLE('',#3207,0.0015);
#357=CIRCLE('',#3210,0.0015);
#358=CIRCLE('',#3212,0.0015);
#359=CIRCLE('',#3214,0.0015);
#360=CIRCLE('',#3215,0.0015);
#361=CIRCLE('',#3217,0.0015);
#362=CIRCLE('',#3220,0.0015);
#363=CIRCLE('',#3222,0.0015);
#364=CIRCLE('',#3224,0.0015);
#365=CIRCLE('',#3226,0.0015);
#366=CIRCLE('',#3228,0.0015);
#367=CIRCLE('',#3229,0.0015);
#368=CIRCLE('',#3231,0.0015);
#369=CIRCLE('',#3232,0.0015);
#370=CIRCLE('',#3234,0.0015);
#371=CIRCLE('',#3236,0.0015);
#372=CIRCLE('',#3238,0.0015);
#373=CIRCLE('',#3240,0.0015);
#374=CIRCLE('',#3242,0.0015);
#375=CIRCLE('',#3244,0.0015);
#376=CIRCLE('',#3246,0.0015);
#377=CIRCLE('',#3248,0.0015);
#378=CIRCLE('',#3250,0.0015);
#379=CIRCLE('',#3251,0.0015);
#380=CIRCLE('',#3253,0.0015);
#381=CIRCLE('',#3255,0.0015);
#382=CIRCLE('',#3257,0.0015);
#383=CIRCLE('',#3260,0.0015);
#384=CIRCLE('',#3262,0.0015);
#385=CIRCLE('',#3264,0.0015);
#386=CIRCLE('',#3265,0.0015);
#387=CIRCLE('',#3267,0.0015);
#388=CIRCLE('',#3269,0.0015);
#389=CIRCLE('',#3271,0.0015);
#390=CIRCLE('',#3272,0.0015);
#391=CIRCLE('',#3274,0.0015);
#392=CIRCLE('',#3276,0.0015);
#393=CIRCLE('',#3278,0.0015);
#394=CIRCLE('',#3279,0.0015);
#395=CIRCLE('',#3281,0.0015);
#396=CIRCLE('',#3283,0.0015);
#397=CIRCLE('',#3285,0.0015);
#398=CIRCLE('',#3287,0.0015);
#399=CIRCLE('',#3289,0.0015);
#400=CIRCLE('',#3291,0.0015);
#401=CIRCLE('',#3293,0.0015);
#402=CIRCLE('',#3295,0.0015);
#403=CIRCLE('',#3297,0.0015);
#404=CIRCLE('',#3299,0.0015);
#405=ORIENTED_EDGE('',*,*,#1251,.T.);
#406=ORIENTED_EDGE('',*,*,#1252,.T.);
#407=ORIENTED_EDGE('',*,*,#1253,.T.);
#408=ORIENTED_EDGE('',*,*,#1254,.T.);
#409=ORIENTED_EDGE('',*,*,#1255,.T.);
#410=ORIENTED_EDGE('',*,*,#1256,.F.);
#411=ORIENTED_EDGE('',*,*,#1257,.T.);
#412=ORIENTED_EDGE('',*,*,#1258,.T.);
#413=ORIENTED_EDGE('',*,*,#1259,.T.);
#414=ORIENTED_EDGE('',*,*,#1260,.T.);
#415=ORIENTED_EDGE('',*,*,#1261,.T.);
#416=ORIENTED_EDGE('',*,*,#1262,.T.);
#417=ORIENTED_EDGE('',*,*,#1263,.T.);
#418=ORIENTED_EDGE('',*,*,#1264,.F.);
#419=ORIENTED_EDGE('',*,*,#1265,.F.);
#420=ORIENTED_EDGE('',*,*,#1266,.F.);
#421=ORIENTED_EDGE('',*,*,#1267,.F.);
#422=ORIENTED_EDGE('',*,*,#1268,.F.);
#423=ORIENTED_EDGE('',*,*,#1269,.F.);
#424=ORIENTED_EDGE('',*,*,#1270,.T.);
#425=ORIENTED_EDGE('',*,*,#1271,.T.);
#426=ORIENTED_EDGE('',*,*,#1272,.T.);
#427=ORIENTED_EDGE('',*,*,#1273,.T.);
#428=ORIENTED_EDGE('',*,*,#1274,.T.);
#429=ORIENTED_EDGE('',*,*,#1275,.T.);
#430=ORIENTED_EDGE('',*,*,#1276,.T.);
#431=ORIENTED_EDGE('',*,*,#1277,.T.);
#432=ORIENTED_EDGE('',*,*,#1278,.T.);
#433=ORIENTED_EDGE('',*,*,#1279,.T.);
#434=ORIENTED_EDGE('',*,*,#1280,.T.);
#435=ORIENTED_EDGE('',*,*,#1281,.T.);
#436=ORIENTED_EDGE('',*,*,#1282,.T.);
#437=ORIENTED_EDGE('',*,*,#1283,.F.);
#438=ORIENTED_EDGE('',*,*,#1284,.F.);
#439=ORIENTED_EDGE('',*,*,#1285,.T.);
#440=ORIENTED_EDGE('',*,*,#1286,.T.);
#441=ORIENTED_EDGE('',*,*,#1287,.F.);
#442=ORIENTED_EDGE('',*,*,#1288,.T.);
#443=ORIENTED_EDGE('',*,*,#1289,.T.);
#444=ORIENTED_EDGE('',*,*,#1290,.T.);
#445=ORIENTED_EDGE('',*,*,#1291,.T.);
#446=ORIENTED_EDGE('',*,*,#1292,.T.);
#447=ORIENTED_EDGE('',*,*,#1293,.T.);
#448=ORIENTED_EDGE('',*,*,#1294,.T.);
#449=ORIENTED_EDGE('',*,*,#1295,.T.);
#450=ORIENTED_EDGE('',*,*,#1296,.T.);
#451=ORIENTED_EDGE('',*,*,#1297,.T.);
#452=ORIENTED_EDGE('',*,*,#1298,.T.);
#453=ORIENTED_EDGE('',*,*,#1299,.T.);
#454=ORIENTED_EDGE('',*,*,#1300,.T.);
#455=ORIENTED_EDGE('',*,*,#1301,.T.);
#456=ORIENTED_EDGE('',*,*,#1302,.T.);
#457=ORIENTED_EDGE('',*,*,#1285,.F.);
#458=ORIENTED_EDGE('',*,*,#1303,.F.);
#459=ORIENTED_EDGE('',*,*,#1304,.T.);
#460=ORIENTED_EDGE('',*,*,#1305,.T.);
#461=ORIENTED_EDGE('',*,*,#1306,.T.);
#462=ORIENTED_EDGE('',*,*,#1307,.F.);
#463=ORIENTED_EDGE('',*,*,#1308,.T.);
#464=ORIENTED_EDGE('',*,*,#1288,.F.);
#465=ORIENTED_EDGE('',*,*,#1284,.T.);
#466=ORIENTED_EDGE('',*,*,#1309,.F.);
#467=ORIENTED_EDGE('',*,*,#1303,.T.);
#468=ORIENTED_EDGE('',*,*,#1310,.T.);
#469=ORIENTED_EDGE('',*,*,#1311,.T.);
#470=ORIENTED_EDGE('',*,*,#1312,.T.);
#471=ORIENTED_EDGE('',*,*,#1313,.T.);
#472=ORIENTED_EDGE('',*,*,#1306,.F.);
#473=ORIENTED_EDGE('',*,*,#1314,.F.);
#474=ORIENTED_EDGE('',*,*,#1315,.F.);
#475=ORIENTED_EDGE('',*,*,#1316,.F.);
#476=ORIENTED_EDGE('',*,*,#1317,.F.);
#477=ORIENTED_EDGE('',*,*,#1318,.F.);
#478=ORIENTED_EDGE('',*,*,#1319,.F.);
#479=ORIENTED_EDGE('',*,*,#1320,.F.);
#480=ORIENTED_EDGE('',*,*,#1321,.F.);
#481=ORIENTED_EDGE('',*,*,#1322,.T.);
#482=ORIENTED_EDGE('',*,*,#1323,.T.);
#483=ORIENTED_EDGE('',*,*,#1324,.F.);
#484=ORIENTED_EDGE('',*,*,#1325,.T.);
#485=ORIENTED_EDGE('',*,*,#1326,.T.);
#486=ORIENTED_EDGE('',*,*,#1327,.T.);
#487=ORIENTED_EDGE('',*,*,#1328,.T.);
#488=ORIENTED_EDGE('',*,*,#1329,.T.);
#489=ORIENTED_EDGE('',*,*,#1330,.T.);
#490=ORIENTED_EDGE('',*,*,#1331,.T.);
#491=ORIENTED_EDGE('',*,*,#1307,.T.);
#492=ORIENTED_EDGE('',*,*,#1332,.T.);
#493=ORIENTED_EDGE('',*,*,#1333,.T.);
#494=ORIENTED_EDGE('',*,*,#1334,.T.);
#495=ORIENTED_EDGE('',*,*,#1335,.T.);
#496=ORIENTED_EDGE('',*,*,#1336,.T.);
#497=ORIENTED_EDGE('',*,*,#1337,.T.);
#498=ORIENTED_EDGE('',*,*,#1338,.T.);
#499=ORIENTED_EDGE('',*,*,#1339,.T.);
#500=ORIENTED_EDGE('',*,*,#1340,.F.);
#501=ORIENTED_EDGE('',*,*,#1341,.T.);
#502=ORIENTED_EDGE('',*,*,#1342,.T.);
#503=ORIENTED_EDGE('',*,*,#1343,.T.);
#504=ORIENTED_EDGE('',*,*,#1344,.T.);
#505=ORIENTED_EDGE('',*,*,#1345,.T.);
#506=ORIENTED_EDGE('',*,*,#1346,.T.);
#507=ORIENTED_EDGE('',*,*,#1347,.T.);
#508=ORIENTED_EDGE('',*,*,#1348,.T.);
#509=ORIENTED_EDGE('',*,*,#1349,.T.);
#510=ORIENTED_EDGE('',*,*,#1350,.T.);
#511=ORIENTED_EDGE('',*,*,#1351,.T.);
#512=ORIENTED_EDGE('',*,*,#1352,.F.);
#513=ORIENTED_EDGE('',*,*,#1353,.F.);
#514=ORIENTED_EDGE('',*,*,#1354,.F.);
#515=ORIENTED_EDGE('',*,*,#1355,.F.);
#516=ORIENTED_EDGE('',*,*,#1356,.F.);
#517=ORIENTED_EDGE('',*,*,#1304,.F.);
#518=ORIENTED_EDGE('',*,*,#1309,.T.);
#519=ORIENTED_EDGE('',*,*,#1283,.T.);
#520=ORIENTED_EDGE('',*,*,#1357,.T.);
#521=ORIENTED_EDGE('',*,*,#1358,.T.);
#522=ORIENTED_EDGE('',*,*,#1256,.T.);
#523=ORIENTED_EDGE('',*,*,#1359,.F.);
#524=ORIENTED_EDGE('',*,*,#1340,.T.);
#525=ORIENTED_EDGE('',*,*,#1360,.F.);
#526=ORIENTED_EDGE('',*,*,#1361,.T.);
#527=ORIENTED_EDGE('',*,*,#1362,.T.);
#528=ORIENTED_EDGE('',*,*,#1363,.T.);
#529=ORIENTED_EDGE('',*,*,#1364,.T.);
#530=ORIENTED_EDGE('',*,*,#1365,.F.);
#531=ORIENTED_EDGE('',*,*,#1366,.F.);
#532=ORIENTED_EDGE('',*,*,#1367,.F.);
#533=ORIENTED_EDGE('',*,*,#1368,.F.);
#534=ORIENTED_EDGE('',*,*,#1369,.F.);
#535=ORIENTED_EDGE('',*,*,#1370,.F.);
#536=ORIENTED_EDGE('',*,*,#1371,.T.);
#537=ORIENTED_EDGE('',*,*,#1372,.T.);
#538=ORIENTED_EDGE('',*,*,#1369,.T.);
#539=ORIENTED_EDGE('',*,*,#1373,.T.);
#540=ORIENTED_EDGE('',*,*,#1374,.T.);
#541=ORIENTED_EDGE('',*,*,#1375,.T.);
#542=ORIENTED_EDGE('',*,*,#1376,.T.);
#543=ORIENTED_EDGE('',*,*,#1377,.T.);
#544=ORIENTED_EDGE('',*,*,#1378,.T.);
#545=ORIENTED_EDGE('',*,*,#1379,.T.);
#546=ORIENTED_EDGE('',*,*,#1380,.T.);
#547=ORIENTED_EDGE('',*,*,#1287,.T.);
#548=ORIENTED_EDGE('',*,*,#1381,.T.);
#549=ORIENTED_EDGE('',*,*,#1382,.T.);
#550=ORIENTED_EDGE('',*,*,#1383,.T.);
#551=ORIENTED_EDGE('',*,*,#1384,.T.);
#552=ORIENTED_EDGE('',*,*,#1385,.T.);
#553=ORIENTED_EDGE('',*,*,#1386,.T.);
#554=ORIENTED_EDGE('',*,*,#1387,.T.);
#555=ORIENTED_EDGE('',*,*,#1388,.T.);
#556=ORIENTED_EDGE('',*,*,#1389,.T.);
#557=ORIENTED_EDGE('',*,*,#1390,.T.);
#558=ORIENTED_EDGE('',*,*,#1391,.F.);
#559=ORIENTED_EDGE('',*,*,#1392,.F.);
#560=ORIENTED_EDGE('',*,*,#1393,.F.);
#561=ORIENTED_EDGE('',*,*,#1394,.T.);
#562=ORIENTED_EDGE('',*,*,#1395,.T.);
#563=ORIENTED_EDGE('',*,*,#1396,.T.);
#564=ORIENTED_EDGE('',*,*,#1397,.T.);
#565=ORIENTED_EDGE('',*,*,#1398,.T.);
#566=ORIENTED_EDGE('',*,*,#1399,.T.);
#567=ORIENTED_EDGE('',*,*,#1400,.T.);
#568=ORIENTED_EDGE('',*,*,#1401,.T.);
#569=ORIENTED_EDGE('',*,*,#1324,.T.);
#570=ORIENTED_EDGE('',*,*,#1402,.T.);
#571=ORIENTED_EDGE('',*,*,#1364,.F.);
#572=ORIENTED_EDGE('',*,*,#1403,.T.);
#573=ORIENTED_EDGE('',*,*,#1384,.F.);
#574=ORIENTED_EDGE('',*,*,#1404,.T.);
#575=ORIENTED_EDGE('',*,*,#1405,.T.);
#576=ORIENTED_EDGE('',*,*,#1406,.T.);
#577=ORIENTED_EDGE('',*,*,#1363,.F.);
#578=ORIENTED_EDGE('',*,*,#1407,.T.);
#579=ORIENTED_EDGE('',*,*,#1398,.F.);
#580=ORIENTED_EDGE('',*,*,#1343,.F.);
#581=ORIENTED_EDGE('',*,*,#1408,.T.);
#582=ORIENTED_EDGE('',*,*,#1332,.F.);
#583=ORIENTED_EDGE('',*,*,#1409,.T.);
#584=ORIENTED_EDGE('',*,*,#1410,.T.);
#585=ORIENTED_EDGE('',*,*,#1259,.F.);
#586=ORIENTED_EDGE('',*,*,#1411,.T.);
#587=ORIENTED_EDGE('',*,*,#1346,.F.);
#588=ORIENTED_EDGE('',*,*,#1412,.T.);
#589=ORIENTED_EDGE('',*,*,#1338,.F.);
#590=ORIENTED_EDGE('',*,*,#1413,.T.);
#591=ORIENTED_EDGE('',*,*,#1341,.F.);
#592=ORIENTED_EDGE('',*,*,#1414,.T.);
#593=ORIENTED_EDGE('',*,*,#1415,.T.);
#594=ORIENTED_EDGE('',*,*,#1379,.F.);
#595=ORIENTED_EDGE('',*,*,#1416,.T.);
#596=ORIENTED_EDGE('',*,*,#1262,.F.);
#597=ORIENTED_EDGE('',*,*,#1417,.T.);
#598=ORIENTED_EDGE('',*,*,#1418,.T.);
#599=ORIENTED_EDGE('',*,*,#1375,.F.);
#600=ORIENTED_EDGE('',*,*,#1419,.T.);
#601=ORIENTED_EDGE('',*,*,#1257,.F.);
#602=ORIENTED_EDGE('',*,*,#1420,.T.);
#603=ORIENTED_EDGE('',*,*,#1421,.T.);
#604=ORIENTED_EDGE('',*,*,#1422,.T.);
#605=ORIENTED_EDGE('',*,*,#1423,.F.);
#606=ORIENTED_EDGE('',*,*,#1371,.F.);
#607=ORIENTED_EDGE('',*,*,#1424,.T.);
#608=ORIENTED_EDGE('',*,*,#1425,.F.);
#609=ORIENTED_EDGE('',*,*,#1426,.F.);
#610=ORIENTED_EDGE('',*,*,#1263,.F.);
#611=ORIENTED_EDGE('',*,*,#1253,.F.);
#612=ORIENTED_EDGE('',*,*,#1427,.T.);
#613=ORIENTED_EDGE('',*,*,#1361,.F.);
#614=ORIENTED_EDGE('',*,*,#1372,.F.);
#615=ORIENTED_EDGE('',*,*,#1423,.T.);
#616=ORIENTED_EDGE('',*,*,#1428,.T.);
#617=ORIENTED_EDGE('',*,*,#1429,.T.);
#618=ORIENTED_EDGE('',*,*,#1430,.T.);
#619=ORIENTED_EDGE('',*,*,#1394,.F.);
#620=ORIENTED_EDGE('',*,*,#1404,.F.);
#621=ORIENTED_EDGE('',*,*,#1431,.F.);
#622=ORIENTED_EDGE('',*,*,#1323,.F.);
#623=ORIENTED_EDGE('',*,*,#1432,.T.);
#624=ORIENTED_EDGE('',*,*,#1390,.F.);
#625=ORIENTED_EDGE('',*,*,#1433,.F.);
#626=ORIENTED_EDGE('',*,*,#1403,.F.);
#627=ORIENTED_EDGE('',*,*,#1406,.F.);
#628=ORIENTED_EDGE('',*,*,#1434,.F.);
#629=ORIENTED_EDGE('',*,*,#1431,.T.);
#630=ORIENTED_EDGE('',*,*,#1388,.F.);
#631=ORIENTED_EDGE('',*,*,#1435,.F.);
#632=ORIENTED_EDGE('',*,*,#1395,.F.);
#633=ORIENTED_EDGE('',*,*,#1433,.T.);
#634=ORIENTED_EDGE('',*,*,#1389,.F.);
#635=ORIENTED_EDGE('',*,*,#1436,.F.);
#636=ORIENTED_EDGE('',*,*,#1402,.F.);
#637=ORIENTED_EDGE('',*,*,#1434,.T.);
#638=ORIENTED_EDGE('',*,*,#1405,.F.);
#639=ORIENTED_EDGE('',*,*,#1437,.F.);
#640=ORIENTED_EDGE('',*,*,#1385,.F.);
#641=ORIENTED_EDGE('',*,*,#1436,.T.);
#642=ORIENTED_EDGE('',*,*,#1435,.T.);
#643=ORIENTED_EDGE('',*,*,#1438,.F.);
#644=ORIENTED_EDGE('',*,*,#1437,.T.);
#645=ORIENTED_EDGE('',*,*,#1397,.F.);
#646=ORIENTED_EDGE('',*,*,#1439,.F.);
#647=ORIENTED_EDGE('',*,*,#1386,.F.);
#648=ORIENTED_EDGE('',*,*,#1438,.T.);
#649=ORIENTED_EDGE('',*,*,#1387,.F.);
#650=ORIENTED_EDGE('',*,*,#1440,.F.);
#651=ORIENTED_EDGE('',*,*,#1400,.F.);
#652=ORIENTED_EDGE('',*,*,#1440,.T.);
#653=ORIENTED_EDGE('',*,*,#1439,.T.);
#654=ORIENTED_EDGE('',*,*,#1441,.F.);
#655=ORIENTED_EDGE('',*,*,#1441,.T.);
#656=ORIENTED_EDGE('',*,*,#1396,.F.);
#657=ORIENTED_EDGE('',*,*,#1442,.F.);
#658=ORIENTED_EDGE('',*,*,#1401,.F.);
#659=ORIENTED_EDGE('',*,*,#1442,.T.);
#660=ORIENTED_EDGE('',*,*,#1399,.F.);
#661=ORIENTED_EDGE('',*,*,#1443,.F.);
#662=ORIENTED_EDGE('',*,*,#1325,.F.);
#663=ORIENTED_EDGE('',*,*,#1443,.T.);
#664=ORIENTED_EDGE('',*,*,#1407,.F.);
#665=ORIENTED_EDGE('',*,*,#1444,.F.);
#666=ORIENTED_EDGE('',*,*,#1326,.F.);
#667=ORIENTED_EDGE('',*,*,#1444,.T.);
#668=ORIENTED_EDGE('',*,*,#1362,.F.);
#669=ORIENTED_EDGE('',*,*,#1445,.F.);
#670=ORIENTED_EDGE('',*,*,#1327,.F.);
#671=ORIENTED_EDGE('',*,*,#1445,.T.);
#672=ORIENTED_EDGE('',*,*,#1427,.F.);
#673=ORIENTED_EDGE('',*,*,#1446,.F.);
#674=ORIENTED_EDGE('',*,*,#1328,.F.);
#675=ORIENTED_EDGE('',*,*,#1446,.T.);
#676=ORIENTED_EDGE('',*,*,#1252,.F.);
#677=ORIENTED_EDGE('',*,*,#1447,.F.);
#678=ORIENTED_EDGE('',*,*,#1329,.F.);
#679=ORIENTED_EDGE('',*,*,#1420,.F.);
#680=ORIENTED_EDGE('',*,*,#1416,.F.);
#681=ORIENTED_EDGE('',*,*,#1448,.F.);
#682=ORIENTED_EDGE('',*,*,#1449,.F.);
#683=ORIENTED_EDGE('',*,*,#1377,.F.);
#684=ORIENTED_EDGE('',*,*,#1450,.F.);
#685=ORIENTED_EDGE('',*,*,#1383,.F.);
#686=ORIENTED_EDGE('',*,*,#1448,.T.);
#687=ORIENTED_EDGE('',*,*,#1378,.F.);
#688=ORIENTED_EDGE('',*,*,#1451,.F.);
#689=ORIENTED_EDGE('',*,*,#1376,.F.);
#690=ORIENTED_EDGE('',*,*,#1450,.T.);
#691=ORIENTED_EDGE('',*,*,#1380,.F.);
#692=ORIENTED_EDGE('',*,*,#1452,.F.);
#693=ORIENTED_EDGE('',*,*,#1281,.F.);
#694=ORIENTED_EDGE('',*,*,#1453,.F.);
#695=ORIENTED_EDGE('',*,*,#1447,.T.);
#696=ORIENTED_EDGE('',*,*,#1454,.F.);
#697=ORIENTED_EDGE('',*,*,#1451,.T.);
#698=ORIENTED_EDGE('',*,*,#1449,.T.);
#699=ORIENTED_EDGE('',*,*,#1455,.F.);
#700=ORIENTED_EDGE('',*,*,#1452,.T.);
#701=ORIENTED_EDGE('',*,*,#1418,.F.);
#702=ORIENTED_EDGE('',*,*,#1456,.F.);
#703=ORIENTED_EDGE('',*,*,#1357,.F.);
#704=ORIENTED_EDGE('',*,*,#1282,.F.);
#705=ORIENTED_EDGE('',*,*,#1454,.T.);
#706=ORIENTED_EDGE('',*,*,#1251,.F.);
#707=ORIENTED_EDGE('',*,*,#1457,.F.);
#708=ORIENTED_EDGE('',*,*,#1310,.F.);
#709=ORIENTED_EDGE('',*,*,#1453,.T.);
#710=ORIENTED_EDGE('',*,*,#1313,.F.);
#711=ORIENTED_EDGE('',*,*,#1458,.F.);
#712=ORIENTED_EDGE('',*,*,#1330,.F.);
#713=ORIENTED_EDGE('',*,*,#1308,.F.);
#714=ORIENTED_EDGE('',*,*,#1331,.F.);
#715=ORIENTED_EDGE('',*,*,#1459,.F.);
#716=ORIENTED_EDGE('',*,*,#1289,.F.);
#717=ORIENTED_EDGE('',*,*,#1286,.F.);
#718=ORIENTED_EDGE('',*,*,#1302,.F.);
#719=ORIENTED_EDGE('',*,*,#1460,.F.);
#720=ORIENTED_EDGE('',*,*,#1381,.F.);
#721=ORIENTED_EDGE('',*,*,#1455,.T.);
#722=ORIENTED_EDGE('',*,*,#1382,.F.);
#723=ORIENTED_EDGE('',*,*,#1461,.F.);
#724=ORIENTED_EDGE('',*,*,#1373,.F.);
#725=ORIENTED_EDGE('',*,*,#1456,.T.);
#726=ORIENTED_EDGE('',*,*,#1417,.F.);
#727=ORIENTED_EDGE('',*,*,#1462,.F.);
#728=ORIENTED_EDGE('',*,*,#1358,.F.);
#729=ORIENTED_EDGE('',*,*,#1463,.F.);
#730=ORIENTED_EDGE('',*,*,#1255,.F.);
#731=ORIENTED_EDGE('',*,*,#1464,.F.);
#732=ORIENTED_EDGE('',*,*,#1335,.F.);
#733=ORIENTED_EDGE('',*,*,#1457,.T.);
#734=ORIENTED_EDGE('',*,*,#1463,.T.);
#735=ORIENTED_EDGE('',*,*,#1465,.F.);
#736=ORIENTED_EDGE('',*,*,#1459,.T.);
#737=ORIENTED_EDGE('',*,*,#1458,.T.);
#738=ORIENTED_EDGE('',*,*,#1466,.F.);
#739=ORIENTED_EDGE('',*,*,#1461,.T.);
#740=ORIENTED_EDGE('',*,*,#1460,.T.);
#741=ORIENTED_EDGE('',*,*,#1467,.F.);
#742=ORIENTED_EDGE('',*,*,#1462,.T.);
#743=ORIENTED_EDGE('',*,*,#1261,.F.);
#744=ORIENTED_EDGE('',*,*,#1468,.F.);
#745=ORIENTED_EDGE('',*,*,#1350,.F.);
#746=ORIENTED_EDGE('',*,*,#1270,.F.);
#747=ORIENTED_EDGE('',*,*,#1469,.T.);
#748=ORIENTED_EDGE('',*,*,#1351,.F.);
#749=ORIENTED_EDGE('',*,*,#1470,.F.);
#750=ORIENTED_EDGE('',*,*,#1464,.T.);
#751=ORIENTED_EDGE('',*,*,#1254,.F.);
#752=ORIENTED_EDGE('',*,*,#1471,.F.);
#753=ORIENTED_EDGE('',*,*,#1409,.F.);
#754=ORIENTED_EDGE('',*,*,#1465,.T.);
#755=ORIENTED_EDGE('',*,*,#1334,.F.);
#756=ORIENTED_EDGE('',*,*,#1472,.F.);
#757=ORIENTED_EDGE('',*,*,#1311,.F.);
#758=ORIENTED_EDGE('',*,*,#1466,.T.);
#759=ORIENTED_EDGE('',*,*,#1312,.F.);
#760=ORIENTED_EDGE('',*,*,#1473,.F.);
#761=ORIENTED_EDGE('',*,*,#1290,.F.);
#762=ORIENTED_EDGE('',*,*,#1467,.T.);
#763=ORIENTED_EDGE('',*,*,#1301,.F.);
#764=ORIENTED_EDGE('',*,*,#1474,.F.);
#765=ORIENTED_EDGE('',*,*,#1374,.F.);
#766=ORIENTED_EDGE('',*,*,#1470,.T.);
#767=ORIENTED_EDGE('',*,*,#1468,.T.);
#768=ORIENTED_EDGE('',*,*,#1475,.F.);
#769=ORIENTED_EDGE('',*,*,#1471,.T.);
#770=ORIENTED_EDGE('',*,*,#1430,.F.);
#771=ORIENTED_EDGE('',*,*,#1476,.F.);
#772=ORIENTED_EDGE('',*,*,#1410,.F.);
#773=ORIENTED_EDGE('',*,*,#1473,.T.);
#774=ORIENTED_EDGE('',*,*,#1472,.T.);
#775=ORIENTED_EDGE('',*,*,#1477,.F.);
#776=ORIENTED_EDGE('',*,*,#1474,.T.);
#777=ORIENTED_EDGE('',*,*,#1300,.F.);
#778=ORIENTED_EDGE('',*,*,#1478,.F.);
#779=ORIENTED_EDGE('',*,*,#1419,.F.);
#780=ORIENTED_EDGE('',*,*,#1475,.T.);
#781=ORIENTED_EDGE('',*,*,#1260,.F.);
#782=ORIENTED_EDGE('',*,*,#1479,.F.);
#783=ORIENTED_EDGE('',*,*,#1271,.F.);
#784=ORIENTED_EDGE('',*,*,#1476,.T.);
#785=ORIENTED_EDGE('',*,*,#1429,.F.);
#786=ORIENTED_EDGE('',*,*,#1480,.F.);
#787=ORIENTED_EDGE('',*,*,#1344,.F.);
#788=ORIENTED_EDGE('',*,*,#1477,.T.);
#789=ORIENTED_EDGE('',*,*,#1333,.F.);
#790=ORIENTED_EDGE('',*,*,#1481,.F.);
#791=ORIENTED_EDGE('',*,*,#1291,.F.);
#792=ORIENTED_EDGE('',*,*,#1478,.T.);
#793=ORIENTED_EDGE('',*,*,#1299,.F.);
#794=ORIENTED_EDGE('',*,*,#1482,.F.);
#795=ORIENTED_EDGE('',*,*,#1258,.F.);
#796=ORIENTED_EDGE('',*,*,#1479,.T.);
#797=ORIENTED_EDGE('',*,*,#1412,.F.);
#798=ORIENTED_EDGE('',*,*,#1483,.F.);
#799=ORIENTED_EDGE('',*,*,#1272,.F.);
#800=ORIENTED_EDGE('',*,*,#1428,.F.);
#801=ORIENTED_EDGE('',*,*,#1422,.F.);
#802=ORIENTED_EDGE('',*,*,#1484,.F.);
#803=ORIENTED_EDGE('',*,*,#1345,.F.);
#804=ORIENTED_EDGE('',*,*,#1480,.T.);
#805=ORIENTED_EDGE('',*,*,#1481,.T.);
#806=ORIENTED_EDGE('',*,*,#1408,.F.);
#807=ORIENTED_EDGE('',*,*,#1485,.F.);
#808=ORIENTED_EDGE('',*,*,#1292,.F.);
#809=ORIENTED_EDGE('',*,*,#1482,.T.);
#810=ORIENTED_EDGE('',*,*,#1298,.F.);
#811=ORIENTED_EDGE('',*,*,#1486,.F.);
#812=ORIENTED_EDGE('',*,*,#1411,.F.);
#813=ORIENTED_EDGE('',*,*,#1483,.T.);
#814=ORIENTED_EDGE('',*,*,#1349,.F.);
#815=ORIENTED_EDGE('',*,*,#1487,.F.);
#816=ORIENTED_EDGE('',*,*,#1273,.F.);
#817=ORIENTED_EDGE('',*,*,#1484,.T.);
#818=ORIENTED_EDGE('',*,*,#1421,.F.);
#819=ORIENTED_EDGE('',*,*,#1488,.F.);
#820=ORIENTED_EDGE('',*,*,#1414,.F.);
#821=ORIENTED_EDGE('',*,*,#1485,.T.);
#822=ORIENTED_EDGE('',*,*,#1342,.F.);
#823=ORIENTED_EDGE('',*,*,#1489,.F.);
#824=ORIENTED_EDGE('',*,*,#1293,.F.);
#825=ORIENTED_EDGE('',*,*,#1486,.T.);
#826=ORIENTED_EDGE('',*,*,#1297,.F.);
#827=ORIENTED_EDGE('',*,*,#1490,.F.);
#828=ORIENTED_EDGE('',*,*,#1347,.F.);
#829=ORIENTED_EDGE('',*,*,#1491,.F.);
#830=ORIENTED_EDGE('',*,*,#1348,.F.);
#831=ORIENTED_EDGE('',*,*,#1492,.F.);
#832=ORIENTED_EDGE('',*,*,#1277,.F.);
#833=ORIENTED_EDGE('',*,*,#1487,.T.);
#834=ORIENTED_EDGE('',*,*,#1491,.T.);
#835=ORIENTED_EDGE('',*,*,#1493,.F.);
#836=ORIENTED_EDGE('',*,*,#1488,.T.);
#837=ORIENTED_EDGE('',*,*,#1276,.F.);
#838=ORIENTED_EDGE('',*,*,#1494,.F.);
#839=ORIENTED_EDGE('',*,*,#1415,.F.);
#840=ORIENTED_EDGE('',*,*,#1489,.T.);
#841=ORIENTED_EDGE('',*,*,#1413,.F.);
#842=ORIENTED_EDGE('',*,*,#1495,.F.);
#843=ORIENTED_EDGE('',*,*,#1294,.F.);
#844=ORIENTED_EDGE('',*,*,#1492,.T.);
#845=ORIENTED_EDGE('',*,*,#1490,.T.);
#846=ORIENTED_EDGE('',*,*,#1496,.F.);
#847=ORIENTED_EDGE('',*,*,#1493,.T.);
#848=ORIENTED_EDGE('',*,*,#1280,.F.);
#849=ORIENTED_EDGE('',*,*,#1497,.F.);
#850=ORIENTED_EDGE('',*,*,#1274,.F.);
#851=ORIENTED_EDGE('',*,*,#1494,.T.);
#852=ORIENTED_EDGE('',*,*,#1275,.F.);
#853=ORIENTED_EDGE('',*,*,#1498,.F.);
#854=ORIENTED_EDGE('',*,*,#1339,.F.);
#855=ORIENTED_EDGE('',*,*,#1495,.T.);
#856=ORIENTED_EDGE('',*,*,#1337,.F.);
#857=ORIENTED_EDGE('',*,*,#1499,.F.);
#858=ORIENTED_EDGE('',*,*,#1295,.F.);
#859=ORIENTED_EDGE('',*,*,#1496,.T.);
#860=ORIENTED_EDGE('',*,*,#1296,.F.);
#861=ORIENTED_EDGE('',*,*,#1500,.F.);
#862=ORIENTED_EDGE('',*,*,#1278,.F.);
#863=ORIENTED_EDGE('',*,*,#1498,.T.);
#864=ORIENTED_EDGE('',*,*,#1497,.T.);
#865=ORIENTED_EDGE('',*,*,#1501,.F.);
#866=ORIENTED_EDGE('',*,*,#1500,.T.);
#867=ORIENTED_EDGE('',*,*,#1499,.T.);
#868=ORIENTED_EDGE('',*,*,#1502,.F.);
#869=ORIENTED_EDGE('',*,*,#1501,.T.);
#870=ORIENTED_EDGE('',*,*,#1279,.F.);
#871=ORIENTED_EDGE('',*,*,#1502,.T.);
#872=ORIENTED_EDGE('',*,*,#1336,.F.);
#873=ORIENTED_EDGE('',*,*,#1503,.F.);
#874=ORIENTED_EDGE('',*,*,#1504,.F.);
#875=ORIENTED_EDGE('',*,*,#1505,.F.);
#876=ORIENTED_EDGE('',*,*,#1506,.F.);
#877=ORIENTED_EDGE('',*,*,#1507,.F.);
#878=ORIENTED_EDGE('',*,*,#1359,.T.);
#879=ORIENTED_EDGE('',*,*,#1508,.F.);
#880=ORIENTED_EDGE('',*,*,#1509,.F.);
#881=ORIENTED_EDGE('',*,*,#1510,.F.);
#882=ORIENTED_EDGE('',*,*,#1511,.F.);
#883=ORIENTED_EDGE('',*,*,#1512,.F.);
#884=ORIENTED_EDGE('',*,*,#1513,.F.);
#885=ORIENTED_EDGE('',*,*,#1514,.F.);
#886=ORIENTED_EDGE('',*,*,#1515,.F.);
#887=ORIENTED_EDGE('',*,*,#1516,.F.);
#888=ORIENTED_EDGE('',*,*,#1517,.F.);
#889=ORIENTED_EDGE('',*,*,#1518,.F.);
#890=ORIENTED_EDGE('',*,*,#1519,.T.);
#891=ORIENTED_EDGE('',*,*,#1520,.F.);
#892=ORIENTED_EDGE('',*,*,#1521,.F.);
#893=ORIENTED_EDGE('',*,*,#1522,.T.);
#894=ORIENTED_EDGE('',*,*,#1355,.T.);
#895=ORIENTED_EDGE('',*,*,#1523,.F.);
#896=ORIENTED_EDGE('',*,*,#1524,.F.);
#897=ORIENTED_EDGE('',*,*,#1521,.T.);
#898=ORIENTED_EDGE('',*,*,#1525,.F.);
#899=ORIENTED_EDGE('',*,*,#1526,.F.);
#900=ORIENTED_EDGE('',*,*,#1527,.F.);
#901=ORIENTED_EDGE('',*,*,#1528,.F.);
#902=ORIENTED_EDGE('',*,*,#1529,.F.);
#903=ORIENTED_EDGE('',*,*,#1530,.F.);
#904=ORIENTED_EDGE('',*,*,#1531,.F.);
#905=ORIENTED_EDGE('',*,*,#1532,.F.);
#906=ORIENTED_EDGE('',*,*,#1533,.F.);
#907=ORIENTED_EDGE('',*,*,#1534,.F.);
#908=ORIENTED_EDGE('',*,*,#1535,.F.);
#909=ORIENTED_EDGE('',*,*,#1536,.F.);
#910=ORIENTED_EDGE('',*,*,#1537,.F.);
#911=ORIENTED_EDGE('',*,*,#1538,.F.);
#912=ORIENTED_EDGE('',*,*,#1314,.T.);
#913=ORIENTED_EDGE('',*,*,#1305,.F.);
#914=ORIENTED_EDGE('',*,*,#1356,.T.);
#915=ORIENTED_EDGE('',*,*,#1522,.F.);
#916=ORIENTED_EDGE('',*,*,#1524,.T.);
#917=ORIENTED_EDGE('',*,*,#1539,.F.);
#918=ORIENTED_EDGE('',*,*,#1540,.F.);
#919=ORIENTED_EDGE('',*,*,#1541,.F.);
#920=ORIENTED_EDGE('',*,*,#1542,.F.);
#921=ORIENTED_EDGE('',*,*,#1543,.F.);
#922=ORIENTED_EDGE('',*,*,#1544,.F.);
#923=ORIENTED_EDGE('',*,*,#1545,.F.);
#924=ORIENTED_EDGE('',*,*,#1546,.F.);
#925=ORIENTED_EDGE('',*,*,#1547,.F.);
#926=ORIENTED_EDGE('',*,*,#1548,.F.);
#927=ORIENTED_EDGE('',*,*,#1549,.F.);
#928=ORIENTED_EDGE('',*,*,#1550,.F.);
#929=ORIENTED_EDGE('',*,*,#1551,.F.);
#930=ORIENTED_EDGE('',*,*,#1360,.T.);
#931=ORIENTED_EDGE('',*,*,#1552,.F.);
#932=ORIENTED_EDGE('',*,*,#1553,.F.);
#933=ORIENTED_EDGE('',*,*,#1554,.F.);
#934=ORIENTED_EDGE('',*,*,#1555,.F.);
#935=ORIENTED_EDGE('',*,*,#1556,.F.);
#936=ORIENTED_EDGE('',*,*,#1557,.F.);
#937=ORIENTED_EDGE('',*,*,#1558,.F.);
#938=ORIENTED_EDGE('',*,*,#1559,.F.);
#939=ORIENTED_EDGE('',*,*,#1560,.F.);
#940=ORIENTED_EDGE('',*,*,#1519,.F.);
#941=ORIENTED_EDGE('',*,*,#1561,.F.);
#942=ORIENTED_EDGE('',*,*,#1562,.F.);
#943=ORIENTED_EDGE('',*,*,#1563,.F.);
#944=ORIENTED_EDGE('',*,*,#1564,.F.);
#945=ORIENTED_EDGE('',*,*,#1565,.F.);
#946=ORIENTED_EDGE('',*,*,#1566,.F.);
#947=ORIENTED_EDGE('',*,*,#1567,.F.);
#948=ORIENTED_EDGE('',*,*,#1568,.F.);
#949=ORIENTED_EDGE('',*,*,#1569,.F.);
#950=ORIENTED_EDGE('',*,*,#1570,.F.);
#951=ORIENTED_EDGE('',*,*,#1571,.F.);
#952=ORIENTED_EDGE('',*,*,#1572,.F.);
#953=ORIENTED_EDGE('',*,*,#1573,.F.);
#954=ORIENTED_EDGE('',*,*,#1322,.F.);
#955=ORIENTED_EDGE('',*,*,#1574,.F.);
#956=ORIENTED_EDGE('',*,*,#1575,.F.);
#957=ORIENTED_EDGE('',*,*,#1576,.F.);
#958=ORIENTED_EDGE('',*,*,#1577,.F.);
#959=ORIENTED_EDGE('',*,*,#1578,.F.);
#960=ORIENTED_EDGE('',*,*,#1579,.F.);
#961=ORIENTED_EDGE('',*,*,#1580,.F.);
#962=ORIENTED_EDGE('',*,*,#1581,.F.);
#963=ORIENTED_EDGE('',*,*,#1582,.F.);
#964=ORIENTED_EDGE('',*,*,#1583,.F.);
#965=ORIENTED_EDGE('',*,*,#1365,.T.);
#966=ORIENTED_EDGE('',*,*,#1584,.F.);
#967=ORIENTED_EDGE('',*,*,#1579,.T.);
#968=ORIENTED_EDGE('',*,*,#1585,.F.);
#969=ORIENTED_EDGE('',*,*,#1586,.F.);
#970=ORIENTED_EDGE('',*,*,#1577,.T.);
#971=ORIENTED_EDGE('',*,*,#1587,.F.);
#972=ORIENTED_EDGE('',*,*,#1366,.T.);
#973=ORIENTED_EDGE('',*,*,#1588,.F.);
#974=ORIENTED_EDGE('',*,*,#1555,.T.);
#975=ORIENTED_EDGE('',*,*,#1589,.F.);
#976=ORIENTED_EDGE('',*,*,#1590,.F.);
#977=ORIENTED_EDGE('',*,*,#1544,.T.);
#978=ORIENTED_EDGE('',*,*,#1591,.F.);
#979=ORIENTED_EDGE('',*,*,#1512,.T.);
#980=ORIENTED_EDGE('',*,*,#1592,.F.);
#981=ORIENTED_EDGE('',*,*,#1557,.T.);
#982=ORIENTED_EDGE('',*,*,#1593,.F.);
#983=ORIENTED_EDGE('',*,*,#1550,.T.);
#984=ORIENTED_EDGE('',*,*,#1594,.F.);
#985=ORIENTED_EDGE('',*,*,#1595,.F.);
#986=ORIENTED_EDGE('',*,*,#1552,.T.);
#987=ORIENTED_EDGE('',*,*,#1596,.F.);
#988=ORIENTED_EDGE('',*,*,#1566,.T.);
#989=ORIENTED_EDGE('',*,*,#1597,.F.);
#990=ORIENTED_EDGE('',*,*,#1598,.F.);
#991=ORIENTED_EDGE('',*,*,#1509,.T.);
#992=ORIENTED_EDGE('',*,*,#1599,.F.);
#993=ORIENTED_EDGE('',*,*,#1570,.T.);
#994=ORIENTED_EDGE('',*,*,#1600,.F.);
#995=ORIENTED_EDGE('',*,*,#1508,.T.);
#996=ORIENTED_EDGE('',*,*,#1601,.F.);
#997=ORIENTED_EDGE('',*,*,#1506,.T.);
#998=ORIENTED_EDGE('',*,*,#1602,.F.);
#999=ORIENTED_EDGE('',*,*,#1603,.F.);
#1000=ORIENTED_EDGE('',*,*,#1604,.F.);
#1001=ORIENTED_EDGE('',*,*,#1424,.F.);
#1002=ORIENTED_EDGE('',*,*,#1370,.T.);
#1003=ORIENTED_EDGE('',*,*,#1368,.T.);
#1004=ORIENTED_EDGE('',*,*,#1605,.F.);
#1005=ORIENTED_EDGE('',*,*,#1393,.T.);
#1006=ORIENTED_EDGE('',*,*,#1606,.T.);
#1007=ORIENTED_EDGE('',*,*,#1584,.T.);
#1008=ORIENTED_EDGE('',*,*,#1585,.T.);
#1009=ORIENTED_EDGE('',*,*,#1607,.T.);
#1010=ORIENTED_EDGE('',*,*,#1588,.T.);
#1011=ORIENTED_EDGE('',*,*,#1606,.F.);
#1012=ORIENTED_EDGE('',*,*,#1392,.T.);
#1013=ORIENTED_EDGE('',*,*,#1608,.T.);
#1014=ORIENTED_EDGE('',*,*,#1580,.T.);
#1015=ORIENTED_EDGE('',*,*,#1432,.F.);
#1016=ORIENTED_EDGE('',*,*,#1573,.T.);
#1017=ORIENTED_EDGE('',*,*,#1609,.T.);
#1018=ORIENTED_EDGE('',*,*,#1391,.T.);
#1019=ORIENTED_EDGE('',*,*,#1607,.F.);
#1020=ORIENTED_EDGE('',*,*,#1583,.T.);
#1021=ORIENTED_EDGE('',*,*,#1610,.T.);
#1022=ORIENTED_EDGE('',*,*,#1586,.T.);
#1023=ORIENTED_EDGE('',*,*,#1609,.F.);
#1024=ORIENTED_EDGE('',*,*,#1611,.T.);
#1025=ORIENTED_EDGE('',*,*,#1608,.F.);
#1026=ORIENTED_EDGE('',*,*,#1610,.F.);
#1027=ORIENTED_EDGE('',*,*,#1582,.T.);
#1028=ORIENTED_EDGE('',*,*,#1612,.T.);
#1029=ORIENTED_EDGE('',*,*,#1578,.T.);
#1030=ORIENTED_EDGE('',*,*,#1611,.F.);
#1031=ORIENTED_EDGE('',*,*,#1572,.T.);
#1032=ORIENTED_EDGE('',*,*,#1613,.T.);
#1033=ORIENTED_EDGE('',*,*,#1581,.T.);
#1034=ORIENTED_EDGE('',*,*,#1613,.F.);
#1035=ORIENTED_EDGE('',*,*,#1614,.T.);
#1036=ORIENTED_EDGE('',*,*,#1612,.F.);
#1037=ORIENTED_EDGE('',*,*,#1614,.F.);
#1038=ORIENTED_EDGE('',*,*,#1574,.T.);
#1039=ORIENTED_EDGE('',*,*,#1615,.T.);
#1040=ORIENTED_EDGE('',*,*,#1575,.T.);
#1041=ORIENTED_EDGE('',*,*,#1615,.F.);
#1042=ORIENTED_EDGE('',*,*,#1321,.T.);
#1043=ORIENTED_EDGE('',*,*,#1616,.T.);
#1044=ORIENTED_EDGE('',*,*,#1576,.T.);
#1045=ORIENTED_EDGE('',*,*,#1616,.F.);
#1046=ORIENTED_EDGE('',*,*,#1320,.T.);
#1047=ORIENTED_EDGE('',*,*,#1617,.T.);
#1048=ORIENTED_EDGE('',*,*,#1587,.T.);
#1049=ORIENTED_EDGE('',*,*,#1617,.F.);
#1050=ORIENTED_EDGE('',*,*,#1319,.T.);
#1051=ORIENTED_EDGE('',*,*,#1618,.T.);
#1052=ORIENTED_EDGE('',*,*,#1367,.T.);
#1053=ORIENTED_EDGE('',*,*,#1618,.F.);
#1054=ORIENTED_EDGE('',*,*,#1318,.T.);
#1055=ORIENTED_EDGE('',*,*,#1619,.T.);
#1056=ORIENTED_EDGE('',*,*,#1605,.T.);
#1057=ORIENTED_EDGE('',*,*,#1619,.F.);
#1058=ORIENTED_EDGE('',*,*,#1317,.T.);
#1059=ORIENTED_EDGE('',*,*,#1620,.T.);
#1060=ORIENTED_EDGE('',*,*,#1507,.T.);
#1061=ORIENTED_EDGE('',*,*,#1600,.T.);
#1062=ORIENTED_EDGE('',*,*,#1621,.T.);
#1063=ORIENTED_EDGE('',*,*,#1599,.T.);
#1064=ORIENTED_EDGE('',*,*,#1622,.T.);
#1065=ORIENTED_EDGE('',*,*,#1561,.T.);
#1066=ORIENTED_EDGE('',*,*,#1623,.T.);
#1067=ORIENTED_EDGE('',*,*,#1564,.T.);
#1068=ORIENTED_EDGE('',*,*,#1621,.F.);
#1069=ORIENTED_EDGE('',*,*,#1569,.T.);
#1070=ORIENTED_EDGE('',*,*,#1624,.T.);
#1071=ORIENTED_EDGE('',*,*,#1567,.T.);
#1072=ORIENTED_EDGE('',*,*,#1623,.F.);
#1073=ORIENTED_EDGE('',*,*,#1518,.T.);
#1074=ORIENTED_EDGE('',*,*,#1625,.T.);
#1075=ORIENTED_EDGE('',*,*,#1565,.T.);
#1076=ORIENTED_EDGE('',*,*,#1626,.T.);
#1077=ORIENTED_EDGE('',*,*,#1627,.T.);
#1078=ORIENTED_EDGE('',*,*,#1620,.F.);
#1079=ORIENTED_EDGE('',*,*,#1624,.F.);
#1080=ORIENTED_EDGE('',*,*,#1628,.T.);
#1081=ORIENTED_EDGE('',*,*,#1622,.F.);
#1082=ORIENTED_EDGE('',*,*,#1625,.F.);
#1083=ORIENTED_EDGE('',*,*,#1523,.T.);
#1084=ORIENTED_EDGE('',*,*,#1354,.T.);
#1085=ORIENTED_EDGE('',*,*,#1629,.T.);
#1086=ORIENTED_EDGE('',*,*,#1597,.T.);
#1087=ORIENTED_EDGE('',*,*,#1627,.F.);
#1088=ORIENTED_EDGE('',*,*,#1540,.T.);
#1089=ORIENTED_EDGE('',*,*,#1630,.T.);
#1090=ORIENTED_EDGE('',*,*,#1503,.T.);
#1091=ORIENTED_EDGE('',*,*,#1626,.F.);
#1092=ORIENTED_EDGE('',*,*,#1316,.T.);
#1093=ORIENTED_EDGE('',*,*,#1631,.T.);
#1094=ORIENTED_EDGE('',*,*,#1541,.T.);
#1095=ORIENTED_EDGE('',*,*,#1539,.T.);
#1096=ORIENTED_EDGE('',*,*,#1538,.T.);
#1097=ORIENTED_EDGE('',*,*,#1632,.T.);
#1098=ORIENTED_EDGE('',*,*,#1315,.T.);
#1099=ORIENTED_EDGE('',*,*,#1520,.T.);
#1100=ORIENTED_EDGE('',*,*,#1563,.T.);
#1101=ORIENTED_EDGE('',*,*,#1633,.T.);
#1102=ORIENTED_EDGE('',*,*,#1525,.T.);
#1103=ORIENTED_EDGE('',*,*,#1628,.F.);
#1104=ORIENTED_EDGE('',*,*,#1568,.T.);
#1105=ORIENTED_EDGE('',*,*,#1634,.T.);
#1106=ORIENTED_EDGE('',*,*,#1562,.T.);
#1107=ORIENTED_EDGE('',*,*,#1629,.F.);
#1108=ORIENTED_EDGE('',*,*,#1353,.T.);
#1109=ORIENTED_EDGE('',*,*,#1635,.T.);
#1110=ORIENTED_EDGE('',*,*,#1598,.T.);
#1111=ORIENTED_EDGE('',*,*,#1636,.T.);
#1112=ORIENTED_EDGE('',*,*,#1545,.T.);
#1113=ORIENTED_EDGE('',*,*,#1637,.T.);
#1114=ORIENTED_EDGE('',*,*,#1504,.T.);
#1115=ORIENTED_EDGE('',*,*,#1630,.F.);
#1116=ORIENTED_EDGE('',*,*,#1638,.T.);
#1117=ORIENTED_EDGE('',*,*,#1636,.F.);
#1118=ORIENTED_EDGE('',*,*,#1632,.F.);
#1119=ORIENTED_EDGE('',*,*,#1639,.T.);
#1120=ORIENTED_EDGE('',*,*,#1631,.F.);
#1121=ORIENTED_EDGE('',*,*,#1634,.F.);
#1122=ORIENTED_EDGE('',*,*,#1640,.T.);
#1123=ORIENTED_EDGE('',*,*,#1633,.F.);
#1124=ORIENTED_EDGE('',*,*,#1635,.F.);
#1125=ORIENTED_EDGE('',*,*,#1352,.T.);
#1126=ORIENTED_EDGE('',*,*,#1641,.T.);
#1127=ORIENTED_EDGE('',*,*,#1510,.T.);
#1128=ORIENTED_EDGE('',*,*,#1637,.F.);
#1129=ORIENTED_EDGE('',*,*,#1590,.T.);
#1130=ORIENTED_EDGE('',*,*,#1642,.T.);
#1131=ORIENTED_EDGE('',*,*,#1505,.T.);
#1132=ORIENTED_EDGE('',*,*,#1638,.F.);
#1133=ORIENTED_EDGE('',*,*,#1543,.T.);
#1134=ORIENTED_EDGE('',*,*,#1643,.T.);
#1135=ORIENTED_EDGE('',*,*,#1546,.T.);
#1136=ORIENTED_EDGE('',*,*,#1639,.F.);
#1137=ORIENTED_EDGE('',*,*,#1537,.T.);
#1138=ORIENTED_EDGE('',*,*,#1644,.T.);
#1139=ORIENTED_EDGE('',*,*,#1542,.T.);
#1140=ORIENTED_EDGE('',*,*,#1640,.F.);
#1141=ORIENTED_EDGE('',*,*,#1571,.T.);
#1142=ORIENTED_EDGE('',*,*,#1645,.T.);
#1143=ORIENTED_EDGE('',*,*,#1526,.T.);
#1144=ORIENTED_EDGE('',*,*,#1469,.F.);
#1145=ORIENTED_EDGE('',*,*,#1646,.T.);
#1146=ORIENTED_EDGE('',*,*,#1641,.F.);
#1147=ORIENTED_EDGE('',*,*,#1642,.F.);
#1148=ORIENTED_EDGE('',*,*,#1589,.T.);
#1149=ORIENTED_EDGE('',*,*,#1647,.T.);
#1150=ORIENTED_EDGE('',*,*,#1602,.T.);
#1151=ORIENTED_EDGE('',*,*,#1644,.F.);
#1152=ORIENTED_EDGE('',*,*,#1648,.T.);
#1153=ORIENTED_EDGE('',*,*,#1643,.F.);
#1154=ORIENTED_EDGE('',*,*,#1645,.F.);
#1155=ORIENTED_EDGE('',*,*,#1601,.T.);
#1156=ORIENTED_EDGE('',*,*,#1649,.T.);
#1157=ORIENTED_EDGE('',*,*,#1527,.T.);
#1158=ORIENTED_EDGE('',*,*,#1646,.F.);
#1159=ORIENTED_EDGE('',*,*,#1269,.T.);
#1160=ORIENTED_EDGE('',*,*,#1650,.T.);
#1161=ORIENTED_EDGE('',*,*,#1511,.T.);
#1162=ORIENTED_EDGE('',*,*,#1647,.F.);
#1163=ORIENTED_EDGE('',*,*,#1554,.T.);
#1164=ORIENTED_EDGE('',*,*,#1651,.T.);
#1165=ORIENTED_EDGE('',*,*,#1603,.T.);
#1166=ORIENTED_EDGE('',*,*,#1648,.F.);
#1167=ORIENTED_EDGE('',*,*,#1536,.T.);
#1168=ORIENTED_EDGE('',*,*,#1652,.T.);
#1169=ORIENTED_EDGE('',*,*,#1547,.T.);
#1170=ORIENTED_EDGE('',*,*,#1649,.F.);
#1171=ORIENTED_EDGE('',*,*,#1513,.T.);
#1172=ORIENTED_EDGE('',*,*,#1653,.T.);
#1173=ORIENTED_EDGE('',*,*,#1528,.T.);
#1174=ORIENTED_EDGE('',*,*,#1650,.F.);
#1175=ORIENTED_EDGE('',*,*,#1268,.T.);
#1176=ORIENTED_EDGE('',*,*,#1654,.T.);
#1177=ORIENTED_EDGE('',*,*,#1592,.T.);
#1178=ORIENTED_EDGE('',*,*,#1604,.T.);
#1179=ORIENTED_EDGE('',*,*,#1651,.F.);
#1180=ORIENTED_EDGE('',*,*,#1553,.T.);
#1181=ORIENTED_EDGE('',*,*,#1655,.T.);
#1182=ORIENTED_EDGE('',*,*,#1425,.T.);
#1183=ORIENTED_EDGE('',*,*,#1652,.F.);
#1184=ORIENTED_EDGE('',*,*,#1535,.T.);
#1185=ORIENTED_EDGE('',*,*,#1656,.T.);
#1186=ORIENTED_EDGE('',*,*,#1591,.T.);
#1187=ORIENTED_EDGE('',*,*,#1653,.F.);
#1188=ORIENTED_EDGE('',*,*,#1593,.T.);
#1189=ORIENTED_EDGE('',*,*,#1657,.T.);
#1190=ORIENTED_EDGE('',*,*,#1529,.T.);
#1191=ORIENTED_EDGE('',*,*,#1654,.F.);
#1192=ORIENTED_EDGE('',*,*,#1267,.T.);
#1193=ORIENTED_EDGE('',*,*,#1658,.T.);
#1194=ORIENTED_EDGE('',*,*,#1558,.T.);
#1195=ORIENTED_EDGE('',*,*,#1655,.F.);
#1196=ORIENTED_EDGE('',*,*,#1595,.T.);
#1197=ORIENTED_EDGE('',*,*,#1659,.T.);
#1198=ORIENTED_EDGE('',*,*,#1426,.T.);
#1199=ORIENTED_EDGE('',*,*,#1656,.F.);
#1200=ORIENTED_EDGE('',*,*,#1534,.T.);
#1201=ORIENTED_EDGE('',*,*,#1660,.T.);
#1202=ORIENTED_EDGE('',*,*,#1556,.T.);
#1203=ORIENTED_EDGE('',*,*,#1657,.F.);
#1204=ORIENTED_EDGE('',*,*,#1560,.T.);
#1205=ORIENTED_EDGE('',*,*,#1661,.T.);
#1206=ORIENTED_EDGE('',*,*,#1530,.T.);
#1207=ORIENTED_EDGE('',*,*,#1662,.T.);
#1208=ORIENTED_EDGE('',*,*,#1514,.T.);
#1209=ORIENTED_EDGE('',*,*,#1663,.T.);
#1210=ORIENTED_EDGE('',*,*,#1559,.T.);
#1211=ORIENTED_EDGE('',*,*,#1658,.F.);
#1212=ORIENTED_EDGE('',*,*,#1664,.T.);
#1213=ORIENTED_EDGE('',*,*,#1662,.F.);
#1214=ORIENTED_EDGE('',*,*,#1659,.F.);
#1215=ORIENTED_EDGE('',*,*,#1594,.T.);
#1216=ORIENTED_EDGE('',*,*,#1665,.T.);
#1217=ORIENTED_EDGE('',*,*,#1264,.T.);
#1218=ORIENTED_EDGE('',*,*,#1660,.F.);
#1219=ORIENTED_EDGE('',*,*,#1533,.T.);
#1220=ORIENTED_EDGE('',*,*,#1666,.T.);
#1221=ORIENTED_EDGE('',*,*,#1596,.T.);
#1222=ORIENTED_EDGE('',*,*,#1663,.F.);
#1223=ORIENTED_EDGE('',*,*,#1667,.T.);
#1224=ORIENTED_EDGE('',*,*,#1661,.F.);
#1225=ORIENTED_EDGE('',*,*,#1664,.F.);
#1226=ORIENTED_EDGE('',*,*,#1266,.T.);
#1227=ORIENTED_EDGE('',*,*,#1668,.T.);
#1228=ORIENTED_EDGE('',*,*,#1515,.T.);
#1229=ORIENTED_EDGE('',*,*,#1665,.F.);
#1230=ORIENTED_EDGE('',*,*,#1549,.T.);
#1231=ORIENTED_EDGE('',*,*,#1669,.T.);
#1232=ORIENTED_EDGE('',*,*,#1265,.T.);
#1233=ORIENTED_EDGE('',*,*,#1666,.F.);
#1234=ORIENTED_EDGE('',*,*,#1532,.T.);
#1235=ORIENTED_EDGE('',*,*,#1670,.T.);
#1236=ORIENTED_EDGE('',*,*,#1551,.T.);
#1237=ORIENTED_EDGE('',*,*,#1667,.F.);
#1238=ORIENTED_EDGE('',*,*,#1517,.T.);
#1239=ORIENTED_EDGE('',*,*,#1671,.T.);
#1240=ORIENTED_EDGE('',*,*,#1531,.T.);
#1241=ORIENTED_EDGE('',*,*,#1669,.F.);
#1242=ORIENTED_EDGE('',*,*,#1672,.T.);
#1243=ORIENTED_EDGE('',*,*,#1668,.F.);
#1244=ORIENTED_EDGE('',*,*,#1671,.F.);
#1245=ORIENTED_EDGE('',*,*,#1673,.T.);
#1246=ORIENTED_EDGE('',*,*,#1670,.F.);
#1247=ORIENTED_EDGE('',*,*,#1672,.F.);
#1248=ORIENTED_EDGE('',*,*,#1548,.T.);
#1249=ORIENTED_EDGE('',*,*,#1673,.F.);
#1250=ORIENTED_EDGE('',*,*,#1516,.T.);
#1251=EDGE_CURVE('',#1674,#1675,#1910,.T.);
#1252=EDGE_CURVE('',#1675,#1676,#1911,.F.);
#1253=EDGE_CURVE('',#1676,#1677,#1912,.T.);
#1254=EDGE_CURVE('',#1677,#1678,#214,.F.);
#1255=EDGE_CURVE('',#1678,#1674,#1913,.T.);
#1256=EDGE_CURVE('',#1679,#1679,#215,.T.);
#1257=EDGE_CURVE('',#1680,#1681,#1914,.T.);
#1258=EDGE_CURVE('',#1681,#1682,#1915,.T.);
#1259=EDGE_CURVE('',#1682,#1683,#1916,.T.);
#1260=EDGE_CURVE('',#1683,#1684,#1917,.F.);
#1261=EDGE_CURVE('',#1684,#1685,#1918,.F.);
#1262=EDGE_CURVE('',#1685,#1680,#1919,.F.);
#1263=EDGE_CURVE('',#1686,#1687,#180,.T.);
#1264=EDGE_CURVE('',#1688,#1687,#216,.F.);
#1265=EDGE_CURVE('',#1689,#1688,#1920,.F.);
#1266=EDGE_CURVE('',#1690,#1689,#1921,.T.);
#1267=EDGE_CURVE('',#1691,#1690,#1922,.T.);
#1268=EDGE_CURVE('',#1692,#1691,#217,.F.);
#1269=EDGE_CURVE('',#1693,#1692,#1923,.T.);
#1270=EDGE_CURVE('',#1693,#1694,#1924,.T.);
#1271=EDGE_CURVE('',#1694,#1695,#1925,.T.);
#1272=EDGE_CURVE('',#1695,#1696,#218,.F.);
#1273=EDGE_CURVE('',#1696,#1697,#1926,.T.);
#1274=EDGE_CURVE('',#1697,#1698,#1927,.T.);
#1275=EDGE_CURVE('',#1698,#1699,#1928,.F.);
#1276=EDGE_CURVE('',#1699,#1686,#219,.F.);
#1277=EDGE_CURVE('',#1700,#1701,#1929,.F.);
#1278=EDGE_CURVE('',#1701,#1702,#1930,.T.);
#1279=EDGE_CURVE('',#1702,#1703,#1931,.F.);
#1280=EDGE_CURVE('',#1703,#1700,#1932,.F.);
#1281=EDGE_CURVE('',#1704,#1705,#1933,.F.);
#1282=EDGE_CURVE('',#1705,#1706,#220,.F.);
#1283=EDGE_CURVE('',#1707,#1706,#1934,.T.);
#1284=EDGE_CURVE('',#1708,#1707,#1935,.T.);
#1285=EDGE_CURVE('',#1708,#1709,#1936,.T.);
#1286=EDGE_CURVE('',#1709,#1710,#221,.T.);
#1287=EDGE_CURVE('',#1704,#1710,#1937,.T.);
#1288=EDGE_CURVE('',#1708,#1711,#1938,.T.);
#1289=EDGE_CURVE('',#1711,#1712,#1939,.T.);
#1290=EDGE_CURVE('',#1712,#1713,#1940,.F.);
#1291=EDGE_CURVE('',#1713,#1714,#1941,.F.);
#1292=EDGE_CURVE('',#1714,#1715,#222,.T.);
#1293=EDGE_CURVE('',#1715,#1716,#1942,.F.);
#1294=EDGE_CURVE('',#1716,#1717,#223,.T.);
#1295=EDGE_CURVE('',#1717,#1718,#1943,.T.);
#1296=EDGE_CURVE('',#1718,#1719,#1944,.F.);
#1297=EDGE_CURVE('',#1719,#1720,#1945,.F.);
#1298=EDGE_CURVE('',#1720,#1721,#224,.T.);
#1299=EDGE_CURVE('',#1721,#1722,#1946,.F.);
#1300=EDGE_CURVE('',#1722,#1723,#225,.T.);
#1301=EDGE_CURVE('',#1723,#1724,#1947,.T.);
#1302=EDGE_CURVE('',#1724,#1709,#1948,.F.);
#1303=EDGE_CURVE('',#1725,#1726,#1949,.T.);
#1304=EDGE_CURVE('',#1725,#1727,#1950,.T.);
#1305=EDGE_CURVE('',#1727,#1728,#1951,.T.);
#1306=EDGE_CURVE('',#1728,#1726,#1952,.T.);
#1307=EDGE_CURVE('',#1729,#1726,#1953,.T.);
#1308=EDGE_CURVE('',#1729,#1711,#226,.T.);
#1309=EDGE_CURVE('',#1725,#1707,#1954,.T.);
#1310=EDGE_CURVE('',#1730,#1731,#1955,.F.);
#1311=EDGE_CURVE('',#1731,#1732,#1956,.T.);
#1312=EDGE_CURVE('',#1732,#1733,#1957,.T.);
#1313=EDGE_CURVE('',#1733,#1730,#1958,.T.);
#1314=EDGE_CURVE('',#1734,#1728,#1959,.T.);
#1315=EDGE_CURVE('',#1735,#1734,#1960,.F.);
#1316=EDGE_CURVE('',#1736,#1735,#1961,.F.);
#1317=EDGE_CURVE('',#1737,#1736,#1962,.T.);
#1318=EDGE_CURVE('',#1738,#1737,#227,.T.);
#1319=EDGE_CURVE('',#1739,#1738,#228,.F.);
#1320=EDGE_CURVE('',#1740,#1739,#229,.T.);
#1321=EDGE_CURVE('',#1741,#1740,#1963,.F.);
#1322=EDGE_CURVE('',#1741,#1742,#1964,.T.);
#1323=EDGE_CURVE('',#1742,#1743,#1965,.T.);
#1324=EDGE_CURVE('',#1744,#1743,#1966,.T.);
#1325=EDGE_CURVE('',#1744,#1745,#1967,.F.);
#1326=EDGE_CURVE('',#1745,#1746,#230,.T.);
#1327=EDGE_CURVE('',#1746,#1747,#231,.F.);
#1328=EDGE_CURVE('',#1747,#1748,#232,.T.);
#1329=EDGE_CURVE('',#1748,#1749,#1968,.T.);
#1330=EDGE_CURVE('',#1749,#1750,#1969,.F.);
#1331=EDGE_CURVE('',#1750,#1729,#1970,.F.);
#1332=EDGE_CURVE('',#1751,#1752,#1971,.T.);
#1333=EDGE_CURVE('',#1752,#1753,#1972,.T.);
#1334=EDGE_CURVE('',#1753,#1754,#1973,.F.);
#1335=EDGE_CURVE('',#1754,#1751,#1974,.F.);
#1336=EDGE_CURVE('',#1755,#1756,#1975,.T.);
#1337=EDGE_CURVE('',#1756,#1757,#1976,.F.);
#1338=EDGE_CURVE('',#1757,#1758,#1977,.F.);
#1339=EDGE_CURVE('',#1758,#1755,#1978,.T.);
#1340=EDGE_CURVE('',#1759,#1759,#233,.T.);
#1341=EDGE_CURVE('',#1760,#1761,#1979,.T.);
#1342=EDGE_CURVE('',#1761,#1762,#1980,.T.);
#1343=EDGE_CURVE('',#1762,#1763,#1981,.F.);
#1344=EDGE_CURVE('',#1763,#1764,#1982,.F.);
#1345=EDGE_CURVE('',#1764,#1760,#181,.T.);
#1346=EDGE_CURVE('',#1765,#1766,#1983,.F.);
#1347=EDGE_CURVE('',#1766,#1767,#1984,.T.);
#1348=EDGE_CURVE('',#1767,#1768,#1985,.T.);
#1349=EDGE_CURVE('',#1768,#1765,#1986,.F.);
#1350=EDGE_CURVE('',#1769,#1770,#1987,.T.);
#1351=EDGE_CURVE('',#1770,#1771,#1988,.F.);
#1352=EDGE_CURVE('',#1772,#1771,#1989,.T.);
#1353=EDGE_CURVE('',#1773,#1772,#166,.T.);
#1354=EDGE_CURVE('',#1774,#1773,#182,.T.);
#1355=EDGE_CURVE('',#1775,#1774,#1990,.T.);
#1356=EDGE_CURVE('',#1727,#1775,#1991,.T.);
#1357=EDGE_CURVE('',#1706,#1776,#183,.T.);
#1358=EDGE_CURVE('',#1776,#1769,#167,.T.);
#1359=EDGE_CURVE('',#1777,#1777,#234,.T.);
#1360=EDGE_CURVE('',#1778,#1778,#235,.T.);
#1361=EDGE_CURVE('',#1779,#1780,#1992,.F.);
#1362=EDGE_CURVE('',#1780,#1781,#236,.T.);
#1363=EDGE_CURVE('',#1781,#1782,#1993,.T.);
#1364=EDGE_CURVE('',#1782,#1783,#237,.T.);
#1365=EDGE_CURVE('',#1784,#1783,#238,.T.);
#1366=EDGE_CURVE('',#1785,#1784,#1994,.T.);
#1367=EDGE_CURVE('',#1786,#1785,#239,.T.);
#1368=EDGE_CURVE('',#1787,#1786,#1995,.F.);
#1369=EDGE_CURVE('',#1779,#1787,#240,.T.);
#1370=EDGE_CURVE('',#1789,#1787,#184,.T.);
#1371=EDGE_CURVE('',#1789,#1790,#185,.T.);
#1372=EDGE_CURVE('',#1790,#1779,#186,.T.);
#1373=EDGE_CURVE('',#1791,#1792,#1996,.F.);
#1374=EDGE_CURVE('',#1792,#1793,#1997,.F.);
#1375=EDGE_CURVE('',#1793,#1794,#1998,.F.);
#1376=EDGE_CURVE('',#1794,#1791,#1999,.T.);
#1377=EDGE_CURVE('',#1795,#1796,#2000,.T.);
#1378=EDGE_CURVE('',#1796,#1797,#2001,.F.);
#1379=EDGE_CURVE('',#1797,#1798,#2002,.T.);
#1380=EDGE_CURVE('',#1798,#1795,#2003,.T.);
#1381=EDGE_CURVE('',#1710,#1799,#2004,.T.);
#1382=EDGE_CURVE('',#1799,#1800,#2005,.T.);
#1383=EDGE_CURVE('',#1800,#1704,#2006,.F.);
#1384=EDGE_CURVE('',#1801,#1802,#241,.F.);
#1385=EDGE_CURVE('',#1802,#1803,#242,.F.);
#1386=EDGE_CURVE('',#1803,#1804,#2007,.T.);
#1387=EDGE_CURVE('',#1804,#1805,#2008,.F.);
#1388=EDGE_CURVE('',#1805,#1801,#2009,.F.);
#1389=EDGE_CURVE('',#1806,#1807,#2010,.F.);
#1390=EDGE_CURVE('',#1807,#1808,#2011,.F.);
#1391=EDGE_CURVE('',#1809,#1808,#2012,.F.);
#1392=EDGE_CURVE('',#1810,#1809,#2013,.T.);
#1393=EDGE_CURVE('',#1783,#1810,#187,.F.);
#1394=EDGE_CURVE('',#1783,#1811,#188,.F.);
#1395=EDGE_CURVE('',#1811,#1806,#2014,.T.);
#1396=EDGE_CURVE('',#1812,#1813,#2015,.T.);
#1397=EDGE_CURVE('',#1813,#1814,#2016,.F.);
#1398=EDGE_CURVE('',#1814,#1815,#2017,.T.);
#1399=EDGE_CURVE('',#1815,#1812,#2018,.T.);
#1400=EDGE_CURVE('',#1816,#1817,#2019,.T.);
#1401=EDGE_CURVE('',#1817,#1744,#2020,.F.);
#1402=EDGE_CURVE('',#1743,#1816,#2021,.T.);
#1403=EDGE_CURVE('',#1782,#1802,#189,.F.);
#1404=EDGE_CURVE('',#1801,#1783,#190,.T.);
#1405=EDGE_CURVE('',#1814,#1818,#243,.T.);
#1406=EDGE_CURVE('',#1818,#1782,#191,.T.);
#1407=EDGE_CURVE('',#1781,#1815,#244,.F.);
#1408=EDGE_CURVE('',#1762,#1752,#245,.F.);
#1409=EDGE_CURVE('',#1751,#1819,#246,.T.);
#1410=EDGE_CURVE('',#1819,#1763,#192,.T.);
#1411=EDGE_CURVE('',#1682,#1766,#247,.F.);
#1412=EDGE_CURVE('',#1765,#1683,#248,.T.);
#1413=EDGE_CURVE('',#1757,#1761,#249,.F.);
#1414=EDGE_CURVE('',#1760,#1820,#193,.T.);
#1415=EDGE_CURVE('',#1820,#1758,#250,.T.);
#1416=EDGE_CURVE('',#1797,#1680,#168,.T.);
#1417=EDGE_CURVE('',#1685,#1821,#169,.T.);
#1418=EDGE_CURVE('',#1821,#1798,#251,.T.);
#1419=EDGE_CURVE('',#1793,#1681,#252,.F.);
#1420=EDGE_CURVE('',#1680,#1794,#170,.F.);
#1421=EDGE_CURVE('',#1686,#1822,#194,.T.);
#1422=EDGE_CURVE('',#1822,#1823,#195,.T.);
#1423=EDGE_CURVE('',#1790,#1823,#196,.T.);
#1424=EDGE_CURVE('',#1789,#1824,#197,.T.);
#1425=EDGE_CURVE('',#1825,#1824,#198,.T.);
#1426=EDGE_CURVE('',#1687,#1825,#199,.T.);
#1427=EDGE_CURVE('',#1676,#1780,#253,.F.);
#1428=EDGE_CURVE('',#1823,#1826,#200,.T.);
#1429=EDGE_CURVE('',#1826,#1827,#2022,.F.);
#1430=EDGE_CURVE('',#1827,#1677,#201,.T.);
#1431=EDGE_CURVE('',#1811,#1801,#254,.T.);
#1432=EDGE_CURVE('',#1742,#1808,#171,.T.);
#1433=EDGE_CURVE('',#1743,#1807,#172,.T.);
#1434=EDGE_CURVE('',#1802,#1818,#255,.T.);
#1435=EDGE_CURVE('',#1806,#1805,#256,.T.);
#1436=EDGE_CURVE('',#1816,#1806,#257,.T.);
#1437=EDGE_CURVE('',#1803,#1814,#258,.T.);
#1438=EDGE_CURVE('',#1816,#1805,#259,.F.);
#1439=EDGE_CURVE('',#1804,#1813,#260,.T.);
#1440=EDGE_CURVE('',#1817,#1804,#261,.T.);
#1441=EDGE_CURVE('',#1817,#1813,#262,.F.);
#1442=EDGE_CURVE('',#1744,#1812,#173,.T.);
#1443=EDGE_CURVE('',#1745,#1815,#263,.T.);
#1444=EDGE_CURVE('',#1746,#1781,#264,.T.);
#1445=EDGE_CURVE('',#1747,#1780,#265,.T.);
#1446=EDGE_CURVE('',#1748,#1676,#266,.T.);
#1447=EDGE_CURVE('',#1749,#1675,#267,.T.);
#1448=EDGE_CURVE('',#1794,#1797,#268,.T.);
#1449=EDGE_CURVE('',#1796,#1800,#269,.T.);
#1450=EDGE_CURVE('',#1704,#1795,#174,.T.);
#1451=EDGE_CURVE('',#1791,#1796,#270,.T.);
#1452=EDGE_CURVE('',#1705,#1798,#271,.T.);
#1453=EDGE_CURVE('',#1749,#1730,#272,.F.);
#1454=EDGE_CURVE('',#1730,#1675,#273,.F.);
#1455=EDGE_CURVE('',#1791,#1800,#274,.F.);
#1456=EDGE_CURVE('',#1776,#1821,#202,.T.);
#1457=EDGE_CURVE('',#1731,#1674,#275,.T.);
#1458=EDGE_CURVE('',#1750,#1733,#276,.T.);
#1459=EDGE_CURVE('',#1712,#1750,#277,.T.);
#1460=EDGE_CURVE('',#1799,#1724,#278,.T.);
#1461=EDGE_CURVE('',#1792,#1799,#279,.T.);
#1462=EDGE_CURVE('',#1769,#1685,#280,.T.);
#1463=EDGE_CURVE('',#1674,#1754,#281,.T.);
#1464=EDGE_CURVE('',#1751,#1678,#282,.T.);
#1465=EDGE_CURVE('',#1731,#1754,#283,.F.);
#1466=EDGE_CURVE('',#1712,#1733,#284,.F.);
#1467=EDGE_CURVE('',#1792,#1724,#285,.F.);
#1468=EDGE_CURVE('',#1770,#1684,#286,.T.);
#1469=EDGE_CURVE('',#1693,#1771,#287,.T.);
#1470=EDGE_CURVE('',#1694,#1770,#288,.T.);
#1471=EDGE_CURVE('',#1819,#1677,#289,.T.);
#1472=EDGE_CURVE('',#1732,#1753,#290,.T.);
#1473=EDGE_CURVE('',#1713,#1732,#291,.T.);
#1474=EDGE_CURVE('',#1793,#1723,#292,.T.);
#1475=EDGE_CURVE('',#1694,#1684,#293,.F.);
#1476=EDGE_CURVE('',#1763,#1827,#294,.T.);
#1477=EDGE_CURVE('',#1713,#1753,#295,.F.);
#1478=EDGE_CURVE('',#1681,#1722,#296,.T.);
#1479=EDGE_CURVE('',#1695,#1683,#297,.T.);
#1480=EDGE_CURVE('',#1764,#1826,#203,.F.);
#1481=EDGE_CURVE('',#1714,#1752,#298,.T.);
#1482=EDGE_CURVE('',#1682,#1721,#299,.T.);
#1483=EDGE_CURVE('',#1696,#1765,#300,.T.);
#1484=EDGE_CURVE('',#1760,#1822,#301,.T.);
#1485=EDGE_CURVE('',#1715,#1762,#302,.T.);
#1486=EDGE_CURVE('',#1766,#1720,#303,.T.);
#1487=EDGE_CURVE('',#1697,#1768,#304,.T.);
#1488=EDGE_CURVE('',#1820,#1686,#305,.T.);
#1489=EDGE_CURVE('',#1716,#1761,#306,.T.);
#1490=EDGE_CURVE('',#1767,#1719,#307,.T.);
#1491=EDGE_CURVE('',#1768,#1700,#308,.T.);
#1492=EDGE_CURVE('',#1701,#1767,#309,.T.);
#1493=EDGE_CURVE('',#1697,#1700,#310,.F.);
#1494=EDGE_CURVE('',#1758,#1699,#311,.T.);
#1495=EDGE_CURVE('',#1717,#1757,#312,.T.);
#1496=EDGE_CURVE('',#1701,#1719,#313,.F.);
#1497=EDGE_CURVE('',#1698,#1703,#314,.T.);
#1498=EDGE_CURVE('',#1755,#1698,#315,.T.);
#1499=EDGE_CURVE('',#1718,#1756,#316,.T.);
#1500=EDGE_CURVE('',#1702,#1718,#317,.T.);
#1501=EDGE_CURVE('',#1755,#1703,#318,.F.);
#1502=EDGE_CURVE('',#1702,#1756,#319,.F.);
#1503=EDGE_CURVE('',#1828,#1829,#2023,.T.);
#1504=EDGE_CURVE('',#1830,#1828,#2024,.T.);
#1505=EDGE_CURVE('',#1831,#1830,#320,.F.);
#1506=EDGE_CURVE('',#1832,#1831,#2025,.T.);
#1507=EDGE_CURVE('',#1829,#1832,#2026,.F.);
#1508=EDGE_CURVE('',#1833,#1834,#2027,.T.);
#1509=EDGE_CURVE('',#1835,#1833,#2028,.F.);
#1510=EDGE_CURVE('',#1836,#1835,#2029,.F.);
#1511=EDGE_CURVE('',#1837,#1836,#2030,.F.);
#1512=EDGE_CURVE('',#1838,#1837,#2031,.T.);
#1513=EDGE_CURVE('',#1834,#1838,#2032,.T.);
#1514=EDGE_CURVE('',#1839,#1840,#2033,.F.);
#1515=EDGE_CURVE('',#1841,#1839,#2034,.F.);
#1516=EDGE_CURVE('',#1842,#1841,#2035,.F.);
#1517=EDGE_CURVE('',#1840,#1842,#2036,.T.);
#1518=EDGE_CURVE('',#1843,#1844,#2037,.F.);
#1519=EDGE_CURVE('',#1843,#1845,#2038,.T.);
#1520=EDGE_CURVE('',#1846,#1845,#321,.T.);
#1521=EDGE_CURVE('',#1847,#1846,#2039,.T.);
#1522=EDGE_CURVE('',#1847,#1775,#2040,.T.);
#1523=EDGE_CURVE('',#1844,#1774,#322,.F.);
#1524=EDGE_CURVE('',#1847,#1848,#2041,.T.);
#1525=EDGE_CURVE('',#1849,#1846,#2042,.F.);
#1526=EDGE_CURVE('',#1850,#1849,#2043,.T.);
#1527=EDGE_CURVE('',#1851,#1850,#323,.T.);
#1528=EDGE_CURVE('',#1852,#1851,#2044,.F.);
#1529=EDGE_CURVE('',#1853,#1852,#324,.T.);
#1530=EDGE_CURVE('',#1854,#1853,#2045,.F.);
#1531=EDGE_CURVE('',#1855,#1854,#2046,.F.);
#1532=EDGE_CURVE('',#1856,#1855,#2047,.T.);
#1533=EDGE_CURVE('',#1857,#1856,#325,.T.);
#1534=EDGE_CURVE('',#1858,#1857,#2048,.F.);
#1535=EDGE_CURVE('',#1859,#1858,#326,.T.);
#1536=EDGE_CURVE('',#1860,#1859,#2049,.F.);
#1537=EDGE_CURVE('',#1861,#1860,#2050,.F.);
#1538=EDGE_CURVE('',#1848,#1861,#2051,.T.);
#1539=EDGE_CURVE('',#1734,#1848,#327,.T.);
#1540=EDGE_CURVE('',#1862,#1863,#2052,.F.);
#1541=EDGE_CURVE('',#1864,#1862,#2053,.T.);
#1542=EDGE_CURVE('',#1865,#1864,#2054,.T.);
#1543=EDGE_CURVE('',#1863,#1865,#2055,.T.);
#1544=EDGE_CURVE('',#1866,#1867,#2056,.T.);
#1545=EDGE_CURVE('',#1868,#1866,#2057,.F.);
#1546=EDGE_CURVE('',#1869,#1868,#2058,.F.);
#1547=EDGE_CURVE('',#1867,#1869,#2059,.T.);
#1548=EDGE_CURVE('',#1870,#1871,#2060,.T.);
#1549=EDGE_CURVE('',#1872,#1870,#2061,.T.);
#1550=EDGE_CURVE('',#1873,#1872,#2062,.F.);
#1551=EDGE_CURVE('',#1871,#1873,#2063,.F.);
#1552=EDGE_CURVE('',#1874,#1875,#2064,.T.);
#1553=EDGE_CURVE('',#1876,#1874,#204,.T.);
#1554=EDGE_CURVE('',#1877,#1876,#2065,.F.);
#1555=EDGE_CURVE('',#1878,#1877,#2066,.F.);
#1556=EDGE_CURVE('',#1875,#1878,#2067,.T.);
#1557=EDGE_CURVE('',#1879,#1880,#2068,.F.);
#1558=EDGE_CURVE('',#1881,#1879,#2069,.F.);
#1559=EDGE_CURVE('',#1882,#1881,#2070,.T.);
#1560=EDGE_CURVE('',#1880,#1882,#2071,.T.);
#1561=EDGE_CURVE('',#1883,#1843,#2072,.F.);
#1562=EDGE_CURVE('',#1884,#1883,#2073,.T.);
#1563=EDGE_CURVE('',#1845,#1884,#2074,.T.);
#1564=EDGE_CURVE('',#1885,#1886,#2075,.T.);
#1565=EDGE_CURVE('',#1887,#1885,#2076,.T.);
#1566=EDGE_CURVE('',#1888,#1887,#2077,.T.);
#1567=EDGE_CURVE('',#1886,#1888,#2078,.F.);
#1568=EDGE_CURVE('',#1889,#1890,#2079,.F.);
#1569=EDGE_CURVE('',#1891,#1889,#2080,.T.);
#1570=EDGE_CURVE('',#1892,#1891,#2081,.F.);
#1571=EDGE_CURVE('',#1890,#1892,#2082,.F.);
#1572=EDGE_CURVE('',#1893,#1894,#2083,.T.);
#1573=EDGE_CURVE('',#1742,#1893,#2084,.T.);
#1574=EDGE_CURVE('',#1894,#1741,#2085,.F.);
#1575=EDGE_CURVE('',#1895,#1896,#2086,.T.);
#1576=EDGE_CURVE('',#1897,#1895,#2087,.T.);
#1577=EDGE_CURVE('',#1898,#1897,#2088,.T.);
#1578=EDGE_CURVE('',#1896,#1898,#2089,.F.);
#1579=EDGE_CURVE('',#1899,#1900,#328,.F.);
#1580=EDGE_CURVE('',#1901,#1899,#2090,.F.);
#1581=EDGE_CURVE('',#1902,#1901,#2091,.F.);
#1582=EDGE_CURVE('',#1903,#1902,#2092,.T.);
#1583=EDGE_CURVE('',#1900,#1903,#329,.F.);
#1584=EDGE_CURVE('',#1899,#1783,#205,.T.);
#1585=EDGE_CURVE('',#1784,#1900,#206,.F.);
#1586=EDGE_CURVE('',#1898,#1904,#330,.T.);
#1587=EDGE_CURVE('',#1785,#1897,#331,.F.);
#1588=EDGE_CURVE('',#1904,#1784,#207,.T.);
#1589=EDGE_CURVE('',#1905,#1877,#208,.T.);
#1590=EDGE_CURVE('',#1866,#1905,#332,.T.);
#1591=EDGE_CURVE('',#1878,#1867,#333,.F.);
#1592=EDGE_CURVE('',#1879,#1837,#334,.T.);
#1593=EDGE_CURVE('',#1838,#1880,#335,.F.);
#1594=EDGE_CURVE('',#1906,#1872,#336,.T.);
#1595=EDGE_CURVE('',#1874,#1906,#209,.T.);
#1596=EDGE_CURVE('',#1873,#1875,#337,.F.);
#1597=EDGE_CURVE('',#1907,#1887,#338,.T.);
#1598=EDGE_CURVE('',#1835,#1907,#175,.T.);
#1599=EDGE_CURVE('',#1888,#1833,#176,.T.);
#1600=EDGE_CURVE('',#1833,#1891,#177,.F.);
#1601=EDGE_CURVE('',#1892,#1834,#339,.F.);
#1602=EDGE_CURVE('',#1908,#1831,#210,.T.);
#1603=EDGE_CURVE('',#1909,#1908,#2093,.F.);
#1604=EDGE_CURVE('',#1824,#1909,#211,.T.);
#1605=EDGE_CURVE('',#1832,#1786,#340,.F.);
#1606=EDGE_CURVE('',#1810,#1899,#341,.T.);
#1607=EDGE_CURVE('',#1900,#1904,#342,.T.);
#1608=EDGE_CURVE('',#1809,#1901,#343,.T.);
#1609=EDGE_CURVE('',#1893,#1809,#344,.T.);
#1610=EDGE_CURVE('',#1903,#1898,#345,.T.);
#1611=EDGE_CURVE('',#1893,#1901,#346,.F.);
#1612=EDGE_CURVE('',#1902,#1896,#347,.T.);
#1613=EDGE_CURVE('',#1894,#1902,#348,.T.);
#1614=EDGE_CURVE('',#1894,#1896,#349,.F.);
#1615=EDGE_CURVE('',#1741,#1895,#178,.T.);
#1616=EDGE_CURVE('',#1740,#1897,#350,.T.);
#1617=EDGE_CURVE('',#1739,#1785,#351,.T.);
#1618=EDGE_CURVE('',#1738,#1786,#352,.T.);
#1619=EDGE_CURVE('',#1737,#1832,#353,.T.);
#1620=EDGE_CURVE('',#1736,#1829,#354,.T.);
#1621=EDGE_CURVE('',#1891,#1888,#355,.T.);
#1622=EDGE_CURVE('',#1886,#1883,#356,.T.);
#1623=EDGE_CURVE('',#1843,#1885,#179,.T.);
#1624=EDGE_CURVE('',#1889,#1886,#357,.T.);
#1625=EDGE_CURVE('',#1844,#1887,#358,.T.);
#1626=EDGE_CURVE('',#1736,#1862,#359,.F.);
#1627=EDGE_CURVE('',#1862,#1829,#360,.F.);
#1628=EDGE_CURVE('',#1889,#1883,#361,.F.);
#1629=EDGE_CURVE('',#1773,#1907,#212,.T.);
#1630=EDGE_CURVE('',#1863,#1828,#362,.T.);
#1631=EDGE_CURVE('',#1735,#1864,#363,.T.);
#1632=EDGE_CURVE('',#1861,#1735,#364,.T.);
#1633=EDGE_CURVE('',#1884,#1849,#365,.T.);
#1634=EDGE_CURVE('',#1890,#1884,#366,.T.);
#1635=EDGE_CURVE('',#1772,#1835,#367,.T.);
#1636=EDGE_CURVE('',#1828,#1868,#368,.T.);
#1637=EDGE_CURVE('',#1866,#1830,#369,.T.);
#1638=EDGE_CURVE('',#1863,#1868,#370,.F.);
#1639=EDGE_CURVE('',#1861,#1864,#371,.F.);
#1640=EDGE_CURVE('',#1890,#1849,#372,.F.);
#1641=EDGE_CURVE('',#1771,#1836,#373,.T.);
#1642=EDGE_CURVE('',#1905,#1831,#374,.T.);
#1643=EDGE_CURVE('',#1865,#1869,#375,.T.);
#1644=EDGE_CURVE('',#1860,#1865,#376,.T.);
#1645=EDGE_CURVE('',#1892,#1850,#377,.T.);
#1646=EDGE_CURVE('',#1693,#1836,#378,.F.);
#1647=EDGE_CURVE('',#1877,#1908,#379,.T.);
#1648=EDGE_CURVE('',#1860,#1869,#380,.F.);
#1649=EDGE_CURVE('',#1834,#1851,#381,.T.);
#1650=EDGE_CURVE('',#1692,#1837,#382,.T.);
#1651=EDGE_CURVE('',#1876,#1909,#213,.F.);
#1652=EDGE_CURVE('',#1859,#1867,#383,.T.);
#1653=EDGE_CURVE('',#1838,#1852,#384,.T.);
#1654=EDGE_CURVE('',#1691,#1879,#385,.T.);
#1655=EDGE_CURVE('',#1874,#1825,#386,.T.);
#1656=EDGE_CURVE('',#1858,#1878,#387,.T.);
#1657=EDGE_CURVE('',#1880,#1853,#388,.T.);
#1658=EDGE_CURVE('',#1690,#1881,#389,.T.);
#1659=EDGE_CURVE('',#1906,#1687,#390,.T.);
#1660=EDGE_CURVE('',#1857,#1875,#391,.T.);
#1661=EDGE_CURVE('',#1882,#1854,#392,.T.);
#1662=EDGE_CURVE('',#1881,#1839,#393,.T.);
#1663=EDGE_CURVE('',#1840,#1882,#394,.T.);
#1664=EDGE_CURVE('',#1690,#1839,#395,.F.);
#1665=EDGE_CURVE('',#1872,#1688,#396,.T.);
#1666=EDGE_CURVE('',#1856,#1873,#397,.T.);
#1667=EDGE_CURVE('',#1840,#1854,#398,.F.);
#1668=EDGE_CURVE('',#1689,#1841,#399,.T.);
#1669=EDGE_CURVE('',#1870,#1689,#400,.T.);
#1670=EDGE_CURVE('',#1855,#1871,#401,.T.);
#1671=EDGE_CURVE('',#1842,#1855,#402,.T.);
#1672=EDGE_CURVE('',#1870,#1841,#403,.F.);
#1673=EDGE_CURVE('',#1842,#1871,#404,.F.);
#1674=VERTEX_POINT('',#4254);
#1675=VERTEX_POINT('',#4255);
#1676=VERTEX_POINT('',#4257);
#1677=VERTEX_POINT('',#4259);
#1678=VERTEX_POINT('',#4261);
#1679=VERTEX_POINT('',#4265);
#1680=VERTEX_POINT('',#4267);
#1681=VERTEX_POINT('',#4268);
#1682=VERTEX_POINT('',#4270);
#1683=VERTEX_POINT('',#4272);
#1684=VERTEX_POINT('',#4274);
#1685=VERTEX_POINT('',#4276);
#1686=VERTEX_POINT('',#4294);
#1687=VERTEX_POINT('',#4295);
#1688=VERTEX_POINT('',#4297);
#1689=VERTEX_POINT('',#4299);
#1690=VERTEX_POINT('',#4301);
#1691=VERTEX_POINT('',#4303);
#1692=VERTEX_POINT('',#4305);
#1693=VERTEX_POINT('',#4307);
#1694=VERTEX_POINT('',#4309);
#1695=VERTEX_POINT('',#4311);
#1696=VERTEX_POINT('',#4313);
#1697=VERTEX_POINT('',#4315);
#1698=VERTEX_POINT('',#4317);
#1699=VERTEX_POINT('',#4319);
#1700=VERTEX_POINT('',#4323);
#1701=VERTEX_POINT('',#4324);
#1702=VERTEX_POINT('',#4326);
#1703=VERTEX_POINT('',#4328);
#1704=VERTEX_POINT('',#4332);
#1705=VERTEX_POINT('',#4333);
#1706=VERTEX_POINT('',#4335);
#1707=VERTEX_POINT('',#4337);
#1708=VERTEX_POINT('',#4339);
#1709=VERTEX_POINT('',#4341);
#1710=VERTEX_POINT('',#4343);
#1711=VERTEX_POINT('',#4347);
#1712=VERTEX_POINT('',#4349);
#1713=VERTEX_POINT('',#4351);
#1714=VERTEX_POINT('',#4353);
#1715=VERTEX_POINT('',#4355);
#1716=VERTEX_POINT('',#4357);
#1717=VERTEX_POINT('',#4359);
#1718=VERTEX_POINT('',#4361);
#1719=VERTEX_POINT('',#4363);
#1720=VERTEX_POINT('',#4365);
#1721=VERTEX_POINT('',#4367);
#1722=VERTEX_POINT('',#4369);
#1723=VERTEX_POINT('',#4371);
#1724=VERTEX_POINT('',#4373);
#1725=VERTEX_POINT('',#4377);
#1726=VERTEX_POINT('',#4378);
#1727=VERTEX_POINT('',#4380);
#1728=VERTEX_POINT('',#4382);
#1729=VERTEX_POINT('',#4386);
#1730=VERTEX_POINT('',#4391);
#1731=VERTEX_POINT('',#4392);
#1732=VERTEX_POINT('',#4394);
#1733=VERTEX_POINT('',#4396);
#1734=VERTEX_POINT('',#4400);
#1735=VERTEX_POINT('',#4402);
#1736=VERTEX_POINT('',#4404);
#1737=VERTEX_POINT('',#4406);
#1738=VERTEX_POINT('',#4408);
#1739=VERTEX_POINT('',#4410);
#1740=VERTEX_POINT('',#4412);
#1741=VERTEX_POINT('',#4414);
#1742=VERTEX_POINT('',#4416);
#1743=VERTEX_POINT('',#4418);
#1744=VERTEX_POINT('',#4420);
#1745=VERTEX_POINT('',#4422);
#1746=VERTEX_POINT('',#4424);
#1747=VERTEX_POINT('',#4426);
#1748=VERTEX_POINT('',#4428);
#1749=VERTEX_POINT('',#4430);
#1750=VERTEX_POINT('',#4432);
#1751=VERTEX_POINT('',#4436);
#1752=VERTEX_POINT('',#4437);
#1753=VERTEX_POINT('',#4439);
#1754=VERTEX_POINT('',#4441);
#1755=VERTEX_POINT('',#4445);
#1756=VERTEX_POINT('',#4446);
#1757=VERTEX_POINT('',#4448);
#1758=VERTEX_POINT('',#4450);
#1759=VERTEX_POINT('',#4454);
#1760=VERTEX_POINT('',#4456);
#1761=VERTEX_POINT('',#4457);
#1762=VERTEX_POINT('',#4459);
#1763=VERTEX_POINT('',#4461);
#1764=VERTEX_POINT('',#4463);
#1765=VERTEX_POINT('',#4471);
#1766=VERTEX_POINT('',#4472);
#1767=VERTEX_POINT('',#4474);
#1768=VERTEX_POINT('',#4476);
#1769=VERTEX_POINT('',#4480);
#1770=VERTEX_POINT('',#4481);
#1771=VERTEX_POINT('',#4483);
#1772=VERTEX_POINT('',#4485);
#1773=VERTEX_POINT('',#4487);
#1774=VERTEX_POINT('',#4492);
#1775=VERTEX_POINT('',#4494);
#1776=VERTEX_POINT('',#4500);
#1777=VERTEX_POINT('',#4504);
#1778=VERTEX_POINT('',#4507);
#1779=VERTEX_POINT('',#4510);
#1780=VERTEX_POINT('',#4511);
#1781=VERTEX_POINT('',#4513);
#1782=VERTEX_POINT('',#4515);
#1783=VERTEX_POINT('',#4517);
#1784=VERTEX_POINT('',#4519);
#1785=VERTEX_POINT('',#4521);
#1786=VERTEX_POINT('',#4523);
#1787=VERTEX_POINT('',#4525);
#1788=VERTEX_POINT('',#4528);
#1789=VERTEX_POINT('',#4533);
#1790=VERTEX_POINT('',#4557);
#1791=VERTEX_POINT('',#4564);
#1792=VERTEX_POINT('',#4565);
#1793=VERTEX_POINT('',#4567);
#1794=VERTEX_POINT('',#4569);
#1795=VERTEX_POINT('',#4573);
#1796=VERTEX_POINT('',#4574);
#1797=VERTEX_POINT('',#4576);
#1798=VERTEX_POINT('',#4578);
#1799=VERTEX_POINT('',#4582);
#1800=VERTEX_POINT('',#4584);
#1801=VERTEX_POINT('',#4588);
#1802=VERTEX_POINT('',#4589);
#1803=VERTEX_POINT('',#4591);
#1804=VERTEX_POINT('',#4593);
#1805=VERTEX_POINT('',#4595);
#1806=VERTEX_POINT('',#4599);
#1807=VERTEX_POINT('',#4600);
#1808=VERTEX_POINT('',#4602);
#1809=VERTEX_POINT('',#4604);
#1810=VERTEX_POINT('',#4606);
#1811=VERTEX_POINT('',#4617);
#1812=VERTEX_POINT('',#4621);
#1813=VERTEX_POINT('',#4622);
#1814=VERTEX_POINT('',#4624);
#1815=VERTEX_POINT('',#4626);
#1816=VERTEX_POINT('',#4630);
#1817=VERTEX_POINT('',#4631);
#1818=VERTEX_POINT('',#4651);
#1819=VERTEX_POINT('',#4663);
#1820=VERTEX_POINT('',#4680);
#1821=VERTEX_POINT('',#4685);
#1822=VERTEX_POINT('',#4781);
#1823=VERTEX_POINT('',#4788);
#1824=VERTEX_POINT('',#4797);
#1825=VERTEX_POINT('',#4804);
#1826=VERTEX_POINT('',#4815);
#1827=VERTEX_POINT('',#4817);
#1828=VERTEX_POINT('',#5091);
#1829=VERTEX_POINT('',#5092);
#1830=VERTEX_POINT('',#5094);
#1831=VERTEX_POINT('',#5096);
#1832=VERTEX_POINT('',#5098);
#1833=VERTEX_POINT('',#5102);
#1834=VERTEX_POINT('',#5103);
#1835=VERTEX_POINT('',#5105);
#1836=VERTEX_POINT('',#5107);
#1837=VERTEX_POINT('',#5109);
#1838=VERTEX_POINT('',#5111);
#1839=VERTEX_POINT('',#5115);
#1840=VERTEX_POINT('',#5116);
#1841=VERTEX_POINT('',#5118);
#1842=VERTEX_POINT('',#5120);
#1843=VERTEX_POINT('',#5124);
#1844=VERTEX_POINT('',#5125);
#1845=VERTEX_POINT('',#5127);
#1846=VERTEX_POINT('',#5129);
#1847=VERTEX_POINT('',#5131);
#1848=VERTEX_POINT('',#5136);
#1849=VERTEX_POINT('',#5138);
#1850=VERTEX_POINT('',#5140);
#1851=VERTEX_POINT('',#5142);
#1852=VERTEX_POINT('',#5144);
#1853=VERTEX_POINT('',#5146);
#1854=VERTEX_POINT('',#5148);
#1855=VERTEX_POINT('',#5150);
#1856=VERTEX_POINT('',#5152);
#1857=VERTEX_POINT('',#5154);
#1858=VERTEX_POINT('',#5156);
#1859=VERTEX_POINT('',#5158);
#1860=VERTEX_POINT('',#5160);
#1861=VERTEX_POINT('',#5162);
#1862=VERTEX_POINT('',#5168);
#1863=VERTEX_POINT('',#5169);
#1864=VERTEX_POINT('',#5171);
#1865=VERTEX_POINT('',#5173);
#1866=VERTEX_POINT('',#5177);
#1867=VERTEX_POINT('',#5178);
#1868=VERTEX_POINT('',#5180);
#1869=VERTEX_POINT('',#5182);
#1870=VERTEX_POINT('',#5186);
#1871=VERTEX_POINT('',#5187);
#1872=VERTEX_POINT('',#5189);
#1873=VERTEX_POINT('',#5191);
#1874=VERTEX_POINT('',#5195);
#1875=VERTEX_POINT('',#5196);
#1876=VERTEX_POINT('',#5202);
#1877=VERTEX_POINT('',#5204);
#1878=VERTEX_POINT('',#5206);
#1879=VERTEX_POINT('',#5210);
#1880=VERTEX_POINT('',#5211);
#1881=VERTEX_POINT('',#5213);
#1882=VERTEX_POINT('',#5215);
#1883=VERTEX_POINT('',#5219);
#1884=VERTEX_POINT('',#5221);
#1885=VERTEX_POINT('',#5225);
#1886=VERTEX_POINT('',#5226);
#1887=VERTEX_POINT('',#5228);
#1888=VERTEX_POINT('',#5230);
#1889=VERTEX_POINT('',#5234);
#1890=VERTEX_POINT('',#5235);
#1891=VERTEX_POINT('',#5237);
#1892=VERTEX_POINT('',#5239);
#1893=VERTEX_POINT('',#5243);
#1894=VERTEX_POINT('',#5244);
#1895=VERTEX_POINT('',#5249);
#1896=VERTEX_POINT('',#5250);
#1897=VERTEX_POINT('',#5252);
#1898=VERTEX_POINT('',#5254);
#1899=VERTEX_POINT('',#5258);
#1900=VERTEX_POINT('',#5259);
#1901=VERTEX_POINT('',#5261);
#1902=VERTEX_POINT('',#5263);
#1903=VERTEX_POINT('',#5265);
#1904=VERTEX_POINT('',#5284);
#1905=VERTEX_POINT('',#5301);
#1906=VERTEX_POINT('',#5309);
#1907=VERTEX_POINT('',#5317);
#1908=VERTEX_POINT('',#5331);
#1909=VERTEX_POINT('',#5333);
#1910=LINE('',#4253,#2094);
#1911=LINE('',#4256,#2095);
#1912=LINE('',#4258,#2096);
#1913=LINE('',#4262,#2097);
#1914=LINE('',#4266,#2098);
#1915=LINE('',#4269,#2099);
#1916=LINE('',#4271,#2100);
#1917=LINE('',#4273,#2101);
#1918=LINE('',#4275,#2102);
#1919=LINE('',#4277,#2103);
#1920=LINE('',#4298,#2104);
#1921=LINE('',#4300,#2105);
#1922=LINE('',#4302,#2106);
#1923=LINE('',#4306,#2107);
#1924=LINE('',#4308,#2108);
#1925=LINE('',#4310,#2109);
#1926=LINE('',#4314,#2110);
#1927=LINE('',#4316,#2111);
#1928=LINE('',#4318,#2112);
#1929=LINE('',#4322,#2113);
#1930=LINE('',#4325,#2114);
#1931=LINE('',#4327,#2115);
#1932=LINE('',#4329,#2116);
#1933=LINE('',#4331,#2117);
#1934=LINE('',#4336,#2118);
#1935=LINE('',#4338,#2119);
#1936=LINE('',#4340,#2120);
#1937=LINE('',#4344,#2121);
#1938=LINE('',#4346,#2122);
#1939=LINE('',#4348,#2123);
#1940=LINE('',#4350,#2124);
#1941=LINE('',#4352,#2125);
#1942=LINE('',#4356,#2126);
#1943=LINE('',#4360,#2127);
#1944=LINE('',#4362,#2128);
#1945=LINE('',#4364,#2129);
#1946=LINE('',#4368,#2130);
#1947=LINE('',#4372,#2131);
#1948=LINE('',#4374,#2132);
#1949=LINE('',#4376,#2133);
#1950=LINE('',#4379,#2134);
#1951=LINE('',#4381,#2135);
#1952=LINE('',#4383,#2136);
#1953=LINE('',#4385,#2137);
#1954=LINE('',#4388,#2138);
#1955=LINE('',#4390,#2139);
#1956=LINE('',#4393,#2140);
#1957=LINE('',#4395,#2141);
#1958=LINE('',#4397,#2142);
#1959=LINE('',#4399,#2143);
#1960=LINE('',#4401,#2144);
#1961=LINE('',#4403,#2145);
#1962=LINE('',#4405,#2146);
#1963=LINE('',#4413,#2147);
#1964=LINE('',#4415,#2148);
#1965=LINE('',#4417,#2149);
#1966=LINE('',#4419,#2150);
#1967=LINE('',#4421,#2151);
#1968=LINE('',#4429,#2152);
#1969=LINE('',#4431,#2153);
#1970=LINE('',#4433,#2154);
#1971=LINE('',#4435,#2155);
#1972=LINE('',#4438,#2156);
#1973=LINE('',#4440,#2157);
#1974=LINE('',#4442,#2158);
#1975=LINE('',#4444,#2159);
#1976=LINE('',#4447,#2160);
#1977=LINE('',#4449,#2161);
#1978=LINE('',#4451,#2162);
#1979=LINE('',#4455,#2163);
#1980=LINE('',#4458,#2164);
#1981=LINE('',#4460,#2165);
#1982=LINE('',#4462,#2166);
#1983=LINE('',#4470,#2167);
#1984=LINE('',#4473,#2168);
#1985=LINE('',#4475,#2169);
#1986=LINE('',#4477,#2170);
#1987=LINE('',#4479,#2171);
#1988=LINE('',#4482,#2172);
#1989=LINE('',#4484,#2173);
#1990=LINE('',#4493,#2174);
#1991=LINE('',#4495,#2175);
#1992=LINE('',#4509,#2176);
#1993=LINE('',#4514,#2177);
#1994=LINE('',#4520,#2178);
#1995=LINE('',#4524,#2179);
#1996=LINE('',#4563,#2180);
#1997=LINE('',#4566,#2181);
#1998=LINE('',#4568,#2182);
#1999=LINE('',#4570,#2183);
#2000=LINE('',#4572,#2184);
#2001=LINE('',#4575,#2185);
#2002=LINE('',#4577,#2186);
#2003=LINE('',#4579,#2187);
#2004=LINE('',#4581,#2188);
#2005=LINE('',#4583,#2189);
#2006=LINE('',#4585,#2190);
#2007=LINE('',#4592,#2191);
#2008=LINE('',#4594,#2192);
#2009=LINE('',#4596,#2193);
#2010=LINE('',#4598,#2194);
#2011=LINE('',#4601,#2195);
#2012=LINE('',#4603,#2196);
#2013=LINE('',#4605,#2197);
#2014=LINE('',#4618,#2198);
#2015=LINE('',#4620,#2199);
#2016=LINE('',#4623,#2200);
#2017=LINE('',#4625,#2201);
#2018=LINE('',#4627,#2202);
#2019=LINE('',#4629,#2203);
#2020=LINE('',#4632,#2204);
#2021=LINE('',#4633,#2205);
#2022=LINE('',#4816,#2206);
#2023=LINE('',#5090,#2207);
#2024=LINE('',#5093,#2208);
#2025=LINE('',#5097,#2209);
#2026=LINE('',#5099,#2210);
#2027=LINE('',#5101,#2211);
#2028=LINE('',#5104,#2212);
#2029=LINE('',#5106,#2213);
#2030=LINE('',#5108,#2214);
#2031=LINE('',#5110,#2215);
#2032=LINE('',#5112,#2216);
#2033=LINE('',#5114,#2217);
#2034=LINE('',#5117,#2218);
#2035=LINE('',#5119,#2219);
#2036=LINE('',#5121,#2220);
#2037=LINE('',#5123,#2221);
#2038=LINE('',#5126,#2222);
#2039=LINE('',#5130,#2223);
#2040=LINE('',#5132,#2224);
#2041=LINE('',#5135,#2225);
#2042=LINE('',#5137,#2226);
#2043=LINE('',#5139,#2227);
#2044=LINE('',#5143,#2228);
#2045=LINE('',#5147,#2229);
#2046=LINE('',#5149,#2230);
#2047=LINE('',#5151,#2231);
#2048=LINE('',#5155,#2232);
#2049=LINE('',#5159,#2233);
#2050=LINE('',#5161,#2234);
#2051=LINE('',#5163,#2235);
#2052=LINE('',#5167,#2236);
#2053=LINE('',#5170,#2237);
#2054=LINE('',#5172,#2238);
#2055=LINE('',#5174,#2239);
#2056=LINE('',#5176,#2240);
#2057=LINE('',#5179,#2241);
#2058=LINE('',#5181,#2242);
#2059=LINE('',#5183,#2243);
#2060=LINE('',#5185,#2244);
#2061=LINE('',#5188,#2245);
#2062=LINE('',#5190,#2246);
#2063=LINE('',#5192,#2247);
#2064=LINE('',#5194,#2248);
#2065=LINE('',#5203,#2249);
#2066=LINE('',#5205,#2250);
#2067=LINE('',#5207,#2251);
#2068=LINE('',#5209,#2252);
#2069=LINE('',#5212,#2253);
#2070=LINE('',#5214,#2254);
#2071=LINE('',#5216,#2255);
#2072=LINE('',#5218,#2256);
#2073=LINE('',#5220,#2257);
#2074=LINE('',#5222,#2258);
#2075=LINE('',#5224,#2259);
#2076=LINE('',#5227,#2260);
#2077=LINE('',#5229,#2261);
#2078=LINE('',#5231,#2262);
#2079=LINE('',#5233,#2263);
#2080=LINE('',#5236,#2264);
#2081=LINE('',#5238,#2265);
#2082=LINE('',#5240,#2266);
#2083=LINE('',#5242,#2267);
#2084=LINE('',#5245,#2268);
#2085=LINE('',#5246,#2269);
#2086=LINE('',#5248,#2270);
#2087=LINE('',#5251,#2271);
#2088=LINE('',#5253,#2272);
#2089=LINE('',#5255,#2273);
#2090=LINE('',#5260,#2274);
#2091=LINE('',#5262,#2275);
#2092=LINE('',#5264,#2276);
#2093=LINE('',#5332,#2277);
#2094=VECTOR('',#3305,1.);
#2095=VECTOR('',#3306,1.);
#2096=VECTOR('',#3307,1.);
#2097=VECTOR('',#3310,1.);
#2098=VECTOR('',#3315,1.);
#2099=VECTOR('',#3316,1.);
#2100=VECTOR('',#3317,1.);
#2101=VECTOR('',#3318,1.);
#2102=VECTOR('',#3319,1.);
#2103=VECTOR('',#3320,1.);
#2104=VECTOR('',#3325,1.);
#2105=VECTOR('',#3326,1.);
#2106=VECTOR('',#3327,1.);
#2107=VECTOR('',#3330,1.);
#2108=VECTOR('',#3331,1.);
#2109=VECTOR('',#3332,1.);
#2110=VECTOR('',#3335,1.);
#2111=VECTOR('',#3336,1.);
#2112=VECTOR('',#3337,1.);
#2113=VECTOR('',#3342,1.);
#2114=VECTOR('',#3343,1.);
#2115=VECTOR('',#3344,1.);
#2116=VECTOR('',#3345,1.);
#2117=VECTOR('',#3348,1.);
#2118=VECTOR('',#3351,1.);
#2119=VECTOR('',#3352,1.);
#2120=VECTOR('',#3353,1.);
#2121=VECTOR('',#3356,1.);
#2122=VECTOR('',#3359,1.);
#2123=VECTOR('',#3360,1.);
#2124=VECTOR('',#3361,1.);
#2125=VECTOR('',#3362,1.);
#2126=VECTOR('',#3365,1.);
#2127=VECTOR('',#3368,1.);
#2128=VECTOR('',#3369,1.);
#2129=VECTOR('',#3370,1.);
#2130=VECTOR('',#3373,1.);
#2131=VECTOR('',#3376,1.);
#2132=VECTOR('',#3377,1.);
#2133=VECTOR('',#3380,1.);
#2134=VECTOR('',#3381,1.);
#2135=VECTOR('',#3382,1.);
#2136=VECTOR('',#3383,1.);
#2137=VECTOR('',#3386,1.);
#2138=VECTOR('',#3389,1.);
#2139=VECTOR('',#3392,1.);
#2140=VECTOR('',#3393,1.);
#2141=VECTOR('',#3394,1.);
#2142=VECTOR('',#3395,1.);
#2143=VECTOR('',#3398,1.);
#2144=VECTOR('',#3399,1.);
#2145=VECTOR('',#3400,1.);
#2146=VECTOR('',#3401,1.);
#2147=VECTOR('',#3408,1.);
#2148=VECTOR('',#3409,1.);
#2149=VECTOR('',#3410,1.);
#2150=VECTOR('',#3411,1.);
#2151=VECTOR('',#3412,1.);
#2152=VECTOR('',#3419,1.);
#2153=VECTOR('',#3420,1.);
#2154=VECTOR('',#3421,1.);
#2155=VECTOR('',#3424,1.);
#2156=VECTOR('',#3425,1.);
#2157=VECTOR('',#3426,1.);
#2158=VECTOR('',#3427,1.);
#2159=VECTOR('',#3430,1.);
#2160=VECTOR('',#3431,1.);
#2161=VECTOR('',#3432,1.);
#2162=VECTOR('',#3433,1.);
#2163=VECTOR('',#3438,1.);
#2164=VECTOR('',#3439,1.);
#2165=VECTOR('',#3440,1.);
#2166=VECTOR('',#3441,1.);
#2167=VECTOR('',#3444,1.);
#2168=VECTOR('',#3445,1.);
#2169=VECTOR('',#3446,1.);
#2170=VECTOR('',#3447,1.);
#2171=VECTOR('',#3450,1.);
#2172=VECTOR('',#3451,1.);
#2173=VECTOR('',#3452,1.);
#2174=VECTOR('',#3455,1.);
#2175=VECTOR('',#3456,1.);
#2176=VECTOR('',#3469,1.);
#2177=VECTOR('',#3472,1.);
#2178=VECTOR('',#3477,1.);
#2179=VECTOR('',#3480,1.);
#2180=VECTOR('',#3487,1.);
#2181=VECTOR('',#3488,1.);
#2182=VECTOR('',#3489,1.);
#2183=VECTOR('',#3490,1.);
#2184=VECTOR('',#3493,1.);
#2185=VECTOR('',#3494,1.);
#2186=VECTOR('',#3495,1.);
#2187=VECTOR('',#3496,1.);
#2188=VECTOR('',#3499,1.);
#2189=VECTOR('',#3500,1.);
#2190=VECTOR('',#3501,1.);
#2191=VECTOR('',#3508,1.);
#2192=VECTOR('',#3509,1.);
#2193=VECTOR('',#3510,1.);
#2194=VECTOR('',#3513,1.);
#2195=VECTOR('',#3514,1.);
#2196=VECTOR('',#3515,1.);
#2197=VECTOR('',#3516,1.);
#2198=VECTOR('',#3517,1.);
#2199=VECTOR('',#3520,1.);
#2200=VECTOR('',#3521,1.);
#2201=VECTOR('',#3522,1.);
#2202=VECTOR('',#3523,1.);
#2203=VECTOR('',#3526,1.);
#2204=VECTOR('',#3527,1.);
#2205=VECTOR('',#3528,1.);
#2206=VECTOR('',#3573,1.);
#2207=VECTOR('',#3836,1.);
#2208=VECTOR('',#3837,1.);
#2209=VECTOR('',#3840,1.);
#2210=VECTOR('',#3841,1.);
#2211=VECTOR('',#3844,1.);
#2212=VECTOR('',#3845,1.);
#2213=VECTOR('',#3846,1.);
#2214=VECTOR('',#3847,1.);
#2215=VECTOR('',#3848,1.);
#2216=VECTOR('',#3849,1.);
#2217=VECTOR('',#3852,1.);
#2218=VECTOR('',#3853,1.);
#2219=VECTOR('',#3854,1.);
#2220=VECTOR('',#3855,1.);
#2221=VECTOR('',#3858,1.);
#2222=VECTOR('',#3859,1.);
#2223=VECTOR('',#3862,1.);
#2224=VECTOR('',#3863,1.);
#2225=VECTOR('',#3868,1.);
#2226=VECTOR('',#3869,1.);
#2227=VECTOR('',#3870,1.);
#2228=VECTOR('',#3873,1.);
#2229=VECTOR('',#3876,1.);
#2230=VECTOR('',#3877,1.);
#2231=VECTOR('',#3878,1.);
#2232=VECTOR('',#3881,1.);
#2233=VECTOR('',#3884,1.);
#2234=VECTOR('',#3885,1.);
#2235=VECTOR('',#3886,1.);
#2236=VECTOR('',#3893,1.);
#2237=VECTOR('',#3894,1.);
#2238=VECTOR('',#3895,1.);
#2239=VECTOR('',#3896,1.);
#2240=VECTOR('',#3899,1.);
#2241=VECTOR('',#3900,1.);
#2242=VECTOR('',#3901,1.);
#2243=VECTOR('',#3902,1.);
#2244=VECTOR('',#3905,1.);
#2245=VECTOR('',#3906,1.);
#2246=VECTOR('',#3907,1.);
#2247=VECTOR('',#3908,1.);
#2248=VECTOR('',#3911,1.);
#2249=VECTOR('',#3912,1.);
#2250=VECTOR('',#3913,1.);
#2251=VECTOR('',#3914,1.);
#2252=VECTOR('',#3917,1.);
#2253=VECTOR('',#3918,1.);
#2254=VECTOR('',#3919,1.);
#2255=VECTOR('',#3920,1.);
#2256=VECTOR('',#3923,1.);
#2257=VECTOR('',#3924,1.);
#2258=VECTOR('',#3925,1.);
#2259=VECTOR('',#3928,1.);
#2260=VECTOR('',#3929,1.);
#2261=VECTOR('',#3930,1.);
#2262=VECTOR('',#3931,1.);
#2263=VECTOR('',#3934,1.);
#2264=VECTOR('',#3935,1.);
#2265=VECTOR('',#3936,1.);
#2266=VECTOR('',#3937,1.);
#2267=VECTOR('',#3940,1.);
#2268=VECTOR('',#3941,1.);
#2269=VECTOR('',#3942,1.);
#2270=VECTOR('',#3945,1.);
#2271=VECTOR('',#3946,1.);
#2272=VECTOR('',#3947,1.);
#2273=VECTOR('',#3948,1.);
#2274=VECTOR('',#3953,1.);
#2275=VECTOR('',#3954,1.);
#2276=VECTOR('',#3955,1.);
#2277=VECTOR('',#4000,1.);
#2278=EDGE_LOOP('',(#405,#406,#407,#408,#409));
#2279=EDGE_LOOP('',(#410));
#2280=EDGE_LOOP('',(#411,#412,#413,#414,#415,#416));
#2281=EDGE_LOOP('',(#417,#418,#419,#420,#421,#422,#423,#424,#425,#426,#427,
#428,#429,#430));
#2282=EDGE_LOOP('',(#431,#432,#433,#434));
#2283=EDGE_LOOP('',(#435,#436,#437,#438,#439,#440,#441));
#2284=EDGE_LOOP('',(#442,#443,#444,#445,#446,#447,#448,#449,#450,#451,#452,
#453,#454,#455,#456,#457));
#2285=EDGE_LOOP('',(#458,#459,#460,#461));
#2286=EDGE_LOOP('',(#462,#463,#464,#465,#466,#467));
#2287=EDGE_LOOP('',(#468,#469,#470,#471));
#2288=EDGE_LOOP('',(#472,#473,#474,#475,#476,#477,#478,#479,#480,#481,#482,
#483,#484,#485,#486,#487,#488,#489,#490,#491));
#2289=EDGE_LOOP('',(#492,#493,#494,#495));
#2290=EDGE_LOOP('',(#496,#497,#498,#499));
#2291=EDGE_LOOP('',(#500));
#2292=EDGE_LOOP('',(#501,#502,#503,#504,#505));
#2293=EDGE_LOOP('',(#506,#507,#508,#509));
#2294=EDGE_LOOP('',(#510,#511,#512,#513,#514,#515,#516,#517,#518,#519,#520,
#521));
#2295=EDGE_LOOP('',(#522));
#2296=EDGE_LOOP('',(#523));
#2297=EDGE_LOOP('',(#524));
#2298=EDGE_LOOP('',(#525));
#2299=EDGE_LOOP('',(#526,#527,#528,#529,#530,#531,#532,#533,#534));
#2300=EDGE_LOOP('',(#535,#536,#537,#538));
#2301=EDGE_LOOP('',(#539,#540,#541,#542));
#2302=EDGE_LOOP('',(#543,#544,#545,#546));
#2303=EDGE_LOOP('',(#547,#548,#549,#550));
#2304=EDGE_LOOP('',(#551,#552,#553,#554,#555));
#2305=EDGE_LOOP('',(#556,#557,#558,#559,#560,#561,#562));
#2306=EDGE_LOOP('',(#563,#564,#565,#566));
#2307=EDGE_LOOP('',(#567,#568,#569,#570));
#2308=EDGE_LOOP('',(#571,#572,#573,#574));
#2309=EDGE_LOOP('',(#575,#576,#577,#578,#579));
#2310=EDGE_LOOP('',(#580,#581,#582,#583,#584));
#2311=EDGE_LOOP('',(#585,#586,#587,#588));
#2312=EDGE_LOOP('',(#589,#590,#591,#592,#593));
#2313=EDGE_LOOP('',(#594,#595,#596,#597,#598));
#2314=EDGE_LOOP('',(#599,#600,#601,#602));
#2315=EDGE_LOOP('',(#603,#604,#605,#606,#607,#608,#609,#610));
#2316=EDGE_LOOP('',(#611,#612,#613,#614,#615,#616,#617,#618));
#2317=EDGE_LOOP('',(#619,#620,#621));
#2318=EDGE_LOOP('',(#622,#623,#624,#625));
#2319=EDGE_LOOP('',(#626,#627,#628));
#2320=EDGE_LOOP('',(#629,#630,#631,#632));
#2321=EDGE_LOOP('',(#633,#634,#635,#636));
#2322=EDGE_LOOP('',(#637,#638,#639,#640));
#2323=EDGE_LOOP('',(#641,#642,#643));
#2324=EDGE_LOOP('',(#644,#645,#646,#647));
#2325=EDGE_LOOP('',(#648,#649,#650,#651));
#2326=EDGE_LOOP('',(#652,#653,#654));
#2327=EDGE_LOOP('',(#655,#656,#657,#658));
#2328=EDGE_LOOP('',(#659,#660,#661,#662));
#2329=EDGE_LOOP('',(#663,#664,#665,#666));
#2330=EDGE_LOOP('',(#667,#668,#669,#670));
#2331=EDGE_LOOP('',(#671,#672,#673,#674));
#2332=EDGE_LOOP('',(#675,#676,#677,#678));
#2333=EDGE_LOOP('',(#679,#680,#681));
#2334=EDGE_LOOP('',(#682,#683,#684,#685));
#2335=EDGE_LOOP('',(#686,#687,#688,#689));
#2336=EDGE_LOOP('',(#690,#691,#692,#693));
#2337=EDGE_LOOP('',(#694,#695,#696));
#2338=EDGE_LOOP('',(#697,#698,#699));
#2339=EDGE_LOOP('',(#700,#701,#702,#703,#704));
#2340=EDGE_LOOP('',(#705,#706,#707,#708));
#2341=EDGE_LOOP('',(#709,#710,#711,#712));
#2342=EDGE_LOOP('',(#713,#714,#715,#716));
#2343=EDGE_LOOP('',(#717,#718,#719,#720));
#2344=EDGE_LOOP('',(#721,#722,#723,#724));
#2345=EDGE_LOOP('',(#725,#726,#727,#728));
#2346=EDGE_LOOP('',(#729,#730,#731,#732));
#2347=EDGE_LOOP('',(#733,#734,#735));
#2348=EDGE_LOOP('',(#736,#737,#738));
#2349=EDGE_LOOP('',(#739,#740,#741));
#2350=EDGE_LOOP('',(#742,#743,#744,#745));
#2351=EDGE_LOOP('',(#746,#747,#748,#749));
#2352=EDGE_LOOP('',(#750,#751,#752,#753));
#2353=EDGE_LOOP('',(#754,#755,#756,#757));
#2354=EDGE_LOOP('',(#758,#759,#760,#761));
#2355=EDGE_LOOP('',(#762,#763,#764,#765));
#2356=EDGE_LOOP('',(#766,#767,#768));
#2357=EDGE_LOOP('',(#769,#770,#771,#772));
#2358=EDGE_LOOP('',(#773,#774,#775));
#2359=EDGE_LOOP('',(#776,#777,#778,#779));
#2360=EDGE_LOOP('',(#780,#781,#782,#783));
#2361=EDGE_LOOP('',(#784,#785,#786,#787));
#2362=EDGE_LOOP('',(#788,#789,#790,#791));
#2363=EDGE_LOOP('',(#792,#793,#794,#795));
#2364=EDGE_LOOP('',(#796,#797,#798,#799));
#2365=EDGE_LOOP('',(#800,#801,#802,#803,#804));
#2366=EDGE_LOOP('',(#805,#806,#807,#808));
#2367=EDGE_LOOP('',(#809,#810,#811,#812));
#2368=EDGE_LOOP('',(#813,#814,#815,#816));
#2369=EDGE_LOOP('',(#817,#818,#819,#820));
#2370=EDGE_LOOP('',(#821,#822,#823,#824));
#2371=EDGE_LOOP('',(#825,#826,#827,#828));
#2372=EDGE_LOOP('',(#829,#830,#831,#832));
#2373=EDGE_LOOP('',(#833,#834,#835));
#2374=EDGE_LOOP('',(#836,#837,#838,#839));
#2375=EDGE_LOOP('',(#840,#841,#842,#843));
#2376=EDGE_LOOP('',(#844,#845,#846));
#2377=EDGE_LOOP('',(#847,#848,#849,#850));
#2378=EDGE_LOOP('',(#851,#852,#853,#854));
#2379=EDGE_LOOP('',(#855,#856,#857,#858));
#2380=EDGE_LOOP('',(#859,#860,#861,#862));
#2381=EDGE_LOOP('',(#863,#864,#865));
#2382=EDGE_LOOP('',(#866,#867,#868));
#2383=EDGE_LOOP('',(#869,#870,#871,#872));
#2384=EDGE_LOOP('',(#873,#874,#875,#876,#877));
#2385=EDGE_LOOP('',(#878));
#2386=EDGE_LOOP('',(#879,#880,#881,#882,#883,#884));
#2387=EDGE_LOOP('',(#885,#886,#887,#888));
#2388=EDGE_LOOP('',(#889,#890,#891,#892,#893,#894,#895));
#2389=EDGE_LOOP('',(#896,#897,#898,#899,#900,#901,#902,#903,#904,#905,#906,
#907,#908,#909,#910,#911));
#2390=EDGE_LOOP('',(#912,#913,#914,#915,#916,#917));
#2391=EDGE_LOOP('',(#918,#919,#920,#921));
#2392=EDGE_LOOP('',(#922,#923,#924,#925));
#2393=EDGE_LOOP('',(#926,#927,#928,#929));
#2394=EDGE_LOOP('',(#930));
#2395=EDGE_LOOP('',(#931,#932,#933,#934,#935));
#2396=EDGE_LOOP('',(#936,#937,#938,#939));
#2397=EDGE_LOOP('',(#940,#941,#942,#943));
#2398=EDGE_LOOP('',(#944,#945,#946,#947));
#2399=EDGE_LOOP('',(#948,#949,#950,#951));
#2400=EDGE_LOOP('',(#952,#953,#954,#955));
#2401=EDGE_LOOP('',(#956,#957,#958,#959));
#2402=EDGE_LOOP('',(#960,#961,#962,#963,#964));
#2403=EDGE_LOOP('',(#965,#966,#967,#968));
#2404=EDGE_LOOP('',(#969,#970,#971,#972,#973));
#2405=EDGE_LOOP('',(#974,#975,#976,#977,#978));
#2406=EDGE_LOOP('',(#979,#980,#981,#982));
#2407=EDGE_LOOP('',(#983,#984,#985,#986,#987));
#2408=EDGE_LOOP('',(#988,#989,#990,#991,#992));
#2409=EDGE_LOOP('',(#993,#994,#995,#996));
#2410=EDGE_LOOP('',(#997,#998,#999,#1000,#1001,#1002,#1003,#1004));
#2411=EDGE_LOOP('',(#1005,#1006,#1007));
#2412=EDGE_LOOP('',(#1008,#1009,#1010));
#2413=EDGE_LOOP('',(#1011,#1012,#1013,#1014));
#2414=EDGE_LOOP('',(#1015,#1016,#1017,#1018));
#2415=EDGE_LOOP('',(#1019,#1020,#1021,#1022));
#2416=EDGE_LOOP('',(#1023,#1024,#1025));
#2417=EDGE_LOOP('',(#1026,#1027,#1028,#1029));
#2418=EDGE_LOOP('',(#1030,#1031,#1032,#1033));
#2419=EDGE_LOOP('',(#1034,#1035,#1036));
#2420=EDGE_LOOP('',(#1037,#1038,#1039,#1040));
#2421=EDGE_LOOP('',(#1041,#1042,#1043,#1044));
#2422=EDGE_LOOP('',(#1045,#1046,#1047,#1048));
#2423=EDGE_LOOP('',(#1049,#1050,#1051,#1052));
#2424=EDGE_LOOP('',(#1053,#1054,#1055,#1056));
#2425=EDGE_LOOP('',(#1057,#1058,#1059,#1060));
#2426=EDGE_LOOP('',(#1061,#1062,#1063));
#2427=EDGE_LOOP('',(#1064,#1065,#1066,#1067));
#2428=EDGE_LOOP('',(#1068,#1069,#1070,#1071));
#2429=EDGE_LOOP('',(#1072,#1073,#1074,#1075));
#2430=EDGE_LOOP('',(#1076,#1077,#1078));
#2431=EDGE_LOOP('',(#1079,#1080,#1081));
#2432=EDGE_LOOP('',(#1082,#1083,#1084,#1085,#1086));
#2433=EDGE_LOOP('',(#1087,#1088,#1089,#1090));
#2434=EDGE_LOOP('',(#1091,#1092,#1093,#1094));
#2435=EDGE_LOOP('',(#1095,#1096,#1097,#1098));
#2436=EDGE_LOOP('',(#1099,#1100,#1101,#1102));
#2437=EDGE_LOOP('',(#1103,#1104,#1105,#1106));
#2438=EDGE_LOOP('',(#1107,#1108,#1109,#1110));
#2439=EDGE_LOOP('',(#1111,#1112,#1113,#1114));
#2440=EDGE_LOOP('',(#1115,#1116,#1117));
#2441=EDGE_LOOP('',(#1118,#1119,#1120));
#2442=EDGE_LOOP('',(#1121,#1122,#1123));
#2443=EDGE_LOOP('',(#1124,#1125,#1126,#1127));
#2444=EDGE_LOOP('',(#1128,#1129,#1130,#1131));
#2445=EDGE_LOOP('',(#1132,#1133,#1134,#1135));
#2446=EDGE_LOOP('',(#1136,#1137,#1138,#1139));
#2447=EDGE_LOOP('',(#1140,#1141,#1142,#1143));
#2448=EDGE_LOOP('',(#1144,#1145,#1146));
#2449=EDGE_LOOP('',(#1147,#1148,#1149,#1150));
#2450=EDGE_LOOP('',(#1151,#1152,#1153));
#2451=EDGE_LOOP('',(#1154,#1155,#1156,#1157));
#2452=EDGE_LOOP('',(#1158,#1159,#1160,#1161));
#2453=EDGE_LOOP('',(#1162,#1163,#1164,#1165));
#2454=EDGE_LOOP('',(#1166,#1167,#1168,#1169));
#2455=EDGE_LOOP('',(#1170,#1171,#1172,#1173));
#2456=EDGE_LOOP('',(#1174,#1175,#1176,#1177));
#2457=EDGE_LOOP('',(#1178,#1179,#1180,#1181,#1182));
#2458=EDGE_LOOP('',(#1183,#1184,#1185,#1186));
#2459=EDGE_LOOP('',(#1187,#1188,#1189,#1190));
#2460=EDGE_LOOP('',(#1191,#1192,#1193,#1194));
#2461=EDGE_LOOP('',(#1195,#1196,#1197,#1198));
#2462=EDGE_LOOP('',(#1199,#1200,#1201,#1202));
#2463=EDGE_LOOP('',(#1203,#1204,#1205,#1206));
#2464=EDGE_LOOP('',(#1207,#1208,#1209,#1210));
#2465=EDGE_LOOP('',(#1211,#1212,#1213));
#2466=EDGE_LOOP('',(#1214,#1215,#1216,#1217));
#2467=EDGE_LOOP('',(#1218,#1219,#1220,#1221));
#2468=EDGE_LOOP('',(#1222,#1223,#1224));
#2469=EDGE_LOOP('',(#1225,#1226,#1227,#1228));
#2470=EDGE_LOOP('',(#1229,#1230,#1231,#1232));
#2471=EDGE_LOOP('',(#1233,#1234,#1235,#1236));
#2472=EDGE_LOOP('',(#1237,#1238,#1239,#1240));
#2473=EDGE_LOOP('',(#1241,#1242,#1243));
#2474=EDGE_LOOP('',(#1244,#1245,#1246));
#2475=EDGE_LOOP('',(#1247,#1248,#1249,#1250));
#2476=FACE_BOUND('',#2278,.T.);
#2477=FACE_BOUND('',#2279,.T.);
#2478=FACE_BOUND('',#2280,.T.);
#2479=FACE_BOUND('',#2281,.T.);
#2480=FACE_BOUND('',#2282,.T.);
#2481=FACE_BOUND('',#2283,.T.);
#2482=FACE_BOUND('',#2284,.T.);
#2483=FACE_BOUND('',#2285,.T.);
#2484=FACE_BOUND('',#2286,.T.);
#2485=FACE_BOUND('',#2287,.T.);
#2486=FACE_BOUND('',#2288,.T.);
#2487=FACE_BOUND('',#2289,.T.);
#2488=FACE_BOUND('',#2290,.T.);
#2489=FACE_BOUND('',#2291,.T.);
#2490=FACE_BOUND('',#2292,.T.);
#2491=FACE_BOUND('',#2293,.T.);
#2492=FACE_BOUND('',#2294,.T.);
#2493=FACE_BOUND('',#2295,.T.);
#2494=FACE_BOUND('',#2296,.T.);
#2495=FACE_BOUND('',#2297,.T.);
#2496=FACE_BOUND('',#2298,.T.);
#2497=FACE_BOUND('',#2299,.T.);
#2498=FACE_BOUND('',#79,.T.);
#2499=FACE_BOUND('',#2300,.T.);
#2500=FACE_BOUND('',#2301,.T.);
#2501=FACE_BOUND('',#2302,.T.);
#2502=FACE_BOUND('',#2303,.T.);
#2503=FACE_BOUND('',#2304,.T.);
#2504=FACE_BOUND('',#2305,.T.);
#2505=FACE_BOUND('',#2306,.T.);
#2506=FACE_BOUND('',#2307,.T.);
#2507=FACE_BOUND('',#2308,.T.);
#2508=FACE_BOUND('',#2309,.T.);
#2509=FACE_BOUND('',#2310,.T.);
#2510=FACE_BOUND('',#2311,.T.);
#2511=FACE_BOUND('',#2312,.T.);
#2512=FACE_BOUND('',#2313,.T.);
#2513=FACE_BOUND('',#2314,.T.);
#2514=FACE_BOUND('',#2315,.T.);
#2515=FACE_BOUND('',#2316,.T.);
#2516=FACE_BOUND('',#2317,.T.);
#2517=FACE_BOUND('',#2318,.T.);
#2518=FACE_BOUND('',#2319,.T.);
#2519=FACE_BOUND('',#2320,.T.);
#2520=FACE_BOUND('',#2321,.T.);
#2521=FACE_BOUND('',#2322,.T.);
#2522=FACE_BOUND('',#2323,.T.);
#2523=FACE_BOUND('',#2324,.T.);
#2524=FACE_BOUND('',#2325,.T.);
#2525=FACE_BOUND('',#2326,.T.);
#2526=FACE_BOUND('',#2327,.T.);
#2527=FACE_BOUND('',#2328,.T.);
#2528=FACE_BOUND('',#2329,.T.);
#2529=FACE_BOUND('',#2330,.T.);
#2530=FACE_BOUND('',#2331,.T.);
#2531=FACE_BOUND('',#2332,.T.);
#2532=FACE_BOUND('',#2333,.T.);
#2533=FACE_BOUND('',#2334,.T.);
#2534=FACE_BOUND('',#2335,.T.);
#2535=FACE_BOUND('',#2336,.T.);
#2536=FACE_BOUND('',#2337,.T.);
#2537=FACE_BOUND('',#2338,.T.);
#2538=FACE_BOUND('',#2339,.T.);
#2539=FACE_BOUND('',#2340,.T.);
#2540=FACE_BOUND('',#2341,.T.);
#2541=FACE_BOUND('',#2342,.T.);
#2542=FACE_BOUND('',#2343,.T.);
#2543=FACE_BOUND('',#2344,.T.);
#2544=FACE_BOUND('',#2345,.T.);
#2545=FACE_BOUND('',#2346,.T.);
#2546=FACE_BOUND('',#2347,.T.);
#2547=FACE_BOUND('',#2348,.T.);
#2548=FACE_BOUND('',#2349,.T.);
#2549=FACE_BOUND('',#2350,.T.);
#2550=FACE_BOUND('',#2351,.T.);
#2551=FACE_BOUND('',#2352,.T.);
#2552=FACE_BOUND('',#2353,.T.);
#2553=FACE_BOUND('',#2354,.T.);
#2554=FACE_BOUND('',#2355,.T.);
#2555=FACE_BOUND('',#2356,.T.);
#2556=FACE_BOUND('',#2357,.T.);
#2557=FACE_BOUND('',#2358,.T.);
#2558=FACE_BOUND('',#2359,.T.);
#2559=FACE_BOUND('',#2360,.T.);
#2560=FACE_BOUND('',#2361,.T.);
#2561=FACE_BOUND('',#2362,.T.);
#2562=FACE_BOUND('',#2363,.T.);
#2563=FACE_BOUND('',#2364,.T.);
#2564=FACE_BOUND('',#2365,.T.);
#2565=FACE_BOUND('',#2366,.T.);
#2566=FACE_BOUND('',#2367,.T.);
#2567=FACE_BOUND('',#2368,.T.);
#2568=FACE_BOUND('',#2369,.T.);
#2569=FACE_BOUND('',#2370,.T.);
#2570=FACE_BOUND('',#2371,.T.);
#2571=FACE_BOUND('',#2372,.T.);
#2572=FACE_BOUND('',#2373,.T.);
#2573=FACE_BOUND('',#2374,.T.);
#2574=FACE_BOUND('',#2375,.T.);
#2575=FACE_BOUND('',#2376,.T.);
#2576=FACE_BOUND('',#2377,.T.);
#2577=FACE_BOUND('',#2378,.T.);
#2578=FACE_BOUND('',#2379,.T.);
#2579=FACE_BOUND('',#2380,.T.);
#2580=FACE_BOUND('',#2381,.T.);
#2581=FACE_BOUND('',#2382,.T.);
#2582=FACE_BOUND('',#2383,.T.);
#2583=FACE_BOUND('',#2384,.T.);
#2584=FACE_BOUND('',#2385,.T.);
#2585=FACE_BOUND('',#2386,.T.);
#2586=FACE_BOUND('',#2387,.T.);
#2587=FACE_BOUND('',#2388,.T.);
#2588=FACE_BOUND('',#2389,.T.);
#2589=FACE_BOUND('',#2390,.T.);
#2590=FACE_BOUND('',#2391,.T.);
#2591=FACE_BOUND('',#2392,.T.);
#2592=FACE_BOUND('',#2393,.T.);
#2593=FACE_BOUND('',#2394,.T.);
#2594=FACE_BOUND('',#2395,.T.);
#2595=FACE_BOUND('',#2396,.T.);
#2596=FACE_BOUND('',#2397,.T.);
#2597=FACE_BOUND('',#2398,.T.);
#2598=FACE_BOUND('',#2399,.T.);
#2599=FACE_BOUND('',#2400,.T.);
#2600=FACE_BOUND('',#2401,.T.);
#2601=FACE_BOUND('',#2402,.T.);
#2602=FACE_BOUND('',#2403,.T.);
#2603=FACE_BOUND('',#2404,.T.);
#2604=FACE_BOUND('',#2405,.T.);
#2605=FACE_BOUND('',#2406,.T.);
#2606=FACE_BOUND('',#2407,.T.);
#2607=FACE_BOUND('',#2408,.T.);
#2608=FACE_BOUND('',#2409,.T.);
#2609=FACE_BOUND('',#2410,.T.);
#2610=FACE_BOUND('',#2411,.T.);
#2611=FACE_BOUND('',#2412,.T.);
#2612=FACE_BOUND('',#2413,.T.);
#2613=FACE_BOUND('',#2414,.T.);
#2614=FACE_BOUND('',#2415,.T.);
#2615=FACE_BOUND('',#2416,.T.);
#2616=FACE_BOUND('',#2417,.T.);
#2617=FACE_BOUND('',#2418,.T.);
#2618=FACE_BOUND('',#2419,.T.);
#2619=FACE_BOUND('',#2420,.T.);
#2620=FACE_BOUND('',#2421,.T.);
#2621=FACE_BOUND('',#2422,.T.);
#2622=FACE_BOUND('',#2423,.T.);
#2623=FACE_BOUND('',#2424,.T.);
#2624=FACE_BOUND('',#2425,.T.);
#2625=FACE_BOUND('',#2426,.T.);
#2626=FACE_BOUND('',#2427,.T.);
#2627=FACE_BOUND('',#2428,.T.);
#2628=FACE_BOUND('',#2429,.T.);
#2629=FACE_BOUND('',#2430,.T.);
#2630=FACE_BOUND('',#2431,.T.);
#2631=FACE_BOUND('',#2432,.T.);
#2632=FACE_BOUND('',#2433,.T.);
#2633=FACE_BOUND('',#2434,.T.);
#2634=FACE_BOUND('',#2435,.T.);
#2635=FACE_BOUND('',#2436,.T.);
#2636=FACE_BOUND('',#2437,.T.);
#2637=FACE_BOUND('',#2438,.T.);
#2638=FACE_BOUND('',#2439,.T.);
#2639=FACE_BOUND('',#2440,.T.);
#2640=FACE_BOUND('',#2441,.T.);
#2641=FACE_BOUND('',#2442,.T.);
#2642=FACE_BOUND('',#2443,.T.);
#2643=FACE_BOUND('',#2444,.T.);
#2644=FACE_BOUND('',#2445,.T.);
#2645=FACE_BOUND('',#2446,.T.);
#2646=FACE_BOUND('',#2447,.T.);
#2647=FACE_BOUND('',#2448,.T.);
#2648=FACE_BOUND('',#2449,.T.);
#2649=FACE_BOUND('',#2450,.T.);
#2650=FACE_BOUND('',#2451,.T.);
#2651=FACE_BOUND('',#2452,.T.);
#2652=FACE_BOUND('',#2453,.T.);
#2653=FACE_BOUND('',#2454,.T.);
#2654=FACE_BOUND('',#2455,.T.);
#2655=FACE_BOUND('',#2456,.T.);
#2656=FACE_BOUND('',#2457,.T.);
#2657=FACE_BOUND('',#2458,.T.);
#2658=FACE_BOUND('',#2459,.T.);
#2659=FACE_BOUND('',#2460,.T.);
#2660=FACE_BOUND('',#2461,.T.);
#2661=FACE_BOUND('',#2462,.T.);
#2662=FACE_BOUND('',#2463,.T.);
#2663=FACE_BOUND('',#2464,.T.);
#2664=FACE_BOUND('',#2465,.T.);
#2665=FACE_BOUND('',#2466,.T.);
#2666=FACE_BOUND('',#2467,.T.);
#2667=FACE_BOUND('',#2468,.T.);
#2668=FACE_BOUND('',#2469,.T.);
#2669=FACE_BOUND('',#2470,.T.);
#2670=FACE_BOUND('',#2471,.T.);
#2671=FACE_BOUND('',#2472,.T.);
#2672=FACE_BOUND('',#2473,.T.);
#2673=FACE_BOUND('',#2474,.T.);
#2674=FACE_BOUND('',#2475,.T.);
#2675=PLANE('',#2919);
#2676=PLANE('',#2921);
#2677=PLANE('',#2923);
#2678=PLANE('',#2928);
#2679=PLANE('',#2929);
#2680=PLANE('',#2932);
#2681=PLANE('',#2937);
#2682=PLANE('',#2938);
#2683=PLANE('',#2940);
#2684=PLANE('',#2941);
#2685=PLANE('',#2948);
#2686=PLANE('',#2949);
#2687=PLANE('',#2950);
#2688=PLANE('',#2952);
#2689=PLANE('',#2953);
#2690=PLANE('',#2967);
#2691=PLANE('',#2968);
#2692=PLANE('',#2969);
#2693=PLANE('',#2970);
#2694=PLANE('',#2973);
#2695=PLANE('',#2974);
#2696=PLANE('',#2975);
#2697=PLANE('',#3128);
#2698=PLANE('',#3130);
#2699=PLANE('',#3131);
#2700=PLANE('',#3132);
#2701=PLANE('',#3135);
#2702=PLANE('',#3140);
#2703=PLANE('',#3142);
#2704=PLANE('',#3143);
#2705=PLANE('',#3144);
#2706=PLANE('',#3145);
#2707=PLANE('',#3146);
#2708=PLANE('',#3147);
#2709=PLANE('',#3148);
#2710=PLANE('',#3149);
#2711=PLANE('',#3150);
#2712=PLANE('',#3151);
#2713=PLANE('',#3152);
#2714=ADVANCED_FACE('',(#2476),#2675,.T.);
#2715=ADVANCED_FACE('',(#2477,#2478),#2676,.T.);
#2716=ADVANCED_FACE('',(#2479),#2677,.T.);
#2717=ADVANCED_FACE('',(#2480),#2678,.F.);
#2718=ADVANCED_FACE('',(#2481),#2679,.T.);
#2719=ADVANCED_FACE('',(#2482),#2680,.F.);
#2720=ADVANCED_FACE('',(#2483),#2681,.F.);
#2721=ADVANCED_FACE('',(#2484),#2682,.T.);
#2722=ADVANCED_FACE('',(#2485),#2683,.F.);
#2723=ADVANCED_FACE('',(#2486),#2684,.F.);
#2724=ADVANCED_FACE('',(#2487),#2685,.T.);
#2725=ADVANCED_FACE('',(#2488),#2686,.F.);
#2726=ADVANCED_FACE('',(#2489,#2490),#2687,.T.);
#2727=ADVANCED_FACE('',(#2491),#2688,.F.);
#2728=ADVANCED_FACE('',(#2492),#2689,.F.);
#2729=ADVANCED_FACE('',(#2493,#2494),#81,.F.);
#2730=ADVANCED_FACE('',(#2495,#2496),#82,.F.);
#2731=ADVANCED_FACE('',(#2497),#83,.T.);
#2732=ADVANCED_FACE('',(#2498,#2499),#80,.T.);
#2733=ADVANCED_FACE('',(#2500),#2690,.T.);
#2734=ADVANCED_FACE('',(#2501),#2691,.F.);
#2735=ADVANCED_FACE('',(#2502),#2692,.T.);
#2736=ADVANCED_FACE('',(#2503),#2693,.T.);
#2737=ADVANCED_FACE('',(#2504),#2694,.T.);
#2738=ADVANCED_FACE('',(#2505),#2695,.F.);
#2739=ADVANCED_FACE('',(#2506),#2696,.T.);
#2740=ADVANCED_FACE('',(#2507),#53,.F.);
#2741=ADVANCED_FACE('',(#2508),#84,.F.);
#2742=ADVANCED_FACE('',(#2509),#85,.F.);
#2743=ADVANCED_FACE('',(#2510),#86,.F.);
#2744=ADVANCED_FACE('',(#2511),#87,.F.);
#2745=ADVANCED_FACE('',(#2512),#88,.F.);
#2746=ADVANCED_FACE('',(#2513),#89,.F.);
#2747=ADVANCED_FACE('',(#2514),#38,.F.);
#2748=ADVANCED_FACE('',(#2515),#90,.F.);
#2749=ADVANCED_FACE('',(#2516),#39,.T.);
#2750=ADVANCED_FACE('',(#2517),#91,.T.);
#2751=ADVANCED_FACE('',(#2518),#40,.T.);
#2752=ADVANCED_FACE('',(#2519),#92,.T.);
#2753=ADVANCED_FACE('',(#2520),#93,.T.);
#2754=ADVANCED_FACE('',(#2521),#54,.T.);
#2755=ADVANCED_FACE('',(#2522),#12,.T.);
#2756=ADVANCED_FACE('',(#2523),#94,.T.);
#2757=ADVANCED_FACE('',(#2524),#95,.T.);
#2758=ADVANCED_FACE('',(#2525),#13,.T.);
#2759=ADVANCED_FACE('',(#2526),#96,.T.);
#2760=ADVANCED_FACE('',(#2527),#97,.T.);
#2761=ADVANCED_FACE('',(#2528),#55,.T.);
#2762=ADVANCED_FACE('',(#2529),#56,.T.);
#2763=ADVANCED_FACE('',(#2530),#57,.T.);
#2764=ADVANCED_FACE('',(#2531),#98,.T.);
#2765=ADVANCED_FACE('',(#2532),#41,.T.);
#2766=ADVANCED_FACE('',(#2533),#99,.T.);
#2767=ADVANCED_FACE('',(#2534),#100,.T.);
#2768=ADVANCED_FACE('',(#2535),#101,.T.);
#2769=ADVANCED_FACE('',(#2536),#14,.T.);
#2770=ADVANCED_FACE('',(#2537),#15,.T.);
#2771=ADVANCED_FACE('',(#2538),#58,.T.);
#2772=ADVANCED_FACE('',(#2539),#102,.T.);
#2773=ADVANCED_FACE('',(#2540),#103,.T.);
#2774=ADVANCED_FACE('',(#2541),#104,.T.);
#2775=ADVANCED_FACE('',(#2542),#105,.T.);
#2776=ADVANCED_FACE('',(#2543),#106,.T.);
#2777=ADVANCED_FACE('',(#2544),#42,.T.);
#2778=ADVANCED_FACE('',(#2545),#107,.T.);
#2779=ADVANCED_FACE('',(#2546),#16,.T.);
#2780=ADVANCED_FACE('',(#2547),#17,.T.);
#2781=ADVANCED_FACE('',(#2548),#18,.T.);
#2782=ADVANCED_FACE('',(#2549),#108,.T.);
#2783=ADVANCED_FACE('',(#2550),#109,.T.);
#2784=ADVANCED_FACE('',(#2551),#59,.T.);
#2785=ADVANCED_FACE('',(#2552),#110,.T.);
#2786=ADVANCED_FACE('',(#2553),#111,.T.);
#2787=ADVANCED_FACE('',(#2554),#112,.T.);
#2788=ADVANCED_FACE('',(#2555),#19,.T.);
#2789=ADVANCED_FACE('',(#2556),#43,.T.);
#2790=ADVANCED_FACE('',(#2557),#20,.T.);
#2791=ADVANCED_FACE('',(#2558),#60,.T.);
#2792=ADVANCED_FACE('',(#2559),#113,.T.);
#2793=ADVANCED_FACE('',(#2560),#114,.T.);
#2794=ADVANCED_FACE('',(#2561),#115,.T.);
#2795=ADVANCED_FACE('',(#2562),#116,.T.);
#2796=ADVANCED_FACE('',(#2563),#61,.T.);
#2797=ADVANCED_FACE('',(#2564),#44,.T.);
#2798=ADVANCED_FACE('',(#2565),#62,.T.);
#2799=ADVANCED_FACE('',(#2566),#63,.T.);
#2800=ADVANCED_FACE('',(#2567),#117,.T.);
#2801=ADVANCED_FACE('',(#2568),#45,.T.);
#2802=ADVANCED_FACE('',(#2569),#118,.T.);
#2803=ADVANCED_FACE('',(#2570),#119,.T.);
#2804=ADVANCED_FACE('',(#2571),#120,.T.);
#2805=ADVANCED_FACE('',(#2572),#21,.T.);
#2806=ADVANCED_FACE('',(#2573),#64,.T.);
#2807=ADVANCED_FACE('',(#2574),#65,.T.);
#2808=ADVANCED_FACE('',(#2575),#22,.T.);
#2809=ADVANCED_FACE('',(#2576),#121,.T.);
#2810=ADVANCED_FACE('',(#2577),#122,.T.);
#2811=ADVANCED_FACE('',(#2578),#123,.T.);
#2812=ADVANCED_FACE('',(#2579),#124,.T.);
#2813=ADVANCED_FACE('',(#2580),#23,.T.);
#2814=ADVANCED_FACE('',(#2581),#24,.T.);
#2815=ADVANCED_FACE('',(#2582),#125,.T.);
#2816=ADVANCED_FACE('',(#2583),#2697,.T.);
#2817=ADVANCED_FACE('',(#2584,#2585),#2698,.T.);
#2818=ADVANCED_FACE('',(#2586),#2699,.F.);
#2819=ADVANCED_FACE('',(#2587),#2700,.T.);
#2820=ADVANCED_FACE('',(#2588),#2701,.F.);
#2821=ADVANCED_FACE('',(#2589),#2702,.T.);
#2822=ADVANCED_FACE('',(#2590),#2703,.F.);
#2823=ADVANCED_FACE('',(#2591),#2704,.T.);
#2824=ADVANCED_FACE('',(#2592),#2705,.F.);
#2825=ADVANCED_FACE('',(#2593,#2594),#2706,.T.);
#2826=ADVANCED_FACE('',(#2595),#2707,.F.);
#2827=ADVANCED_FACE('',(#2596),#2708,.T.);
#2828=ADVANCED_FACE('',(#2597),#2709,.F.);
#2829=ADVANCED_FACE('',(#2598),#2710,.T.);
#2830=ADVANCED_FACE('',(#2599),#2711,.T.);
#2831=ADVANCED_FACE('',(#2600),#2712,.F.);
#2832=ADVANCED_FACE('',(#2601),#2713,.T.);
#2833=ADVANCED_FACE('',(#2602),#66,.F.);
#2834=ADVANCED_FACE('',(#2603),#126,.F.);
#2835=ADVANCED_FACE('',(#2604),#127,.F.);
#2836=ADVANCED_FACE('',(#2605),#128,.F.);
#2837=ADVANCED_FACE('',(#2606),#129,.F.);
#2838=ADVANCED_FACE('',(#2607),#130,.F.);
#2839=ADVANCED_FACE('',(#2608),#131,.F.);
#2840=ADVANCED_FACE('',(#2609),#132,.F.);
#2841=ADVANCED_FACE('',(#2610),#46,.T.);
#2842=ADVANCED_FACE('',(#2611),#47,.T.);
#2843=ADVANCED_FACE('',(#2612),#133,.T.);
#2844=ADVANCED_FACE('',(#2613),#134,.T.);
#2845=ADVANCED_FACE('',(#2614),#67,.T.);
#2846=ADVANCED_FACE('',(#2615),#25,.T.);
#2847=ADVANCED_FACE('',(#2616),#135,.T.);
#2848=ADVANCED_FACE('',(#2617),#136,.T.);
#2849=ADVANCED_FACE('',(#2618),#26,.T.);
#2850=ADVANCED_FACE('',(#2619),#137,.T.);
#2851=ADVANCED_FACE('',(#2620),#138,.T.);
#2852=ADVANCED_FACE('',(#2621),#68,.T.);
#2853=ADVANCED_FACE('',(#2622),#69,.T.);
#2854=ADVANCED_FACE('',(#2623),#70,.T.);
#2855=ADVANCED_FACE('',(#2624),#139,.T.);
#2856=ADVANCED_FACE('',(#2625),#48,.T.);
#2857=ADVANCED_FACE('',(#2626),#140,.T.);
#2858=ADVANCED_FACE('',(#2627),#141,.T.);
#2859=ADVANCED_FACE('',(#2628),#142,.T.);
#2860=ADVANCED_FACE('',(#2629),#27,.T.);
#2861=ADVANCED_FACE('',(#2630),#28,.T.);
#2862=ADVANCED_FACE('',(#2631),#71,.T.);
#2863=ADVANCED_FACE('',(#2632),#143,.T.);
#2864=ADVANCED_FACE('',(#2633),#144,.T.);
#2865=ADVANCED_FACE('',(#2634),#145,.T.);
#2866=ADVANCED_FACE('',(#2635),#146,.T.);
#2867=ADVANCED_FACE('',(#2636),#147,.T.);
#2868=ADVANCED_FACE('',(#2637),#49,.T.);
#2869=ADVANCED_FACE('',(#2638),#148,.T.);
#2870=ADVANCED_FACE('',(#2639),#29,.T.);
#2871=ADVANCED_FACE('',(#2640),#30,.T.);
#2872=ADVANCED_FACE('',(#2641),#31,.T.);
#2873=ADVANCED_FACE('',(#2642),#149,.T.);
#2874=ADVANCED_FACE('',(#2643),#72,.T.);
#2875=ADVANCED_FACE('',(#2644),#150,.T.);
#2876=ADVANCED_FACE('',(#2645),#151,.T.);
#2877=ADVANCED_FACE('',(#2646),#152,.T.);
#2878=ADVANCED_FACE('',(#2647),#32,.T.);
#2879=ADVANCED_FACE('',(#2648),#50,.T.);
#2880=ADVANCED_FACE('',(#2649),#33,.T.);
#2881=ADVANCED_FACE('',(#2650),#73,.T.);
#2882=ADVANCED_FACE('',(#2651),#153,.T.);
#2883=ADVANCED_FACE('',(#2652),#154,.T.);
#2884=ADVANCED_FACE('',(#2653),#155,.T.);
#2885=ADVANCED_FACE('',(#2654),#156,.T.);
#2886=ADVANCED_FACE('',(#2655),#74,.T.);
#2887=ADVANCED_FACE('',(#2656),#51,.T.);
#2888=ADVANCED_FACE('',(#2657),#75,.T.);
#2889=ADVANCED_FACE('',(#2658),#76,.T.);
#2890=ADVANCED_FACE('',(#2659),#157,.T.);
#2891=ADVANCED_FACE('',(#2660),#52,.T.);
#2892=ADVANCED_FACE('',(#2661),#158,.T.);
#2893=ADVANCED_FACE('',(#2662),#159,.T.);
#2894=ADVANCED_FACE('',(#2663),#160,.T.);
#2895=ADVANCED_FACE('',(#2664),#34,.T.);
#2896=ADVANCED_FACE('',(#2665),#77,.T.);
#2897=ADVANCED_FACE('',(#2666),#78,.T.);
#2898=ADVANCED_FACE('',(#2667),#35,.T.);
#2899=ADVANCED_FACE('',(#2668),#161,.T.);
#2900=ADVANCED_FACE('',(#2669),#162,.T.);
#2901=ADVANCED_FACE('',(#2670),#163,.T.);
#2902=ADVANCED_FACE('',(#2671),#164,.T.);
#2903=ADVANCED_FACE('',(#2672),#36,.T.);
#2904=ADVANCED_FACE('',(#2673),#37,.T.);
#2905=ADVANCED_FACE('',(#2674),#165,.T.);
#2906=CLOSED_SHELL('',(#2714,#2715,#2716,#2717,#2718,#2719,#2720,#2721,
#2722,#2723,#2724,#2725,#2726,#2727,#2728,#2729,#2730,#2731,#2732,#2733,
#2734,#2735,#2736,#2737,#2738,#2739,#2740,#2741,#2742,#2743,#2744,#2745,
#2746,#2747,#2748,#2749,#2750,#2751,#2752,#2753,#2754,#2755,#2756,#2757,
#2758,#2759,#2760,#2761,#2762,#2763,#2764,#2765,#2766,#2767,#2768,#2769,
#2770,#2771,#2772,#2773,#2774,#2775,#2776,#2777,#2778,#2779,#2780,#2781,
#2782,#2783,#2784,#2785,#2786,#2787,#2788,#2789,#2790,#2791,#2792,#2793,
#2794,#2795,#2796,#2797,#2798,#2799,#2800,#2801,#2802,#2803,#2804,#2805,
#2806,#2807,#2808,#2809,#2810,#2811,#2812,#2813,#2814,#2815,#2816,#2817,
#2818,#2819,#2820,#2821,#2822,#2823,#2824,#2825,#2826,#2827,#2828,#2829,
#2830,#2831,#2832,#2833,#2834,#2835,#2836,#2837,#2838,#2839,#2840,#2841,
#2842,#2843,#2844,#2845,#2846,#2847,#2848,#2849,#2850,#2851,#2852,#2853,
#2854,#2855,#2856,#2857,#2858,#2859,#2860,#2861,#2862,#2863,#2864,#2865,
#2866,#2867,#2868,#2869,#2870,#2871,#2872,#2873,#2874,#2875,#2876,#2877,
#2878,#2879,#2880,#2881,#2882,#2883,#2884,#2885,#2886,#2887,#2888,#2889,
#2890,#2891,#2892,#2893,#2894,#2895,#2896,#2897,#2898,#2899,#2900,#2901,
#2902,#2903,#2904,#2905));
#2907=STYLED_ITEM('',(#2908),#2915);
#2908=PRESENTATION_STYLE_ASSIGNMENT((#2909));
#2909=SURFACE_STYLE_USAGE(.BOTH.,#2910);
#2910=SURFACE_SIDE_STYLE('',(#2911));
#2911=SURFACE_STYLE_FILL_AREA(#2912);
#2912=FILL_AREA_STYLE('',(#2913));
#2913=FILL_AREA_STYLE_COLOUR('',#2914);
#2914=COLOUR_RGB('',0.615686274509804,0.811764705882353,0.929411764705882);
#2915=MANIFOLD_SOLID_BREP('Part 1',#2906);
#2916=SHAPE_DEFINITION_REPRESENTATION(#5603,#2917);
#2917=SHAPE_REPRESENTATION('Part 1',(#2918),#5598);
#2918=AXIS2_PLACEMENT_3D('',#4251,#3301,#3302);
#2919=AXIS2_PLACEMENT_3D('',#4252,#3303,#3304);
#2920=AXIS2_PLACEMENT_3D('',#4260,#3308,#3309);
#2921=AXIS2_PLACEMENT_3D('',#4263,#3311,#3312);
#2922=AXIS2_PLACEMENT_3D('',#4264,#3313,#3314);
#2923=AXIS2_PLACEMENT_3D('',#4278,#3321,#3322);
#2924=AXIS2_PLACEMENT_3D('',#4296,#3323,#3324);
#2925=AXIS2_PLACEMENT_3D('',#4304,#3328,#3329);
#2926=AXIS2_PLACEMENT_3D('',#4312,#3333,#3334);
#2927=AXIS2_PLACEMENT_3D('',#4320,#3338,#3339);
#2928=AXIS2_PLACEMENT_3D('',#4321,#3340,#3341);
#2929=AXIS2_PLACEMENT_3D('',#4330,#3346,#3347);
#2930=AXIS2_PLACEMENT_3D('',#4334,#3349,#3350);
#2931=AXIS2_PLACEMENT_3D('',#4342,#3354,#3355);
#2932=AXIS2_PLACEMENT_3D('',#4345,#3357,#3358);
#2933=AXIS2_PLACEMENT_3D('',#4354,#3363,#3364);
#2934=AXIS2_PLACEMENT_3D('',#4358,#3366,#3367);
#2935=AXIS2_PLACEMENT_3D('',#4366,#3371,#3372);
#2936=AXIS2_PLACEMENT_3D('',#4370,#3374,#3375);
#2937=AXIS2_PLACEMENT_3D('',#4375,#3378,#3379);
#2938=AXIS2_PLACEMENT_3D('',#4384,#3384,#3385);
#2939=AXIS2_PLACEMENT_3D('',#4387,#3387,#3388);
#2940=AXIS2_PLACEMENT_3D('',#4389,#3390,#3391);
#2941=AXIS2_PLACEMENT_3D('',#4398,#3396,#3397);
#2942=AXIS2_PLACEMENT_3D('',#4407,#3402,#3403);
#2943=AXIS2_PLACEMENT_3D('',#4409,#3404,#3405);
#2944=AXIS2_PLACEMENT_3D('',#4411,#3406,#3407);
#2945=AXIS2_PLACEMENT_3D('',#4423,#3413,#3414);
#2946=AXIS2_PLACEMENT_3D('',#4425,#3415,#3416);
#2947=AXIS2_PLACEMENT_3D('',#4427,#3417,#3418);
#2948=AXIS2_PLACEMENT_3D('',#4434,#3422,#3423);
#2949=AXIS2_PLACEMENT_3D('',#4443,#3428,#3429);
#2950=AXIS2_PLACEMENT_3D('',#4452,#3434,#3435);
#2951=AXIS2_PLACEMENT_3D('',#4453,#3436,#3437);
#2952=AXIS2_PLACEMENT_3D('',#4469,#3442,#3443);
#2953=AXIS2_PLACEMENT_3D('',#4478,#3448,#3449);
#2954=AXIS2_PLACEMENT_3D('',#4486,#3453,#3454);
#2955=AXIS2_PLACEMENT_3D('',#4501,#3457,#3458);
#2956=AXIS2_PLACEMENT_3D('',#4502,#3459,#3460);
#2957=AXIS2_PLACEMENT_3D('',#4503,#3461,#3462);
#2958=AXIS2_PLACEMENT_3D('',#4505,#3463,#3464);
#2959=AXIS2_PLACEMENT_3D('',#4506,#3465,#3466);
#2960=AXIS2_PLACEMENT_3D('',#4508,#3467,#3468);
#2961=AXIS2_PLACEMENT_3D('',#4512,#3470,#3471);
#2962=AXIS2_PLACEMENT_3D('',#4516,#3473,#3474);
#2963=AXIS2_PLACEMENT_3D('',#4518,#3475,#3476);
#2964=AXIS2_PLACEMENT_3D('',#4522,#3478,#3479);
#2965=AXIS2_PLACEMENT_3D('',#4526,#3481,#3482);
#2966=AXIS2_PLACEMENT_3D('',#4527,#3483,#3484);
#2967=AXIS2_PLACEMENT_3D('',#4562,#3485,#3486);
#2968=AXIS2_PLACEMENT_3D('',#4571,#3491,#3492);
#2969=AXIS2_PLACEMENT_3D('',#4580,#3497,#3498);
#2970=AXIS2_PLACEMENT_3D('',#4586,#3502,#3503);
#2971=AXIS2_PLACEMENT_3D('',#4587,#3504,#3505);
#2972=AXIS2_PLACEMENT_3D('',#4590,#3506,#3507);
#2973=AXIS2_PLACEMENT_3D('',#4597,#3511,#3512);
#2974=AXIS2_PLACEMENT_3D('',#4619,#3518,#3519);
#2975=AXIS2_PLACEMENT_3D('',#4628,#3524,#3525);
#2976=AXIS2_PLACEMENT_3D('',#4634,#3529,#3530);
#2977=AXIS2_PLACEMENT_3D('',#4649,#3531,#3532);
#2978=AXIS2_PLACEMENT_3D('',#4650,#3533,#3534);
#2979=AXIS2_PLACEMENT_3D('',#4659,#3535,#3536);
#2980=AXIS2_PLACEMENT_3D('',#4660,#3537,#3538);
#2981=AXIS2_PLACEMENT_3D('',#4661,#3539,#3540);
#2982=AXIS2_PLACEMENT_3D('',#4662,#3541,#3542);
#2983=AXIS2_PLACEMENT_3D('',#4671,#3543,#3544);
#2984=AXIS2_PLACEMENT_3D('',#4672,#3545,#3546);
#2985=AXIS2_PLACEMENT_3D('',#4673,#3547,#3548);
#2986=AXIS2_PLACEMENT_3D('',#4674,#3549,#3550);
#2987=AXIS2_PLACEMENT_3D('',#4675,#3551,#3552);
#2988=AXIS2_PLACEMENT_3D('',#4681,#3553,#3554);
#2989=AXIS2_PLACEMENT_3D('',#4682,#3555,#3556);
#2990=AXIS2_PLACEMENT_3D('',#4683,#3557,#3558);
#2991=AXIS2_PLACEMENT_3D('',#4684,#3559,#3560);
#2992=AXIS2_PLACEMENT_3D('',#4686,#3561,#3562);
#2993=AXIS2_PLACEMENT_3D('',#4687,#3563,#3564);
#2994=AXIS2_PLACEMENT_3D('',#4688,#3565,#3566);
#2995=AXIS2_PLACEMENT_3D('',#4689,#3567,#3568);
#2996=AXIS2_PLACEMENT_3D('',#4809,#3569,#3570);
#2997=AXIS2_PLACEMENT_3D('',#4810,#3571,#3572);
#2998=AXIS2_PLACEMENT_3D('',#4843,#3574,#3575);
#2999=AXIS2_PLACEMENT_3D('',#4844,#3576,#3577);
#3000=AXIS2_PLACEMENT_3D('',#4845,#3578,#3579);
#3001=AXIS2_PLACEMENT_3D('',#4846,#3580,#3581);
#3002=AXIS2_PLACEMENT_3D('',#4874,#3582,#3583);
#3003=AXIS2_PLACEMENT_3D('',#4875,#3584,#3585);
#3004=AXIS2_PLACEMENT_3D('',#4876,#3586,#3587);
#3005=AXIS2_PLACEMENT_3D('',#4877,#3588,#3589);
#3006=AXIS2_PLACEMENT_3D('',#4878,#3590,#3591);
#3007=AXIS2_PLACEMENT_3D('',#4879,#3592,#3593);
#3008=AXIS2_PLACEMENT_3D('',#4880,#3594,#3595);
#3009=AXIS2_PLACEMENT_3D('',#4881,#3596,#3597);
#3010=AXIS2_PLACEMENT_3D('',#4882,#3598,#3599);
#3011=AXIS2_PLACEMENT_3D('',#4883,#3600,#3601);
#3012=AXIS2_PLACEMENT_3D('',#4884,#3602,#3603);
#3013=AXIS2_PLACEMENT_3D('',#4885,#3604,#3605);
#3014=AXIS2_PLACEMENT_3D('',#4886,#3606,#3607);
#3015=AXIS2_PLACEMENT_3D('',#4887,#3608,#3609);
#3016=AXIS2_PLACEMENT_3D('',#4888,#3610,#3611);
#3017=AXIS2_PLACEMENT_3D('',#4889,#3612,#3613);
#3018=AXIS2_PLACEMENT_3D('',#4890,#3614,#3615);
#3019=AXIS2_PLACEMENT_3D('',#4891,#3616,#3617);
#3020=AXIS2_PLACEMENT_3D('',#4892,#3618,#3619);
#3021=AXIS2_PLACEMENT_3D('',#4893,#3620,#3621);
#3022=AXIS2_PLACEMENT_3D('',#4894,#3622,#3623);
#3023=AXIS2_PLACEMENT_3D('',#4895,#3624,#3625);
#3024=AXIS2_PLACEMENT_3D('',#4896,#3626,#3627);
#3025=AXIS2_PLACEMENT_3D('',#4897,#3628,#3629);
#3026=AXIS2_PLACEMENT_3D('',#4898,#3630,#3631);
#3027=AXIS2_PLACEMENT_3D('',#4899,#3632,#3633);
#3028=AXIS2_PLACEMENT_3D('',#4900,#3634,#3635);
#3029=AXIS2_PLACEMENT_3D('',#4922,#3636,#3637);
#3030=AXIS2_PLACEMENT_3D('',#4923,#3638,#3639);
#3031=AXIS2_PLACEMENT_3D('',#4924,#3640,#3641);
#3032=AXIS2_PLACEMENT_3D('',#4925,#3642,#3643);
#3033=AXIS2_PLACEMENT_3D('',#4926,#3644,#3645);
#3034=AXIS2_PLACEMENT_3D('',#4927,#3646,#3647);
#3035=AXIS2_PLACEMENT_3D('',#4928,#3648,#3649);
#3036=AXIS2_PLACEMENT_3D('',#4929,#3650,#3651);
#3037=AXIS2_PLACEMENT_3D('',#4930,#3652,#3653);
#3038=AXIS2_PLACEMENT_3D('',#4931,#3654,#3655);
#3039=AXIS2_PLACEMENT_3D('',#4932,#3656,#3657);
#3040=AXIS2_PLACEMENT_3D('',#4933,#3658,#3659);
#3041=AXIS2_PLACEMENT_3D('',#4934,#3660,#3661);
#3042=AXIS2_PLACEMENT_3D('',#4935,#3662,#3663);
#3043=AXIS2_PLACEMENT_3D('',#4940,#3664,#3665);
#3044=AXIS2_PLACEMENT_3D('',#4941,#3666,#3667);
#3045=AXIS2_PLACEMENT_3D('',#4942,#3668,#3669);
#3046=AXIS2_PLACEMENT_3D('',#4943,#3670,#3671);
#3047=AXIS2_PLACEMENT_3D('',#4944,#3672,#3673);
#3048=AXIS2_PLACEMENT_3D('',#4945,#3674,#3675);
#3049=AXIS2_PLACEMENT_3D('',#4946,#3676,#3677);
#3050=AXIS2_PLACEMENT_3D('',#4947,#3678,#3679);
#3051=AXIS2_PLACEMENT_3D('',#4948,#3680,#3681);
#3052=AXIS2_PLACEMENT_3D('',#4949,#3682,#3683);
#3053=AXIS2_PLACEMENT_3D('',#4962,#3684,#3685);
#3054=AXIS2_PLACEMENT_3D('',#4963,#3686,#3687);
#3055=AXIS2_PLACEMENT_3D('',#4964,#3688,#3689);
#3056=AXIS2_PLACEMENT_3D('',#4965,#3690,#3691);
#3057=AXIS2_PLACEMENT_3D('',#4966,#3692,#3693);
#3058=AXIS2_PLACEMENT_3D('',#4967,#3694,#3695);
#3059=AXIS2_PLACEMENT_3D('',#4968,#3696,#3697);
#3060=AXIS2_PLACEMENT_3D('',#4969,#3698,#3699);
#3061=AXIS2_PLACEMENT_3D('',#4970,#3700,#3701);
#3062=AXIS2_PLACEMENT_3D('',#4971,#3702,#3703);
#3063=AXIS2_PLACEMENT_3D('',#4972,#3704,#3705);
#3064=AXIS2_PLACEMENT_3D('',#4973,#3706,#3707);
#3065=AXIS2_PLACEMENT_3D('',#4974,#3708,#3709);
#3066=AXIS2_PLACEMENT_3D('',#4975,#3710,#3711);
#3067=AXIS2_PLACEMENT_3D('',#4976,#3712,#3713);
#3068=AXIS2_PLACEMENT_3D('',#4977,#3714,#3715);
#3069=AXIS2_PLACEMENT_3D('',#4978,#3716,#3717);
#3070=AXIS2_PLACEMENT_3D('',#4979,#3718,#3719);
#3071=AXIS2_PLACEMENT_3D('',#4980,#3720,#3721);
#3072=AXIS2_PLACEMENT_3D('',#4981,#3722,#3723);
#3073=AXIS2_PLACEMENT_3D('',#4982,#3724,#3725);
#3074=AXIS2_PLACEMENT_3D('',#4983,#3726,#3727);
#3075=AXIS2_PLACEMENT_3D('',#4984,#3728,#3729);
#3076=AXIS2_PLACEMENT_3D('',#4985,#3730,#3731);
#3077=AXIS2_PLACEMENT_3D('',#4986,#3732,#3733);
#3078=AXIS2_PLACEMENT_3D('',#5008,#3734,#3735);
#3079=AXIS2_PLACEMENT_3D('',#5009,#3736,#3737);
#3080=AXIS2_PLACEMENT_3D('',#5010,#3738,#3739);
#3081=AXIS2_PLACEMENT_3D('',#5011,#3740,#3741);
#3082=AXIS2_PLACEMENT_3D('',#5012,#3742,#3743);
#3083=AXIS2_PLACEMENT_3D('',#5013,#3744,#3745);
#3084=AXIS2_PLACEMENT_3D('',#5014,#3746,#3747);
#3085=AXIS2_PLACEMENT_3D('',#5015,#3748,#3749);
#3086=AXIS2_PLACEMENT_3D('',#5020,#3750,#3751);
#3087=AXIS2_PLACEMENT_3D('',#5021,#3752,#3753);
#3088=AXIS2_PLACEMENT_3D('',#5022,#3754,#3755);
#3089=AXIS2_PLACEMENT_3D('',#5023,#3756,#3757);
#3090=AXIS2_PLACEMENT_3D('',#5024,#3758,#3759);
#3091=AXIS2_PLACEMENT_3D('',#5025,#3760,#3761);
#3092=AXIS2_PLACEMENT_3D('',#5041,#3762,#3763);
#3093=AXIS2_PLACEMENT_3D('',#5042,#3764,#3765);
#3094=AXIS2_PLACEMENT_3D('',#5043,#3766,#3767);
#3095=AXIS2_PLACEMENT_3D('',#5044,#3768,#3769);
#3096=AXIS2_PLACEMENT_3D('',#5045,#3770,#3771);
#3097=AXIS2_PLACEMENT_3D('',#5046,#3772,#3773);
#3098=AXIS2_PLACEMENT_3D('',#5047,#3774,#3775);
#3099=AXIS2_PLACEMENT_3D('',#5060,#3776,#3777);
#3100=AXIS2_PLACEMENT_3D('',#5061,#3778,#3779);
#3101=AXIS2_PLACEMENT_3D('',#5062,#3780,#3781);
#3102=AXIS2_PLACEMENT_3D('',#5063,#3782,#3783);
#3103=AXIS2_PLACEMENT_3D('',#5064,#3784,#3785);
#3104=AXIS2_PLACEMENT_3D('',#5065,#3786,#3787);
#3105=AXIS2_PLACEMENT_3D('',#5066,#3788,#3789);
#3106=AXIS2_PLACEMENT_3D('',#5067,#3790,#3791);
#3107=AXIS2_PLACEMENT_3D('',#5068,#3792,#3793);
#3108=AXIS2_PLACEMENT_3D('',#5069,#3794,#3795);
#3109=AXIS2_PLACEMENT_3D('',#5070,#3796,#3797);
#3110=AXIS2_PLACEMENT_3D('',#5071,#3798,#3799);
#3111=AXIS2_PLACEMENT_3D('',#5072,#3800,#3801);
#3112=AXIS2_PLACEMENT_3D('',#5073,#3802,#3803);
#3113=AXIS2_PLACEMENT_3D('',#5074,#3804,#3805);
#3114=AXIS2_PLACEMENT_3D('',#5075,#3806,#3807);
#3115=AXIS2_PLACEMENT_3D('',#5076,#3808,#3809);
#3116=AXIS2_PLACEMENT_3D('',#5077,#3810,#3811);
#3117=AXIS2_PLACEMENT_3D('',#5078,#3812,#3813);
#3118=AXIS2_PLACEMENT_3D('',#5079,#3814,#3815);
#3119=AXIS2_PLACEMENT_3D('',#5080,#3816,#3817);
#3120=AXIS2_PLACEMENT_3D('',#5081,#3818,#3819);
#3121=AXIS2_PLACEMENT_3D('',#5082,#3820,#3821);
#3122=AXIS2_PLACEMENT_3D('',#5083,#3822,#3823);
#3123=AXIS2_PLACEMENT_3D('',#5084,#3824,#3825);
#3124=AXIS2_PLACEMENT_3D('',#5085,#3826,#3827);
#3125=AXIS2_PLACEMENT_3D('',#5086,#3828,#3829);
#3126=AXIS2_PLACEMENT_3D('',#5087,#3830,#3831);
#3127=AXIS2_PLACEMENT_3D('',#5088,#3832,#3833);
#3128=AXIS2_PLACEMENT_3D('',#5089,#3834,#3835);
#3129=AXIS2_PLACEMENT_3D('',#5095,#3838,#3839);
#3130=AXIS2_PLACEMENT_3D('',#5100,#3842,#3843);
#3131=AXIS2_PLACEMENT_3D('',#5113,#3850,#3851);
#3132=AXIS2_PLACEMENT_3D('',#5122,#3856,#3857);
#3133=AXIS2_PLACEMENT_3D('',#5128,#3860,#3861);
#3134=AXIS2_PLACEMENT_3D('',#5133,#3864,#3865);
#3135=AXIS2_PLACEMENT_3D('',#5134,#3866,#3867);
#3136=AXIS2_PLACEMENT_3D('',#5141,#3871,#3872);
#3137=AXIS2_PLACEMENT_3D('',#5145,#3874,#3875);
#3138=AXIS2_PLACEMENT_3D('',#5153,#3879,#3880);
#3139=AXIS2_PLACEMENT_3D('',#5157,#3882,#3883);
#3140=AXIS2_PLACEMENT_3D('',#5164,#3887,#3888);
#3141=AXIS2_PLACEMENT_3D('',#5165,#3889,#3890);
#3142=AXIS2_PLACEMENT_3D('',#5166,#3891,#3892);
#3143=AXIS2_PLACEMENT_3D('',#5175,#3897,#3898);
#3144=AXIS2_PLACEMENT_3D('',#5184,#3903,#3904);
#3145=AXIS2_PLACEMENT_3D('',#5193,#3909,#3910);
#3146=AXIS2_PLACEMENT_3D('',#5208,#3915,#3916);
#3147=AXIS2_PLACEMENT_3D('',#5217,#3921,#3922);
#3148=AXIS2_PLACEMENT_3D('',#5223,#3926,#3927);
#3149=AXIS2_PLACEMENT_3D('',#5232,#3932,#3933);
#3150=AXIS2_PLACEMENT_3D('',#5241,#3938,#3939);
#3151=AXIS2_PLACEMENT_3D('',#5247,#3943,#3944);
#3152=AXIS2_PLACEMENT_3D('',#5256,#3949,#3950);
#3153=AXIS2_PLACEMENT_3D('',#5257,#3951,#3952);
#3154=AXIS2_PLACEMENT_3D('',#5266,#3956,#3957);
#3155=AXIS2_PLACEMENT_3D('',#5267,#3958,#3959);
#3156=AXIS2_PLACEMENT_3D('',#5282,#3960,#3961);
#3157=AXIS2_PLACEMENT_3D('',#5283,#3962,#3963);
#3158=AXIS2_PLACEMENT_3D('',#5285,#3964,#3965);
#3159=AXIS2_PLACEMENT_3D('',#5293,#3966,#3967);
#3160=AXIS2_PLACEMENT_3D('',#5302,#3968,#3969);
#3161=AXIS2_PLACEMENT_3D('',#5303,#3970,#3971);
#3162=AXIS2_PLACEMENT_3D('',#5304,#3972,#3973);
#3163=AXIS2_PLACEMENT_3D('',#5305,#3974,#3975);
#3164=AXIS2_PLACEMENT_3D('',#5306,#3976,#3977);
#3165=AXIS2_PLACEMENT_3D('',#5307,#3978,#3979);
#3166=AXIS2_PLACEMENT_3D('',#5308,#3980,#3981);
#3167=AXIS2_PLACEMENT_3D('',#5314,#3982,#3983);
#3168=AXIS2_PLACEMENT_3D('',#5315,#3984,#3985);
#3169=AXIS2_PLACEMENT_3D('',#5316,#3986,#3987);
#3170=AXIS2_PLACEMENT_3D('',#5318,#3988,#3989);
#3171=AXIS2_PLACEMENT_3D('',#5319,#3990,#3991);
#3172=AXIS2_PLACEMENT_3D('',#5320,#3992,#3993);
#3173=AXIS2_PLACEMENT_3D('',#5321,#3994,#3995);
#3174=AXIS2_PLACEMENT_3D('',#5322,#3996,#3997);
#3175=AXIS2_PLACEMENT_3D('',#5323,#3998,#3999);
#3176=AXIS2_PLACEMENT_3D('',#5338,#4001,#4002);
#3177=AXIS2_PLACEMENT_3D('',#5357,#4003,#4004);
#3178=AXIS2_PLACEMENT_3D('',#5385,#4005,#4006);
#3179=AXIS2_PLACEMENT_3D('',#5386,#4007,#4008);
#3180=AXIS2_PLACEMENT_3D('',#5387,#4009,#4010);
#3181=AXIS2_PLACEMENT_3D('',#5388,#4011,#4012);
#3182=AXIS2_PLACEMENT_3D('',#5389,#4013,#4014);
#3183=AXIS2_PLACEMENT_3D('',#5390,#4015,#4016);
#3184=AXIS2_PLACEMENT_3D('',#5391,#4017,#4018);
#3185=AXIS2_PLACEMENT_3D('',#5392,#4019,#4020);
#3186=AXIS2_PLACEMENT_3D('',#5393,#4021,#4022);
#3187=AXIS2_PLACEMENT_3D('',#5394,#4023,#4024);
#3188=AXIS2_PLACEMENT_3D('',#5395,#4025,#4026);
#3189=AXIS2_PLACEMENT_3D('',#5396,#4027,#4028);
#3190=AXIS2_PLACEMENT_3D('',#5397,#4029,#4030);
#3191=AXIS2_PLACEMENT_3D('',#5398,#4031,#4032);
#3192=AXIS2_PLACEMENT_3D('',#5399,#4033,#4034);
#3193=AXIS2_PLACEMENT_3D('',#5400,#4035,#4036);
#3194=AXIS2_PLACEMENT_3D('',#5401,#4037,#4038);
#3195=AXIS2_PLACEMENT_3D('',#5402,#4039,#4040);
#3196=AXIS2_PLACEMENT_3D('',#5403,#4041,#4042);
#3197=AXIS2_PLACEMENT_3D('',#5404,#4043,#4044);
#3198=AXIS2_PLACEMENT_3D('',#5405,#4045,#4046);
#3199=AXIS2_PLACEMENT_3D('',#5406,#4047,#4048);
#3200=AXIS2_PLACEMENT_3D('',#5407,#4049,#4050);
#3201=AXIS2_PLACEMENT_3D('',#5408,#4051,#4052);
#3202=AXIS2_PLACEMENT_3D('',#5409,#4053,#4054);
#3203=AXIS2_PLACEMENT_3D('',#5410,#4055,#4056);
#3204=AXIS2_PLACEMENT_3D('',#5411,#4057,#4058);
#3205=AXIS2_PLACEMENT_3D('',#5433,#4059,#4060);
#3206=AXIS2_PLACEMENT_3D('',#5434,#4061,#4062);
#3207=AXIS2_PLACEMENT_3D('',#5435,#4063,#4064);
#3208=AXIS2_PLACEMENT_3D('',#5436,#4065,#4066);
#3209=AXIS2_PLACEMENT_3D('',#5437,#4067,#4068);
#3210=AXIS2_PLACEMENT_3D('',#5438,#4069,#4070);
#3211=AXIS2_PLACEMENT_3D('',#5439,#4071,#4072);
#3212=AXIS2_PLACEMENT_3D('',#5440,#4073,#4074);
#3213=AXIS2_PLACEMENT_3D('',#5441,#4075,#4076);
#3214=AXIS2_PLACEMENT_3D('',#5442,#4077,#4078);
#3215=AXIS2_PLACEMENT_3D('',#5443,#4079,#4080);
#3216=AXIS2_PLACEMENT_3D('',#5444,#4081,#4082);
#3217=AXIS2_PLACEMENT_3D('',#5445,#4083,#4084);
#3218=AXIS2_PLACEMENT_3D('',#5446,#4085,#4086);
#3219=AXIS2_PLACEMENT_3D('',#5451,#4087,#4088);
#3220=AXIS2_PLACEMENT_3D('',#5452,#4089,#4090);
#3221=AXIS2_PLACEMENT_3D('',#5453,#4091,#4092);
#3222=AXIS2_PLACEMENT_3D('',#5454,#4093,#4094);
#3223=AXIS2_PLACEMENT_3D('',#5455,#4095,#4096);
#3224=AXIS2_PLACEMENT_3D('',#5456,#4097,#4098);
#3225=AXIS2_PLACEMENT_3D('',#5457,#4099,#4100);
#3226=AXIS2_PLACEMENT_3D('',#5458,#4101,#4102);
#3227=AXIS2_PLACEMENT_3D('',#5459,#4103,#4104);
#3228=AXIS2_PLACEMENT_3D('',#5460,#4105,#4106);
#3229=AXIS2_PLACEMENT_3D('',#5473,#4107,#4108);
#3230=AXIS2_PLACEMENT_3D('',#5474,#4109,#4110);
#3231=AXIS2_PLACEMENT_3D('',#5475,#4111,#4112);
#3232=AXIS2_PLACEMENT_3D('',#5476,#4113,#4114);
#3233=AXIS2_PLACEMENT_3D('',#5477,#4115,#4116);
#3234=AXIS2_PLACEMENT_3D('',#5478,#4117,#4118);
#3235=AXIS2_PLACEMENT_3D('',#5479,#4119,#4120);
#3236=AXIS2_PLACEMENT_3D('',#5480,#4121,#4122);
#3237=AXIS2_PLACEMENT_3D('',#5481,#4123,#4124);
#3238=AXIS2_PLACEMENT_3D('',#5482,#4125,#4126);
#3239=AXIS2_PLACEMENT_3D('',#5483,#4127,#4128);
#3240=AXIS2_PLACEMENT_3D('',#5484,#4129,#4130);
#3241=AXIS2_PLACEMENT_3D('',#5485,#4131,#4132);
#3242=AXIS2_PLACEMENT_3D('',#5486,#4133,#4134);
#3243=AXIS2_PLACEMENT_3D('',#5487,#4135,#4136);
#3244=AXIS2_PLACEMENT_3D('',#5488,#4137,#4138);
#3245=AXIS2_PLACEMENT_3D('',#5489,#4139,#4140);
#3246=AXIS2_PLACEMENT_3D('',#5490,#4141,#4142);
#3247=AXIS2_PLACEMENT_3D('',#5491,#4143,#4144);
#3248=AXIS2_PLACEMENT_3D('',#5492,#4145,#4146);
#3249=AXIS2_PLACEMENT_3D('',#5493,#4147,#4148);
#3250=AXIS2_PLACEMENT_3D('',#5494,#4149,#4150);
#3251=AXIS2_PLACEMENT_3D('',#5516,#4151,#4152);
#3252=AXIS2_PLACEMENT_3D('',#5517,#4153,#4154);
#3253=AXIS2_PLACEMENT_3D('',#5518,#4155,#4156);
#3254=AXIS2_PLACEMENT_3D('',#5519,#4157,#4158);
#3255=AXIS2_PLACEMENT_3D('',#5520,#4159,#4160);
#3256=AXIS2_PLACEMENT_3D('',#5521,#4161,#4162);
#3257=AXIS2_PLACEMENT_3D('',#5522,#4163,#4164);
#3258=AXIS2_PLACEMENT_3D('',#5523,#4165,#4166);
#3259=AXIS2_PLACEMENT_3D('',#5528,#4167,#4168);
#3260=AXIS2_PLACEMENT_3D('',#5529,#4169,#4170);
#3261=AXIS2_PLACEMENT_3D('',#5530,#4171,#4172);
#3262=AXIS2_PLACEMENT_3D('',#5531,#4173,#4174);
#3263=AXIS2_PLACEMENT_3D('',#5532,#4175,#4176);
#3264=AXIS2_PLACEMENT_3D('',#5533,#4177,#4178);
#3265=AXIS2_PLACEMENT_3D('',#5549,#4179,#4180);
#3266=AXIS2_PLACEMENT_3D('',#5550,#4181,#4182);
#3267=AXIS2_PLACEMENT_3D('',#5551,#4183,#4184);
#3268=AXIS2_PLACEMENT_3D('',#5552,#4185,#4186);
#3269=AXIS2_PLACEMENT_3D('',#5553,#4187,#4188);
#3270=AXIS2_PLACEMENT_3D('',#5554,#4189,#4190);
#3271=AXIS2_PLACEMENT_3D('',#5555,#4191,#4192);
#3272=AXIS2_PLACEMENT_3D('',#5568,#4193,#4194);
#3273=AXIS2_PLACEMENT_3D('',#5569,#4195,#4196);
#3274=AXIS2_PLACEMENT_3D('',#5570,#4197,#4198);
#3275=AXIS2_PLACEMENT_3D('',#5571,#4199,#4200);
#3276=AXIS2_PLACEMENT_3D('',#5572,#4201,#4202);
#3277=AXIS2_PLACEMENT_3D('',#5573,#4203,#4204);
#3278=AXIS2_PLACEMENT_3D('',#5574,#4205,#4206);
#3279=AXIS2_PLACEMENT_3D('',#5575,#4207,#4208);
#3280=AXIS2_PLACEMENT_3D('',#5576,#4209,#4210);
#3281=AXIS2_PLACEMENT_3D('',#5577,#4211,#4212);
#3282=AXIS2_PLACEMENT_3D('',#5578,#4213,#4214);
#3283=AXIS2_PLACEMENT_3D('',#5579,#4215,#4216);
#3284=AXIS2_PLACEMENT_3D('',#5580,#4217,#4218);
#3285=AXIS2_PLACEMENT_3D('',#5581,#4219,#4220);
#3286=AXIS2_PLACEMENT_3D('',#5582,#4221,#4222);
#3287=AXIS2_PLACEMENT_3D('',#5583,#4223,#4224);
#3288=AXIS2_PLACEMENT_3D('',#5584,#4225,#4226);
#3289=AXIS2_PLACEMENT_3D('',#5585,#4227,#4228);
#3290=AXIS2_PLACEMENT_3D('',#5586,#4229,#4230);
#3291=AXIS2_PLACEMENT_3D('',#5587,#4231,#4232);
#3292=AXIS2_PLACEMENT_3D('',#5588,#4233,#4234);
#3293=AXIS2_PLACEMENT_3D('',#5589,#4235,#4236);
#3294=AXIS2_PLACEMENT_3D('',#5590,#4237,#4238);
#3295=AXIS2_PLACEMENT_3D('',#5591,#4239,#4240);
#3296=AXIS2_PLACEMENT_3D('',#5592,#4241,#4242);
#3297=AXIS2_PLACEMENT_3D('',#5593,#4243,#4244);
#3298=AXIS2_PLACEMENT_3D('',#5594,#4245,#4246);
#3299=AXIS2_PLACEMENT_3D('',#5595,#4247,#4248);
#3300=AXIS2_PLACEMENT_3D('',#5596,#4249,#4250);
#3301=DIRECTION('',(0.,0.,1.));
#3302=DIRECTION('',(1.,0.,0.));
#3303=DIRECTION('',(0.,0.,1.));
#3304=DIRECTION('',(1.,0.,0.));
#3305=DIRECTION('',(0.,1.,0.));
#3306=DIRECTION('',(1.,0.,0.));
#3307=DIRECTION('',(0.,-1.,0.));
#3308=DIRECTION('',(0.,0.,1.));
#3309=DIRECTION('',(1.,0.,0.));
#3310=DIRECTION('',(1.,0.,0.));
#3311=DIRECTION('',(1.,0.,0.));
#3312=DIRECTION('',(0.,1.,0.));
#3313=DIRECTION('',(1.,0.,0.));
#3314=DIRECTION('',(0.,0.,-1.));
#3315=DIRECTION('',(0.,0.,-1.));
#3316=DIRECTION('',(0.,1.,0.));
#3317=DIRECTION('',(0.,0.,1.));
#3318=DIRECTION('',(0.,1.,0.));
#3319=DIRECTION('',(0.,0.904813151845846,0.425808830635047));
#3320=DIRECTION('',(0.,-1.,0.));
#3321=DIRECTION('',(0.,0.,1.));
#3322=DIRECTION('',(1.,0.,0.));
#3323=DIRECTION('',(0.,0.,-1.));
#3324=DIRECTION('',(-1.,0.,0.));
#3325=DIRECTION('',(-1.,0.,0.));
#3326=DIRECTION('',(0.,1.,0.));
#3327=DIRECTION('',(-1.,0.,0.));
#3328=DIRECTION('',(0.,0.,-1.));
#3329=DIRECTION('',(-1.,0.,0.));
#3330=DIRECTION('',(0.,1.,0.));
#3331=DIRECTION('',(1.,0.,0.));
#3332=DIRECTION('',(0.,1.,0.));
#3333=DIRECTION('',(0.,0.,1.));
#3334=DIRECTION('',(1.,0.,0.));
#3335=DIRECTION('',(1.,0.,0.));
#3336=DIRECTION('',(0.,1.,0.));
#3337=DIRECTION('',(1.,0.,0.));
#3338=DIRECTION('',(0.,0.,1.));
#3339=DIRECTION('',(1.,0.,0.));
#3340=DIRECTION('',(-1.,0.,0.));
#3341=DIRECTION('',(0.,0.,1.));
#3342=DIRECTION('',(0.,0.,1.));
#3343=DIRECTION('',(0.,1.,0.));
#3344=DIRECTION('',(0.,0.,-1.));
#3345=DIRECTION('',(0.,1.,0.));
#3346=DIRECTION('',(0.,-1.,0.));
#3347=DIRECTION('',(1.,0.,0.));
#3348=DIRECTION('',(1.,0.,0.));
#3349=DIRECTION('',(0.,-1.,0.));
#3350=DIRECTION('',(0.,0.,-1.));
#3351=DIRECTION('',(1.,0.,0.));
#3352=DIRECTION('',(-1.44560289664734E-16,0.,1.));
#3353=DIRECTION('',(1.,0.,0.));
#3354=DIRECTION('',(0.,-1.,0.));
#3355=DIRECTION('',(0.,0.,-1.));
#3356=DIRECTION('',(0.,0.,-1.));
#3357=DIRECTION('',(0.,0.,1.));
#3358=DIRECTION('',(1.,0.,0.));
#3359=DIRECTION('',(0.,1.,0.));
#3360=DIRECTION('',(1.,0.,0.));
#3361=DIRECTION('',(0.,1.,0.));
#3362=DIRECTION('',(1.,0.,0.));
#3363=DIRECTION('',(0.,0.,1.));
#3364=DIRECTION('',(1.,0.,0.));
#3365=DIRECTION('',(0.,1.,0.));
#3366=DIRECTION('',(0.,0.,1.));
#3367=DIRECTION('',(1.,0.,0.));
#3368=DIRECTION('',(1.,0.,0.));
#3369=DIRECTION('',(0.,1.,0.));
#3370=DIRECTION('',(1.,0.,0.));
#3371=DIRECTION('',(0.,0.,1.));
#3372=DIRECTION('',(1.,0.,0.));
#3373=DIRECTION('',(0.,1.,0.));
#3374=DIRECTION('',(0.,0.,1.));
#3375=DIRECTION('',(1.,0.,0.));
#3376=DIRECTION('',(1.,0.,0.));
#3377=DIRECTION('',(0.,1.,0.));
#3378=DIRECTION('',(0.,0.,1.));
#3379=DIRECTION('',(1.,0.,0.));
#3380=DIRECTION('',(0.,1.,0.));
#3381=DIRECTION('',(-1.,0.,0.));
#3382=DIRECTION('',(0.,1.,0.));
#3383=DIRECTION('',(1.,0.,0.));
#3384=DIRECTION('',(-1.,0.,-1.44560289664734E-16));
#3385=DIRECTION('',(-1.44560289664734E-16,0.,1.));
#3386=DIRECTION('',(-1.44560289664734E-16,0.,1.));
#3387=DIRECTION('',(-1.,0.,-1.44560289664734E-16));
#3388=DIRECTION('',(-1.44560289664734E-16,0.,1.));
#3389=DIRECTION('',(6.15550478984041E-17,-0.904813151845846,-0.425808830635047));
#3390=DIRECTION('',(-1.,0.,0.));
#3391=DIRECTION('',(0.,0.,1.));
#3392=DIRECTION('',(0.,1.,0.));
#3393=DIRECTION('',(0.,3.46944695195362E-16,-1.));
#3394=DIRECTION('',(0.,1.,0.));
#3395=DIRECTION('',(0.,0.,1.));
#3396=DIRECTION('',(0.,-1.,0.));
#3397=DIRECTION('',(1.,0.,0.));
#3398=DIRECTION('',(1.44560289664734E-16,0.,1.));
#3399=DIRECTION('',(-1.,0.,0.));
#3400=DIRECTION('',(0.,0.,1.));
#3401=DIRECTION('',(-1.,0.,0.));
#3402=DIRECTION('',(0.,1.,0.));
#3403=DIRECTION('',(0.,0.,-1.));
#3404=DIRECTION('',(0.,1.,0.));
#3405=DIRECTION('',(0.,0.,-1.));
#3406=DIRECTION('',(0.,1.,0.));
#3407=DIRECTION('',(0.,0.,-1.));
#3408=DIRECTION('',(-1.,0.,0.));
#3409=DIRECTION('',(0.,0.,1.));
#3410=DIRECTION('',(1.,0.,0.));
#3411=DIRECTION('',(0.,0.,1.));
#3412=DIRECTION('',(1.,0.,0.));
#3413=DIRECTION('',(0.,-1.,0.));
#3414=DIRECTION('',(0.,0.,-1.));
#3415=DIRECTION('',(0.,-1.,0.));
#3416=DIRECTION('',(0.,0.,-1.));
#3417=DIRECTION('',(0.,-1.,0.));
#3418=DIRECTION('',(0.,0.,-1.));
#3419=DIRECTION('',(1.,0.,0.));
#3420=DIRECTION('',(0.,0.,1.));
#3421=DIRECTION('',(1.,0.,0.));
#3422=DIRECTION('',(0.,-1.,-3.46944695195362E-16));
#3423=DIRECTION('',(0.,3.46944695195362E-16,-1.));
#3424=DIRECTION('',(0.,3.46944695195362E-16,-1.));
#3425=DIRECTION('',(1.,0.,0.));
#3426=DIRECTION('',(0.,3.46944695195362E-16,-1.));
#3427=DIRECTION('',(1.,0.,0.));
#3428=DIRECTION('',(0.,-1.,0.));
#3429=DIRECTION('',(0.,0.,-1.));
#3430=DIRECTION('',(0.,0.,-1.));
#3431=DIRECTION('',(1.,0.,0.));
#3432=DIRECTION('',(0.,0.,-1.));
#3433=DIRECTION('',(1.,0.,0.));
#3434=DIRECTION('',(1.,0.,0.));
#3435=DIRECTION('',(0.,1.,0.));
#3436=DIRECTION('',(1.,0.,0.));
#3437=DIRECTION('',(0.,0.,-1.));
#3438=DIRECTION('',(0.,0.,-1.));
#3439=DIRECTION('',(0.,1.,0.));
#3440=DIRECTION('',(0.,3.46944695195362E-16,-1.));
#3441=DIRECTION('',(0.,1.,0.));
#3442=DIRECTION('',(0.,1.,0.));
#3443=DIRECTION('',(0.,0.,1.));
#3444=DIRECTION('',(0.,0.,1.));
#3445=DIRECTION('',(1.,0.,0.));
#3446=DIRECTION('',(0.,0.,1.));
#3447=DIRECTION('',(1.,0.,0.));
#3448=DIRECTION('',(0.,0.425808830635047,-0.904813151845846));
#3449=DIRECTION('',(0.,0.904813151845846,0.425808830635047));
#3450=DIRECTION('',(0.,0.904813151845846,0.425808830635047));
#3451=DIRECTION('',(1.,0.,0.));
#3452=DIRECTION('',(0.,0.904813151845846,0.425808830635047));
#3453=DIRECTION('',(0.,-0.425808830635047,0.904813151845846));
#3454=DIRECTION('',(0.,-0.904813151845846,-0.425808830635047));
#3455=DIRECTION('',(-1.,0.,0.));
#3456=DIRECTION('',(-6.15550478984041E-17,-0.904813151845846,-0.425808830635047));
#3457=DIRECTION('',(0.,0.425808830635047,-0.904813151845846));
#3458=DIRECTION('',(0.,-0.904813151845846,-0.425808830635047));
#3459=DIRECTION('',(1.,0.,0.));
#3460=DIRECTION('',(0.,0.,-1.));
#3461=DIRECTION('',(1.,0.,0.));
#3462=DIRECTION('',(0.,0.,-1.));
#3463=DIRECTION('',(1.,0.,0.));
#3464=DIRECTION('',(0.,0.,-1.));
#3465=DIRECTION('',(1.,0.,0.));
#3466=DIRECTION('',(0.,0.,-1.));
#3467=DIRECTION('',(0.,-1.,0.));
#3468=DIRECTION('',(0.,0.,-1.));
#3469=DIRECTION('',(0.,-1.,0.));
#3470=DIRECTION('',(0.,-1.,0.));
#3471=DIRECTION('',(0.,0.,-1.));
#3472=DIRECTION('',(0.,-1.,0.));
#3473=DIRECTION('',(0.,-1.,0.));
#3474=DIRECTION('',(0.,0.,-1.));
#3475=DIRECTION('',(0.,1.,0.));
#3476=DIRECTION('',(0.,0.,-1.));
#3477=DIRECTION('',(0.,-1.,0.));
#3478=DIRECTION('',(0.,1.,0.));
#3479=DIRECTION('',(0.,0.,-1.));
#3480=DIRECTION('',(0.,-1.,0.));
#3481=DIRECTION('',(0.,-1.,0.));
#3482=DIRECTION('',(0.,0.,-1.));
#3483=DIRECTION('',(0.,1.,0.));
#3484=DIRECTION('',(0.,0.,1.));
#3485=DIRECTION('',(0.,1.,0.));
#3486=DIRECTION('',(0.,0.,1.));
#3487=DIRECTION('',(0.,0.,1.));
#3488=DIRECTION('',(1.,0.,0.));
#3489=DIRECTION('',(0.,0.,-1.));
#3490=DIRECTION('',(1.,0.,0.));
#3491=DIRECTION('',(0.,0.,-1.));
#3492=DIRECTION('',(-1.,0.,0.));
#3493=DIRECTION('',(0.,1.,0.));
#3494=DIRECTION('',(1.,0.,0.));
#3495=DIRECTION('',(0.,-1.,0.));
#3496=DIRECTION('',(1.,0.,0.));
#3497=DIRECTION('',(1.,0.,0.));
#3498=DIRECTION('',(0.,1.,0.));
#3499=DIRECTION('',(0.,1.,0.));
#3500=DIRECTION('',(0.,0.,1.));
#3501=DIRECTION('',(0.,1.,0.));
#3502=DIRECTION('',(0.,-1.,0.));
#3503=DIRECTION('',(0.,0.,-1.));
#3504=DIRECTION('',(0.,-1.,0.));
#3505=DIRECTION('',(0.,0.,-1.));
#3506=DIRECTION('',(0.,-1.,0.));
#3507=DIRECTION('',(0.,0.,-1.));
#3508=DIRECTION('',(1.,0.,0.));
#3509=DIRECTION('',(0.,0.,-1.));
#3510=DIRECTION('',(1.,0.,0.));
#3511=DIRECTION('',(0.,0.,1.));
#3512=DIRECTION('',(1.,0.,0.));
#3513=DIRECTION('',(0.,-1.,0.));
#3514=DIRECTION('',(1.,0.,0.));
#3515=DIRECTION('',(0.,-1.,0.));
#3516=DIRECTION('',(-1.,0.,0.));
#3517=DIRECTION('',(1.,0.,0.));
#3518=DIRECTION('',(0.,0.,1.));
#3519=DIRECTION('',(1.,0.,0.));
#3520=DIRECTION('',(0.,-1.,0.));
#3521=DIRECTION('',(1.,0.,0.));
#3522=DIRECTION('',(0.,1.,0.));
#3523=DIRECTION('',(1.,0.,0.));
#3524=DIRECTION('',(1.,0.,0.));
#3525=DIRECTION('',(0.,1.,0.));
#3526=DIRECTION('',(0.,0.,-1.));
#3527=DIRECTION('',(0.,-1.,0.));
#3528=DIRECTION('',(0.,-1.,0.));
#3529=DIRECTION('',(0.,-1.,0.));
#3530=DIRECTION('',(0.,0.,-1.));
#3531=DIRECTION('',(0.,-1.,0.));
#3532=DIRECTION('',(0.,0.,-1.));
#3533=DIRECTION('',(0.,-1.,0.));
#3534=DIRECTION('',(0.,0.,-1.));
#3535=DIRECTION('',(0.,-1.,0.));
#3536=DIRECTION('',(0.,0.,-1.));
#3537=DIRECTION('',(0.,-3.46944695195362E-16,1.));
#3538=DIRECTION('',(0.,-1.,-3.46944695195362E-16));
#3539=DIRECTION('',(0.,0.,1.));
#3540=DIRECTION('',(1.,0.,0.));
#3541=DIRECTION('',(0.,0.,1.));
#3542=DIRECTION('',(1.,0.,0.));
#3543=DIRECTION('',(0.,0.,1.));
#3544=DIRECTION('',(1.,0.,0.));
#3545=DIRECTION('',(0.,0.,1.));
#3546=DIRECTION('',(1.,0.,0.));
#3547=DIRECTION('',(0.,0.,1.));
#3548=DIRECTION('',(1.,0.,0.));
#3549=DIRECTION('',(0.,0.,-1.));
#3550=DIRECTION('',(-1.,0.,0.));
#3551=DIRECTION('',(0.,0.,1.));
#3552=DIRECTION('',(1.,0.,0.));
#3553=DIRECTION('',(0.,0.,1.));
#3554=DIRECTION('',(1.,0.,0.));
#3555=DIRECTION('',(0.,-1.,0.));
#3556=DIRECTION('',(0.,0.,-1.));
#3557=DIRECTION('',(0.,0.554700196225229,-0.832050294337844));
#3558=DIRECTION('',(0.,0.832050294337844,0.554700196225229));
#3559=DIRECTION('',(0.,-0.299349294806168,0.954143594905426));
#3560=DIRECTION('',(0.,-0.954143594905426,-0.299349294806168));
#3561=DIRECTION('',(0.,-1.,0.));
#3562=DIRECTION('',(0.,0.,-1.));
#3563=DIRECTION('',(0.,0.,1.));
#3564=DIRECTION('',(1.,0.,0.));
#3565=DIRECTION('',(0.,0.,1.));
#3566=DIRECTION('',(1.,0.,0.));
#3567=DIRECTION('',(0.,0.832050294337843,-0.554700196225229));
#3568=DIRECTION('',(0.,0.55470019622523,0.832050294337844));
#3569=DIRECTION('',(0.,-1.,0.));
#3570=DIRECTION('',(0.,0.,-1.));
#3571=DIRECTION('',(0.,-1.,0.));
#3572=DIRECTION('',(0.,0.,-1.));
#3573=DIRECTION('',(0.,-1.,0.));
#3574=DIRECTION('',(1.,0.,0.));
#3575=DIRECTION('',(0.,0.,-1.));
#3576=DIRECTION('',(-1.,0.,0.));
#3577=DIRECTION('',(0.,0.,1.));
#3578=DIRECTION('',(0.707106781186548,0.707106781186548,0.));
#3579=DIRECTION('',(0.707106781186548,-0.707106781186548,0.));
#3580=DIRECTION('',(0.707106781186548,-0.707106781186548,0.));
#3581=DIRECTION('',(-0.707106781186548,-0.707106781186548,0.));
#3582=DIRECTION('',(0.86507852732903,0.,0.501636463541315));
#3583=DIRECTION('',(0.501636463541315,0.,-0.86507852732903));
#3584=DIRECTION('',(1.,0.,0.));
#3585=DIRECTION('',(0.,0.,-1.));
#3586=DIRECTION('',(1.,0.,0.));
#3587=DIRECTION('',(0.,0.,-1.));
#3588=DIRECTION('',(0.,-1.,0.));
#3589=DIRECTION('',(0.,0.,-1.));
#3590=DIRECTION('',(0.,-1.,-1.15648231731787E-15));
#3591=DIRECTION('',(0.,1.15648231731787E-15,-1.));
#3592=DIRECTION('',(0.,-1.,0.));
#3593=DIRECTION('',(0.,0.,-1.));
#3594=DIRECTION('',(1.,0.,0.));
#3595=DIRECTION('',(0.,0.,-1.));
#3596=DIRECTION('',(0.,0.,1.));
#3597=DIRECTION('',(1.,0.,0.));
#3598=DIRECTION('',(0.,0.,1.));
#3599=DIRECTION('',(1.,0.,0.));
#3600=DIRECTION('',(-1.,0.,0.));
#3601=DIRECTION('',(0.,0.,1.));
#3602=DIRECTION('',(1.,0.,0.));
#3603=DIRECTION('',(0.,0.,-1.));
#3604=DIRECTION('',(0.,0.,-1.));
#3605=DIRECTION('',(-1.,0.,0.));
#3606=DIRECTION('',(0.,0.,-1.));
#3607=DIRECTION('',(-1.,0.,0.));
#3608=DIRECTION('',(0.,-1.,0.));
#3609=DIRECTION('',(0.,0.,-1.));
#3610=DIRECTION('',(1.15648231731787E-15,-1.,0.));
#3611=DIRECTION('',(1.,1.15648231731787E-15,0.));
#3612=DIRECTION('',(0.,1.,0.));
#3613=DIRECTION('',(0.,0.,1.));
#3614=DIRECTION('',(-0.707106781186548,0.707106781186548,0.));
#3615=DIRECTION('',(0.707106781186548,0.707106781186548,0.));
#3616=DIRECTION('',(1.,0.,0.));
#3617=DIRECTION('',(0.,0.,-1.));
#3618=DIRECTION('',(-1.,0.,0.));
#3619=DIRECTION('',(0.,0.,1.));
#3620=DIRECTION('',(0.,-1.,0.));
#3621=DIRECTION('',(0.,0.,-1.));
#3622=DIRECTION('',(0.375,0.,-0.927024810886958));
#3623=DIRECTION('',(-0.927024810886958,0.,-0.375));
#3624=DIRECTION('',(0.,-1.,0.));
#3625=DIRECTION('',(0.,0.,-1.));
#3626=DIRECTION('',(-0.375,0.,-0.927024810886958));
#3627=DIRECTION('',(-0.927024810886958,0.,0.375));
#3628=DIRECTION('',(0.,-1.,0.));
#3629=DIRECTION('',(0.,0.,-1.));
#3630=DIRECTION('',(1.,0.,0.));
#3631=DIRECTION('',(0.,0.,-1.));
#3632=DIRECTION('',(-1.,0.,0.));
#3633=DIRECTION('',(0.,0.,1.));
#3634=DIRECTION('',(1.,0.,0.));
#3635=DIRECTION('',(0.,0.,-1.));
#3636=DIRECTION('',(1.,0.,0.));
#3637=DIRECTION('',(0.,0.,-1.));
#3638=DIRECTION('',(0.,-1.,0.));
#3639=DIRECTION('',(0.,0.,-1.));
#3640=DIRECTION('',(0.,1.,0.));
#3641=DIRECTION('',(0.,0.,1.));
#3642=DIRECTION('',(-0.707106781186548,-0.707106781186548,0.));
#3643=DIRECTION('',(0.707106781186548,-0.707106781186548,0.));
#3644=DIRECTION('',(-1.,0.,0.));
#3645=DIRECTION('',(0.,0.,1.));
#3646=DIRECTION('',(1.,0.,0.));
#3647=DIRECTION('',(0.,0.,-1.));
#3648=DIRECTION('',(-1.,0.,0.));
#3649=DIRECTION('',(0.,0.,1.));
#3650=DIRECTION('',(-1.,0.,0.));
#3651=DIRECTION('',(0.,0.,1.));
#3652=DIRECTION('',(0.,0.,1.));
#3653=DIRECTION('',(1.,0.,0.));
#3654=DIRECTION('',(0.,0.,1.));
#3655=DIRECTION('',(1.,0.,0.));
#3656=DIRECTION('',(8.67361737988403E-16,1.,0.));
#3657=DIRECTION('',(-1.,8.67361737988403E-16,0.));
#3658=DIRECTION('',(0.,0.,1.));
#3659=DIRECTION('',(1.,0.,0.));
#3660=DIRECTION('',(0.,0.,1.));
#3661=DIRECTION('',(1.,0.,0.));
#3662=DIRECTION('',(0.,-1.,0.));
#3663=DIRECTION('',(0.,0.,-1.));
#3664=DIRECTION('',(0.,-1.,0.));
#3665=DIRECTION('',(0.,0.,-1.));
#3666=DIRECTION('',(0.,-1.,2.31296463463574E-15));
#3667=DIRECTION('',(0.,-2.31296463463574E-15,-1.));
#3668=DIRECTION('',(0.,0.,1.));
#3669=DIRECTION('',(1.,0.,0.));
#3670=DIRECTION('',(-2.89120579329468E-16,0.,-1.));
#3671=DIRECTION('',(-1.,0.,2.89120579329468E-16));
#3672=DIRECTION('',(1.,0.,0.));
#3673=DIRECTION('',(0.,0.,-1.));
#3674=DIRECTION('',(1.,0.,0.));
#3675=DIRECTION('',(0.,0.,-1.));
#3676=DIRECTION('',(0.,-1.,0.));
#3677=DIRECTION('',(0.,0.,-1.));
#3678=DIRECTION('',(0.,1.,0.));
#3679=DIRECTION('',(0.,0.,1.));
#3680=DIRECTION('',(0.,0.,1.));
#3681=DIRECTION('',(1.,0.,0.));
#3682=DIRECTION('',(8.67361737988403E-16,0.,-1.));
#3683=DIRECTION('',(-1.,0.,-8.67361737988403E-16));
#3684=DIRECTION('',(-9.84880766374472E-16,0.904813151845844,0.425808830635051));
#3685=DIRECTION('',(0.,-0.425808830635051,0.904813151845844));
#3686=DIRECTION('',(1.,0.,0.));
#3687=DIRECTION('',(0.,0.,-1.));
#3688=DIRECTION('',(1.,0.,0.));
#3689=DIRECTION('',(0.,0.,-1.));
#3690=DIRECTION('',(-1.,0.,0.));
#3691=DIRECTION('',(0.,0.,1.));
#3692=DIRECTION('',(0.,9.25185853854296E-15,1.));
#3693=DIRECTION('',(0.,-1.,9.25185853854296E-15));
#3694=DIRECTION('',(0.,0.,1.));
#3695=DIRECTION('',(1.,0.,0.));
#3696=DIRECTION('',(0.,1.,0.));
#3697=DIRECTION('',(0.,0.,1.));
#3698=DIRECTION('',(0.,1.,0.));
#3699=DIRECTION('',(0.,0.,1.));
#3700=DIRECTION('',(1.,0.,8.67361737988403E-16));
#3701=DIRECTION('',(8.67361737988403E-16,0.,-1.));
#3702=DIRECTION('',(1.,0.,0.));
#3703=DIRECTION('',(0.,0.,-1.));
#3704=DIRECTION('',(0.,-0.904813151845846,-0.425808830635047));
#3705=DIRECTION('',(0.,0.425808830635047,-0.904813151845846));
#3706=DIRECTION('',(9.84880766374472E-16,0.904813151845844,0.425808830635051));
#3707=DIRECTION('',(0.,-0.425808830635051,0.904813151845844));
#3708=DIRECTION('',(-1.,0.,0.));
#3709=DIRECTION('',(0.,0.,1.));
#3710=DIRECTION('',(1.,2.71596602539477E-15,0.));
#3711=DIRECTION('',(-2.71596602539477E-15,1.,0.));
#3712=DIRECTION('',(1.,-2.71596602539477E-15,0.));
#3713=DIRECTION('',(2.71596602539477E-15,1.,0.));
#3714=DIRECTION('',(0.,0.,1.));
#3715=DIRECTION('',(1.,0.,0.));
#3716=DIRECTION('',(-0.988933986485563,-0.14835622795748,0.));
#3717=DIRECTION('',(0.14835622795748,-0.988933986485563,0.));
#3718=DIRECTION('',(0.,-3.46944695195362E-16,1.));
#3719=DIRECTION('',(0.,-1.,-3.46944695195362E-16));
#3720=DIRECTION('',(0.,2.89120579329466E-16,-1.));
#3721=DIRECTION('',(0.,1.,2.89120579329466E-16));
#3722=DIRECTION('',(0.,1.,0.));
#3723=DIRECTION('',(0.,0.,1.));
#3724=DIRECTION('',(6.93889390390722E-15,-1.,0.));
#3725=DIRECTION('',(1.,6.93889390390722E-15,0.));
#3726=DIRECTION('',(-1.,0.,0.));
#3727=DIRECTION('',(0.,0.,1.));
#3728=DIRECTION('',(-1.,0.,0.));
#3729=DIRECTION('',(0.,0.,1.));
#3730=DIRECTION('',(1.,0.,0.));
#3731=DIRECTION('',(0.,0.,-1.));
#3732=DIRECTION('',(0.,-1.,0.));
#3733=DIRECTION('',(0.,0.,-1.));
#3734=DIRECTION('',(0.,-1.,0.));
#3735=DIRECTION('',(0.,0.,-1.));
#3736=DIRECTION('',(1.,6.93889390390722E-15,-2.89120579329468E-16));
#3737=DIRECTION('',(-6.93889390390722E-15,1.,0.));
#3738=DIRECTION('',(1.,0.,0.));
#3739=DIRECTION('',(0.,0.,-1.));
#3740=DIRECTION('',(0.,0.,1.));
#3741=DIRECTION('',(1.,0.,0.));
#3742=DIRECTION('',(0.,1.,0.));
#3743=DIRECTION('',(0.,0.,1.));
#3744=DIRECTION('',(0.,1.,0.));
#3745=DIRECTION('',(0.,0.,1.));
#3746=DIRECTION('',(0.,1.,0.));
#3747=DIRECTION('',(0.,0.,1.));
#3748=DIRECTION('',(0.,-1.,0.));
#3749=DIRECTION('',(0.,0.,-1.));
#3750=DIRECTION('',(-1.,0.,0.));
#3751=DIRECTION('',(0.,0.,1.));
#3752=DIRECTION('',(-1.,0.,0.));
#3753=DIRECTION('',(0.,0.,1.));
#3754=DIRECTION('',(0.,-1.,0.));
#3755=DIRECTION('',(0.,0.,-1.));
#3756=DIRECTION('',(0.,1.,0.));
#3757=DIRECTION('',(0.,0.,1.));
#3758=DIRECTION('',(0.,0.,1.));
#3759=DIRECTION('',(1.,0.,0.));
#3760=DIRECTION('',(1.,0.,0.));
#3761=DIRECTION('',(0.,0.,-1.));
#3762=DIRECTION('',(0.,-0.996144467630172,-0.0877279864684157));
#3763=DIRECTION('',(0.,0.0877279864684157,-0.996144467630171));
#3764=DIRECTION('',(0.,0.,1.));
#3765=DIRECTION('',(1.,0.,0.));
#3766=DIRECTION('',(0.,-1.,0.));
#3767=DIRECTION('',(0.,0.,-1.));
#3768=DIRECTION('',(0.,0.,1.));
#3769=DIRECTION('',(1.,0.,0.));
#3770=DIRECTION('',(1.,0.,0.));
#3771=DIRECTION('',(0.,0.,-1.));
#3772=DIRECTION('',(-1.,0.,0.));
#3773=DIRECTION('',(0.,0.,1.));
#3774=DIRECTION('',(1.,0.,0.));
#3775=DIRECTION('',(0.,0.,-1.));
#3776=DIRECTION('',(0.206237798734026,-0.978501901057603,-2.38510367398463E-16));
#3777=DIRECTION('',(0.978501901057603,0.206237798734026,0.));
#3778=DIRECTION('',(0.,-1.,0.));
#3779=DIRECTION('',(0.,0.,-1.));
#3780=DIRECTION('',(0.,-1.,0.));
#3781=DIRECTION('',(0.,0.,-1.));
#3782=DIRECTION('',(1.,0.,0.));
#3783=DIRECTION('',(0.,0.,-1.));
#3784=DIRECTION('',(1.,0.,0.));
#3785=DIRECTION('',(0.,0.,-1.));
#3786=DIRECTION('',(0.,0.,1.));
#3787=DIRECTION('',(1.,0.,0.));
#3788=DIRECTION('',(0.,0.,1.));
#3789=DIRECTION('',(1.,0.,0.));
#3790=DIRECTION('',(0.,0.,-1.));
#3791=DIRECTION('',(-1.,0.,0.));
#3792=DIRECTION('',(0.,-1.,0.));
#3793=DIRECTION('',(0.,0.,-1.));
#3794=DIRECTION('',(0.,-1.,0.));
#3795=DIRECTION('',(0.,0.,-1.));
#3796=DIRECTION('',(0.,0.,1.));
#3797=DIRECTION('',(1.,0.,0.));
#3798=DIRECTION('',(1.,0.,0.));
#3799=DIRECTION('',(0.,0.,-1.));
#3800=DIRECTION('',(0.,0.,1.));
#3801=DIRECTION('',(1.,0.,0.));
#3802=DIRECTION('',(1.,0.,0.));
#3803=DIRECTION('',(0.,0.,-1.));
#3804=DIRECTION('',(0.,-1.,-2.89120579329468E-16));
#3805=DIRECTION('',(0.,2.89120579329468E-16,-1.));
#3806=DIRECTION('',(0.,-1.,0.));
#3807=DIRECTION('',(0.,0.,-1.));
#3808=DIRECTION('',(0.,-1.,0.));
#3809=DIRECTION('',(0.,0.,-1.));
#3810=DIRECTION('',(0.,1.,0.));
#3811=DIRECTION('',(0.,0.,1.));
#3812=DIRECTION('',(-1.,0.,0.));
#3813=DIRECTION('',(0.,0.,1.));
#3814=DIRECTION('',(1.,0.,0.));
#3815=DIRECTION('',(0.,0.,-1.));
#3816=DIRECTION('',(1.,0.,0.));
#3817=DIRECTION('',(0.,0.,-1.));
#3818=DIRECTION('',(1.,0.,0.));
#3819=DIRECTION('',(0.,0.,-1.));
#3820=DIRECTION('',(0.,1.,0.));
#3821=DIRECTION('',(0.,0.,1.));
#3822=DIRECTION('',(0.,1.,9.25185853854297E-15));
#3823=DIRECTION('',(0.,-9.25185853854297E-15,1.));
#3824=DIRECTION('',(0.,0.,1.));
#3825=DIRECTION('',(1.,0.,0.));
#3826=DIRECTION('',(0.,0.,1.));
#3827=DIRECTION('',(1.,0.,0.));
#3828=DIRECTION('',(0.,9.25185853854297E-15,-1.));
#3829=DIRECTION('',(0.,1.,9.25185853854297E-15));
#3830=DIRECTION('',(-2.89120579329468E-16,0.,-1.));
#3831=DIRECTION('',(-1.,0.,2.89120579329468E-16));
#3832=DIRECTION('',(0.,0.,-1.));
#3833=DIRECTION('',(-1.,0.,0.));
#3834=DIRECTION('',(0.,0.,1.));
#3835=DIRECTION('',(-1.,0.,0.));
#3836=DIRECTION('',(0.,1.,0.));
#3837=DIRECTION('',(-1.,0.,0.));
#3838=DIRECTION('',(0.,0.,-1.));
#3839=DIRECTION('',(-1.,0.,0.));
#3840=DIRECTION('',(0.,-1.,0.));
#3841=DIRECTION('',(-1.,0.,0.));
#3842=DIRECTION('',(-1.,0.,0.));
#3843=DIRECTION('',(0.,1.,0.));
#3844=DIRECTION('',(0.,0.,-1.));
#3845=DIRECTION('',(0.,-1.,0.));
#3846=DIRECTION('',(0.,0.904813151845846,0.425808830635047));
#3847=DIRECTION('',(0.,1.,0.));
#3848=DIRECTION('',(0.,0.,1.));
#3849=DIRECTION('',(0.,1.,0.));
#3850=DIRECTION('',(1.,0.,0.));
#3851=DIRECTION('',(0.,0.,1.));
#3852=DIRECTION('',(0.,0.,1.));
#3853=DIRECTION('',(0.,1.,0.));
#3854=DIRECTION('',(0.,0.,-1.));
#3855=DIRECTION('',(0.,1.,0.));
#3856=DIRECTION('',(0.,-1.,0.));
#3857=DIRECTION('',(-1.,0.,0.));
#3858=DIRECTION('',(-1.,0.,0.));
#3859=DIRECTION('',(0.,0.,-1.));
#3860=DIRECTION('',(0.,1.,0.));
#3861=DIRECTION('',(0.,0.,-1.));
#3862=DIRECTION('',(-1.,0.,0.));
#3863=DIRECTION('',(1.44560289664734E-16,0.,1.));
#3864=DIRECTION('',(0.,1.,0.));
#3865=DIRECTION('',(0.,0.,-1.));
#3866=DIRECTION('',(0.,0.,1.));
#3867=DIRECTION('',(-1.,0.,0.));
#3868=DIRECTION('',(0.,1.,0.));
#3869=DIRECTION('',(0.,1.,0.));
#3870=DIRECTION('',(-1.,0.,0.));
#3871=DIRECTION('',(0.,0.,-1.));
#3872=DIRECTION('',(-1.,0.,0.));
#3873=DIRECTION('',(0.,1.,0.));
#3874=DIRECTION('',(0.,0.,-1.));
#3875=DIRECTION('',(-1.,0.,0.));
#3876=DIRECTION('',(-1.,0.,0.));
#3877=DIRECTION('',(0.,1.,0.));
#3878=DIRECTION('',(-1.,0.,0.));
#3879=DIRECTION('',(0.,0.,-1.));
#3880=DIRECTION('',(-1.,0.,0.));
#3881=DIRECTION('',(0.,1.,0.));
#3882=DIRECTION('',(0.,0.,-1.));
#3883=DIRECTION('',(-1.,0.,0.));
#3884=DIRECTION('',(-1.,0.,0.));
#3885=DIRECTION('',(0.,1.,0.));
#3886=DIRECTION('',(-1.,0.,0.));
#3887=DIRECTION('',(1.,0.,-1.44560289664734E-16));
#3888=DIRECTION('',(1.44560289664734E-16,0.,1.));
#3889=DIRECTION('',(-1.,0.,1.44560289664734E-16));
#3890=DIRECTION('',(1.44560289664734E-16,0.,1.));
#3891=DIRECTION('',(1.,0.,0.));
#3892=DIRECTION('',(0.,0.,1.));
#3893=DIRECTION('',(0.,1.,0.));
#3894=DIRECTION('',(0.,0.,1.));
#3895=DIRECTION('',(0.,1.,0.));
#3896=DIRECTION('',(0.,3.46944695195362E-16,-1.));
#3897=DIRECTION('',(0.,-1.,-3.46944695195362E-16));
#3898=DIRECTION('',(0.,3.46944695195362E-16,-1.));
#3899=DIRECTION('',(0.,3.46944695195362E-16,-1.));
#3900=DIRECTION('',(-1.,0.,0.));
#3901=DIRECTION('',(0.,3.46944695195362E-16,-1.));
#3902=DIRECTION('',(-1.,0.,0.));
#3903=DIRECTION('',(0.,-1.,0.));
#3904=DIRECTION('',(0.,0.,-1.));
#3905=DIRECTION('',(0.,0.,-1.));
#3906=DIRECTION('',(-1.,0.,0.));
#3907=DIRECTION('',(0.,0.,-1.));
#3908=DIRECTION('',(-1.,0.,0.));
#3909=DIRECTION('',(-1.,0.,0.));
#3910=DIRECTION('',(0.,1.,0.));
#3911=DIRECTION('',(0.,0.,-1.));
#3912=DIRECTION('',(0.,1.,0.));
#3913=DIRECTION('',(0.,3.46944695195362E-16,-1.));
#3914=DIRECTION('',(0.,1.,0.));
#3915=DIRECTION('',(0.,1.,0.));
#3916=DIRECTION('',(0.,0.,1.));
#3917=DIRECTION('',(0.,0.,1.));
#3918=DIRECTION('',(-1.,0.,0.));
#3919=DIRECTION('',(0.,0.,1.));
#3920=DIRECTION('',(-1.,0.,0.));
#3921=DIRECTION('',(-1.,0.,0.));
#3922=DIRECTION('',(0.,1.,0.));
#3923=DIRECTION('',(0.,1.,0.));
#3924=DIRECTION('',(0.,0.,1.));
#3925=DIRECTION('',(0.,1.,0.));
#3926=DIRECTION('',(0.,0.,-1.));
#3927=DIRECTION('',(1.,0.,0.));
#3928=DIRECTION('',(0.,1.,0.));
#3929=DIRECTION('',(-1.,0.,0.));
#3930=DIRECTION('',(0.,-1.,0.));
#3931=DIRECTION('',(-1.,0.,0.));
#3932=DIRECTION('',(0.,1.,0.));
#3933=DIRECTION('',(0.,0.,1.));
#3934=DIRECTION('',(0.,0.,1.));
#3935=DIRECTION('',(-1.,0.,0.));
#3936=DIRECTION('',(0.,0.,-1.));
#3937=DIRECTION('',(-1.,0.,0.));
#3938=DIRECTION('',(-1.,0.,0.));
#3939=DIRECTION('',(0.,1.,0.));
#3940=DIRECTION('',(0.,0.,-1.));
#3941=DIRECTION('',(0.,-1.,0.));
#3942=DIRECTION('',(0.,-1.,0.));
#3943=DIRECTION('',(0.,0.,1.));
#3944=DIRECTION('',(-1.,0.,0.));
#3945=DIRECTION('',(0.,-1.,0.));
#3946=DIRECTION('',(-1.,0.,0.));
#3947=DIRECTION('',(0.,1.,0.));
#3948=DIRECTION('',(-1.,0.,0.));
#3949=DIRECTION('',(0.,-1.,0.));
#3950=DIRECTION('',(0.,0.,-1.));
#3951=DIRECTION('',(0.,1.,0.));
#3952=DIRECTION('',(0.,0.,-1.));
#3953=DIRECTION('',(-1.,0.,0.));
#3954=DIRECTION('',(0.,0.,-1.));
#3955=DIRECTION('',(-1.,0.,0.));
#3956=DIRECTION('',(0.,1.,0.));
#3957=DIRECTION('',(0.,0.,-1.));
#3958=DIRECTION('',(0.,-1.,0.));
#3959=DIRECTION('',(0.,0.,-1.));
#3960=DIRECTION('',(0.,-1.,0.));
#3961=DIRECTION('',(0.,0.,-1.));
#3962=DIRECTION('',(0.,1.,0.));
#3963=DIRECTION('',(0.,0.,-1.));
#3964=DIRECTION('',(0.,1.,0.));
#3965=DIRECTION('',(0.,0.,-1.));
#3966=DIRECTION('',(0.,-3.46944695195362E-16,1.));
#3967=DIRECTION('',(0.,-1.,-3.46944695195362E-16));
#3968=DIRECTION('',(0.,0.,-1.));
#3969=DIRECTION('',(-1.,0.,0.));
#3970=DIRECTION('',(0.,0.,-1.));
#3971=DIRECTION('',(-1.,0.,0.));
#3972=DIRECTION('',(0.,0.,1.));
#3973=DIRECTION('',(-1.,0.,0.));
#3974=DIRECTION('',(0.,0.,-1.));
#3975=DIRECTION('',(-1.,0.,0.));
#3976=DIRECTION('',(0.,0.,-1.));
#3977=DIRECTION('',(-1.,0.,0.));
#3978=DIRECTION('',(0.,0.,-1.));
#3979=DIRECTION('',(1.,0.,0.));
#3980=DIRECTION('',(0.,0.,-1.));
#3981=DIRECTION('',(-1.,0.,0.));
#3982=DIRECTION('',(0.,0.,-1.));
#3983=DIRECTION('',(-1.,0.,0.));
#3984=DIRECTION('',(0.,-1.,0.));
#3985=DIRECTION('',(0.,0.,-1.));
#3986=DIRECTION('',(0.,1.,0.));
#3987=DIRECTION('',(0.,0.,-1.));
#3988=DIRECTION('',(0.,0.299349294806168,-0.954143594905426));
#3989=DIRECTION('',(0.,-0.954143594905426,-0.299349294806168));
#3990=DIRECTION('',(0.,-0.554700196225229,0.832050294337844));
#3991=DIRECTION('',(0.,0.832050294337844,0.554700196225229));
#3992=DIRECTION('',(0.,0.,1.));
#3993=DIRECTION('',(-1.,0.,0.));
#3994=DIRECTION('',(0.,-0.832050294337843,0.554700196225229));
#3995=DIRECTION('',(0.,0.55470019622523,0.832050294337844));
#3996=DIRECTION('',(0.,0.,-1.));
#3997=DIRECTION('',(-1.,0.,0.));
#3998=DIRECTION('',(0.,-1.,0.));
#3999=DIRECTION('',(0.,0.,-1.));
#4000=DIRECTION('',(0.,-1.,0.));
#4001=DIRECTION('',(0.,1.,0.));
#4002=DIRECTION('',(0.,0.,-1.));
#4003=DIRECTION('',(1.,0.,0.));
#4004=DIRECTION('',(0.,0.,-1.));
#4005=DIRECTION('',(0.86507852732903,0.,-0.501636463541315));
#4006=DIRECTION('',(-0.501636463541315,0.,-0.86507852732903));
#4007=DIRECTION('',(-1.,0.,0.));
#4008=DIRECTION('',(0.,0.,-1.));
#4009=DIRECTION('',(1.,0.,0.));
#4010=DIRECTION('',(0.,0.,-1.));
#4011=DIRECTION('',(0.,-1.,0.));
#4012=DIRECTION('',(0.,0.,-1.));
#4013=DIRECTION('',(0.,1.,1.15648231731787E-15));
#4014=DIRECTION('',(0.,1.15648231731787E-15,-1.));
#4015=DIRECTION('',(0.,-1.,0.));
#4016=DIRECTION('',(0.,0.,-1.));
#4017=DIRECTION('',(1.,0.,0.));
#4018=DIRECTION('',(0.,0.,-1.));
#4019=DIRECTION('',(0.,0.,1.));
#4020=DIRECTION('',(-1.,0.,0.));
#4021=DIRECTION('',(0.,0.,-1.));
#4022=DIRECTION('',(-1.,0.,0.));
#4023=DIRECTION('',(1.,0.,0.));
#4024=DIRECTION('',(0.,0.,1.));
#4025=DIRECTION('',(1.,0.,0.));
#4026=DIRECTION('',(0.,0.,-1.));
#4027=DIRECTION('',(0.,0.,-1.));
#4028=DIRECTION('',(1.,0.,0.));
#4029=DIRECTION('',(0.,0.,1.));
#4030=DIRECTION('',(1.,0.,0.));
#4031=DIRECTION('',(0.,-1.,0.));
#4032=DIRECTION('',(0.,0.,-1.));
#4033=DIRECTION('',(1.15648231731787E-15,1.,0.));
#4034=DIRECTION('',(-1.,1.15648231731787E-15,0.));
#4035=DIRECTION('',(0.,1.,0.));
#4036=DIRECTION('',(0.,0.,1.));
#4037=DIRECTION('',(-0.707106781186548,-0.707106781186548,0.));
#4038=DIRECTION('',(-0.707106781186548,0.707106781186548,0.));
#4039=DIRECTION('',(-1.,0.,0.));
#4040=DIRECTION('',(0.,0.,-1.));
#4041=DIRECTION('',(-1.,0.,0.));
#4042=DIRECTION('',(0.,0.,1.));
#4043=DIRECTION('',(0.,-1.,0.));
#4044=DIRECTION('',(0.,0.,-1.));
#4045=DIRECTION('',(0.375,0.,0.927024810886958));
#4046=DIRECTION('',(0.927024810886958,0.,-0.375));
#4047=DIRECTION('',(0.,-1.,0.));
#4048=DIRECTION('',(0.,0.,-1.));
#4049=DIRECTION('',(-0.375,0.,0.927024810886958));
#4050=DIRECTION('',(0.927024810886958,0.,0.375));
#4051=DIRECTION('',(0.,-1.,0.));
#4052=DIRECTION('',(0.,0.,-1.));
#4053=DIRECTION('',(1.,0.,0.));
#4054=DIRECTION('',(0.,0.,-1.));
#4055=DIRECTION('',(1.,0.,0.));
#4056=DIRECTION('',(0.,0.,1.));
#4057=DIRECTION('',(1.,0.,0.));
#4058=DIRECTION('',(0.,0.,-1.));
#4059=DIRECTION('',(1.,0.,0.));
#4060=DIRECTION('',(0.,0.,-1.));
#4061=DIRECTION('',(0.,-1.,0.));
#4062=DIRECTION('',(0.,0.,-1.));
#4063=DIRECTION('',(0.,-1.,0.));
#4064=DIRECTION('',(0.,0.,1.));
#4065=DIRECTION('',(-0.707106781186548,0.707106781186548,0.));
#4066=DIRECTION('',(-0.707106781186548,-0.707106781186548,0.));
#4067=DIRECTION('',(1.,0.,0.));
#4068=DIRECTION('',(0.,0.,1.));
#4069=DIRECTION('',(1.,0.,0.));
#4070=DIRECTION('',(0.,0.,-1.));
#4071=DIRECTION('',(1.,0.,0.));
#4072=DIRECTION('',(0.,0.,1.));
#4073=DIRECTION('',(-1.,0.,0.));
#4074=DIRECTION('',(0.,0.,1.));
#4075=DIRECTION('',(0.,0.,1.));
#4076=DIRECTION('',(-1.,0.,0.));
#4077=DIRECTION('',(0.,0.,-1.));
#4078=DIRECTION('',(-1.,0.,0.));
#4079=DIRECTION('',(8.67361737988403E-16,-1.,0.));
#4080=DIRECTION('',(1.,8.67361737988403E-16,0.));
#4081=DIRECTION('',(0.,0.,1.));
#4082=DIRECTION('',(-1.,0.,0.));
#4083=DIRECTION('',(0.,0.,-1.));
#4084=DIRECTION('',(-1.,0.,0.));
#4085=DIRECTION('',(0.,-1.,0.));
#4086=DIRECTION('',(0.,0.,-1.));
#4087=DIRECTION('',(0.,-1.,0.));
#4088=DIRECTION('',(0.,0.,-1.));
#4089=DIRECTION('',(0.,1.,-2.31296463463574E-15));
#4090=DIRECTION('',(0.,-2.31296463463574E-15,-1.));
#4091=DIRECTION('',(0.,0.,1.));
#4092=DIRECTION('',(-1.,0.,0.));
#4093=DIRECTION('',(-2.89120579329468E-16,0.,1.));
#4094=DIRECTION('',(1.,0.,2.89120579329468E-16));
#4095=DIRECTION('',(-1.,0.,0.));
#4096=DIRECTION('',(0.,0.,-1.));
#4097=DIRECTION('',(1.,0.,0.));
#4098=DIRECTION('',(0.,0.,-1.));
#4099=DIRECTION('',(0.,-1.,0.));
#4100=DIRECTION('',(0.,0.,-1.));
#4101=DIRECTION('',(0.,-1.,0.));
#4102=DIRECTION('',(0.,0.,1.));
#4103=DIRECTION('',(0.,0.,1.));
#4104=DIRECTION('',(-1.,0.,0.));
#4105=DIRECTION('',(8.67361737988403E-16,0.,1.));
#4106=DIRECTION('',(1.,0.,-8.67361737988403E-16));
#4107=DIRECTION('',(-9.84880766374472E-16,-0.904813151845844,-0.425808830635051));
#4108=DIRECTION('',(0.,-0.425808830635051,0.904813151845844));
#4109=DIRECTION('',(-1.,0.,0.));
#4110=DIRECTION('',(0.,0.,-1.));
#4111=DIRECTION('',(1.,0.,0.));
#4112=DIRECTION('',(0.,0.,-1.));
#4113=DIRECTION('',(-1.,0.,0.));
#4114=DIRECTION('',(0.,0.,1.));
#4115=DIRECTION('',(0.,9.25185853854296E-15,1.));
#4116=DIRECTION('',(0.,-1.,9.25185853854296E-15));
#4117=DIRECTION('',(0.,0.,-1.));
#4118=DIRECTION('',(-1.,0.,0.));
#4119=DIRECTION('',(0.,1.,0.));
#4120=DIRECTION('',(0.,0.,1.));
#4121=DIRECTION('',(0.,-1.,0.));
#4122=DIRECTION('',(0.,0.,1.));
#4123=DIRECTION('',(-1.,0.,8.67361737988403E-16));
#4124=DIRECTION('',(-8.67361737988403E-16,0.,-1.));
#4125=DIRECTION('',(1.,0.,0.));
#4126=DIRECTION('',(0.,0.,-1.));
#4127=DIRECTION('',(0.,-0.904813151845846,-0.425808830635047));
#4128=DIRECTION('',(0.,0.425808830635047,-0.904813151845846));
#4129=DIRECTION('',(9.84880766374472E-16,-0.904813151845844,-0.425808830635051));
#4130=DIRECTION('',(0.,-0.425808830635051,0.904813151845844));
#4131=DIRECTION('',(0.,0.,1.));
#4132=DIRECTION('',(-1.,0.,0.));
#4133=DIRECTION('',(-0.988933986485563,0.14835622795748,0.));
#4134=DIRECTION('',(-0.14835622795748,-0.988933986485563,0.));
#4135=DIRECTION('',(0.,-3.46944695195362E-16,1.));
#4136=DIRECTION('',(0.,-1.,-3.46944695195362E-16));
#4137=DIRECTION('',(0.,-2.89120579329466E-16,1.));
#4138=DIRECTION('',(0.,1.,2.89120579329466E-16));
#4139=DIRECTION('',(0.,1.,0.));
#4140=DIRECTION('',(0.,0.,1.));
#4141=DIRECTION('',(6.93889390390722E-15,1.,0.));
#4142=DIRECTION('',(-1.,6.93889390390722E-15,0.));
#4143=DIRECTION('',(1.,0.,0.));
#4144=DIRECTION('',(0.,0.,1.));
#4145=DIRECTION('',(-1.,0.,0.));
#4146=DIRECTION('',(0.,0.,1.));
#4147=DIRECTION('',(-1.,0.,0.));
#4148=DIRECTION('',(0.,0.,-1.));
#4149=DIRECTION('',(0.,1.,0.));
#4150=DIRECTION('',(0.,0.,-1.));
#4151=DIRECTION('',(0.,1.,0.));
#4152=DIRECTION('',(0.,0.,-1.));
#4153=DIRECTION('',(-1.,6.93889390390722E-15,-2.89120579329468E-16));
#4154=DIRECTION('',(6.93889390390722E-15,1.,0.));
#4155=DIRECTION('',(1.,0.,0.));
#4156=DIRECTION('',(0.,0.,-1.));
#4157=DIRECTION('',(0.,0.,1.));
#4158=DIRECTION('',(-1.,0.,0.));
#4159=DIRECTION('',(0.,-1.,0.));
#4160=DIRECTION('',(0.,0.,1.));
#4161=DIRECTION('',(0.,1.,0.));
#4162=DIRECTION('',(0.,0.,1.));
#4163=DIRECTION('',(0.,-1.,0.));
#4164=DIRECTION('',(0.,0.,1.));
#4165=DIRECTION('',(0.,-1.,0.));
#4166=DIRECTION('',(0.,0.,-1.));
#4167=DIRECTION('',(1.,0.,0.));
#4168=DIRECTION('',(0.,0.,1.));
#4169=DIRECTION('',(-1.,0.,0.));
#4170=DIRECTION('',(0.,0.,1.));
#4171=DIRECTION('',(0.,-1.,0.));
#4172=DIRECTION('',(0.,0.,-1.));
#4173=DIRECTION('',(0.,-1.,0.));
#4174=DIRECTION('',(0.,0.,1.));
#4175=DIRECTION('',(0.,0.,1.));
#4176=DIRECTION('',(-1.,0.,0.));
#4177=DIRECTION('',(1.,0.,0.));
#4178=DIRECTION('',(0.,0.,-1.));
#4179=DIRECTION('',(0.,0.996144467630172,0.0877279864684157));
#4180=DIRECTION('',(0.,0.0877279864684157,-0.996144467630171));
#4181=DIRECTION('',(0.,0.,1.));
#4182=DIRECTION('',(-1.,0.,0.));
#4183=DIRECTION('',(0.,1.,0.));
#4184=DIRECTION('',(0.,0.,-1.));
#4185=DIRECTION('',(0.,0.,1.));
#4186=DIRECTION('',(-1.,0.,0.));
#4187=DIRECTION('',(1.,0.,0.));
#4188=DIRECTION('',(0.,0.,-1.));
#4189=DIRECTION('',(1.,0.,0.));
#4190=DIRECTION('',(0.,0.,1.));
#4191=DIRECTION('',(1.,0.,0.));
#4192=DIRECTION('',(0.,0.,-1.));
#4193=DIRECTION('',(0.206237798734026,0.978501901057603,2.38510367398463E-16));
#4194=DIRECTION('',(-0.978501901057603,0.206237798734026,0.));
#4195=DIRECTION('',(0.,-1.,0.));
#4196=DIRECTION('',(0.,0.,-1.));
#4197=DIRECTION('',(0.,1.,0.));
#4198=DIRECTION('',(0.,0.,-1.));
#4199=DIRECTION('',(-1.,0.,0.));
#4200=DIRECTION('',(0.,0.,-1.));
#4201=DIRECTION('',(1.,0.,0.));
#4202=DIRECTION('',(0.,0.,-1.));
#4203=DIRECTION('',(0.,0.,1.));
#4204=DIRECTION('',(-1.,0.,0.));
#4205=DIRECTION('',(0.,0.,-1.));
#4206=DIRECTION('',(-1.,0.,0.));
#4207=DIRECTION('',(0.,0.,1.));
#4208=DIRECTION('',(1.,0.,0.));
#4209=DIRECTION('',(0.,-1.,0.));
#4210=DIRECTION('',(0.,0.,-1.));
#4211=DIRECTION('',(0.,1.,0.));
#4212=DIRECTION('',(0.,0.,-1.));
#4213=DIRECTION('',(0.,0.,1.));
#4214=DIRECTION('',(-1.,0.,0.));
#4215=DIRECTION('',(1.,0.,0.));
#4216=DIRECTION('',(0.,0.,-1.));
#4217=DIRECTION('',(0.,0.,1.));
#4218=DIRECTION('',(-1.,0.,0.));
#4219=DIRECTION('',(1.,0.,0.));
#4220=DIRECTION('',(0.,0.,-1.));
#4221=DIRECTION('',(0.,-1.,-2.89120579329468E-16));
#4222=DIRECTION('',(0.,2.89120579329468E-16,-1.));
#4223=DIRECTION('',(0.,1.,0.));
#4224=DIRECTION('',(0.,0.,-1.));
#4225=DIRECTION('',(0.,-1.,0.));
#4226=DIRECTION('',(0.,0.,-1.));
#4227=DIRECTION('',(0.,-1.,0.));
#4228=DIRECTION('',(0.,0.,1.));
#4229=DIRECTION('',(1.,0.,0.));
#4230=DIRECTION('',(0.,0.,1.));
#4231=DIRECTION('',(1.,0.,0.));
#4232=DIRECTION('',(0.,0.,-1.));
#4233=DIRECTION('',(-1.,0.,0.));
#4234=DIRECTION('',(0.,0.,-1.));
#4235=DIRECTION('',(1.,0.,0.));
#4236=DIRECTION('',(0.,0.,-1.));
#4237=DIRECTION('',(0.,1.,0.));
#4238=DIRECTION('',(0.,0.,1.));
#4239=DIRECTION('',(0.,-1.,-9.25185853854297E-15));
#4240=DIRECTION('',(0.,-9.25185853854297E-15,1.));
#4241=DIRECTION('',(0.,0.,1.));
#4242=DIRECTION('',(-1.,0.,0.));
#4243=DIRECTION('',(0.,0.,-1.));
#4244=DIRECTION('',(-1.,0.,0.));
#4245=DIRECTION('',(0.,9.25185853854297E-15,-1.));
#4246=DIRECTION('',(0.,1.,9.25185853854297E-15));
#4247=DIRECTION('',(-2.89120579329468E-16,0.,1.));
#4248=DIRECTION('',(1.,0.,2.89120579329468E-16));
#4249=DIRECTION('',(0.,0.,-1.));
#4250=DIRECTION('',(1.,0.,0.));
#4251=CARTESIAN_POINT('',(0.,0.,0.));
#4252=CARTESIAN_POINT('',(0.01625,-0.19,0.02));
#4253=CARTESIAN_POINT('',(0.031,0.,0.02));
#4254=CARTESIAN_POINT('',(0.031,-0.0185,0.02));
#4255=CARTESIAN_POINT('',(0.031,-0.0015,0.02));
#4256=CARTESIAN_POINT('',(0.0148323969741913,-0.0015,0.02));
#4257=CARTESIAN_POINT('',(0.0148323969741913,-0.0015,0.02));
#4258=CARTESIAN_POINT('',(0.0148323969741913,-0.19,0.02));
#4259=CARTESIAN_POINT('',(0.0148323969741913,-0.018549797060815,0.02));
#4260=CARTESIAN_POINT('',(0.0155,-0.023,0.02));
#4261=CARTESIAN_POINT('',(0.0155,-0.0185,0.02));
#4262=CARTESIAN_POINT('',(0.01625,-0.0185,0.02));
#4263=CARTESIAN_POINT('',(0.0125,-0.095,0.01));
#4264=CARTESIAN_POINT('',(0.0125,-0.142,0.01));
#4265=CARTESIAN_POINT('',(0.0125,-0.142,0.007));
#4266=CARTESIAN_POINT('',(0.0125,-0.17,0.));
#4267=CARTESIAN_POINT('',(0.0125,-0.17,0.007));
#4268=CARTESIAN_POINT('',(0.0125,-0.17,0.0015));
#4269=CARTESIAN_POINT('',(0.0125,-0.113,0.0015));
#4270=CARTESIAN_POINT('',(0.0125,-0.113,0.0015));
#4271=CARTESIAN_POINT('',(0.0125,-0.113,0.01));
#4272=CARTESIAN_POINT('',(0.0125,-0.113,0.0185));
#4273=CARTESIAN_POINT('',(0.0125,-0.095,0.0185));
#4274=CARTESIAN_POINT('',(0.0125,-0.159664684567442,0.0185));
#4275=CARTESIAN_POINT('',(0.0125,-0.186985352127359,0.00564278027223123));
#4276=CARTESIAN_POINT('',(0.0125,-0.184101357782295,0.007));
#4277=CARTESIAN_POINT('',(0.0125,-0.095,0.007));
#4278=CARTESIAN_POINT('',(0.01625,-0.19,0.02));
#4279=CARTESIAN_POINT('',(0.0110967414452408,-0.0579280700943031,0.02));
#4280=CARTESIAN_POINT('',(0.0103239630223904,-0.0589253461644898,0.02));
#4281=CARTESIAN_POINT('',(0.00875495822261011,-0.0609040074360153,0.02));
#4282=CARTESIAN_POINT('',(0.00669859732355582,-0.063293255379451,0.02));
#4283=CARTESIAN_POINT('',(0.00492268408652112,-0.0650852096532958,0.02));
#4284=CARTESIAN_POINT('',(0.0034760719266028,-0.0663199105626346,0.02));
#4285=CARTESIAN_POINT('',(0.00186896218185879,-0.0673259613841365,0.02));
#4286=CARTESIAN_POINT('',(-2.09571917055893E-5,-0.0677915839214006,0.02));
#4287=CARTESIAN_POINT('',(-0.00191933774554305,-0.0673036526559107,0.02));
#4288=CARTESIAN_POINT('',(-0.00352311911102679,-0.0662838346462849,0.02));
#4289=CARTESIAN_POINT('',(-0.00496370637634655,-0.0650463581363936,0.02));
#4290=CARTESIAN_POINT('',(-0.00673211639059141,-0.0632555852316115,0.02));
#4291=CARTESIAN_POINT('',(-0.00877264809521007,-0.0608817565889349,0.02));
#4292=CARTESIAN_POINT('',(-0.0103292807371917,-0.058918483615585,0.02));
#4293=CARTESIAN_POINT('',(-0.0110967414452408,-0.0579280700943031,0.02));
#4294=CARTESIAN_POINT('',(0.0110967414452408,-0.0579280700943031,0.02));
#4295=CARTESIAN_POINT('',(-0.0110967414452408,-0.0579280700943031,0.02));
#4296=CARTESIAN_POINT('',(-0.0155,-0.057,0.02));
#4297=CARTESIAN_POINT('',(-0.0155,-0.0615,0.02));
#4298=CARTESIAN_POINT('',(-0.0155,-0.0615,0.02));
#4299=CARTESIAN_POINT('',(-0.031,-0.0615,0.02));
#4300=CARTESIAN_POINT('',(-0.031,-0.06,0.02));
#4301=CARTESIAN_POINT('',(-0.031,-0.1085,0.02));
#4302=CARTESIAN_POINT('',(-0.0325,-0.1085,0.02));
#4303=CARTESIAN_POINT('',(-0.0155,-0.1085,0.02));
#4304=CARTESIAN_POINT('',(-0.0155,-0.113,0.02));
#4305=CARTESIAN_POINT('',(-0.011,-0.113,0.02));
#4306=CARTESIAN_POINT('',(-0.011,-0.19,0.02));
#4307=CARTESIAN_POINT('',(-0.011,-0.159664684567442,0.02));
#4308=CARTESIAN_POINT('',(0.0125,-0.159664684567442,0.02));
#4309=CARTESIAN_POINT('',(0.011,-0.159664684567442,0.02));
#4310=CARTESIAN_POINT('',(0.011,-0.19,0.02));
#4311=CARTESIAN_POINT('',(0.011,-0.113,0.02));
#4312=CARTESIAN_POINT('',(0.0155,-0.113,0.02));
#4313=CARTESIAN_POINT('',(0.0155,-0.1085,0.02));
#4314=CARTESIAN_POINT('',(0.0325,-0.1085,0.02));
#4315=CARTESIAN_POINT('',(0.031,-0.1085,0.02));
#4316=CARTESIAN_POINT('',(0.031,-0.06,0.02));
#4317=CARTESIAN_POINT('',(0.031,-0.0615,0.02));
#4318=CARTESIAN_POINT('',(0.0155,-0.0615,0.02));
#4319=CARTESIAN_POINT('',(0.0155,-0.0615,0.02));
#4320=CARTESIAN_POINT('',(0.0155,-0.057,0.02));
#4321=CARTESIAN_POINT('',(0.0325,-0.19,0.01));
#4322=CARTESIAN_POINT('',(0.0325,-0.1085,0.01));
#4323=CARTESIAN_POINT('',(0.0325,-0.1085,0.0185));
#4324=CARTESIAN_POINT('',(0.0325,-0.1085,0.0015));
#4325=CARTESIAN_POINT('',(0.0325,-0.19,0.0015));
#4326=CARTESIAN_POINT('',(0.0325,-0.0615,0.0015));
#4327=CARTESIAN_POINT('',(0.0325,-0.0615,0.01));
#4328=CARTESIAN_POINT('',(0.0325,-0.0615,0.0185));
#4329=CARTESIAN_POINT('',(0.0325,-0.11,0.0185));
#4330=CARTESIAN_POINT('',(0.01625,-0.19,0.01));
#4331=CARTESIAN_POINT('',(0.0155,-0.19,0.0025));
#4332=CARTESIAN_POINT('',(0.0325,-0.19,0.0025));
#4333=CARTESIAN_POINT('',(0.0155,-0.19,0.0025));
#4334=CARTESIAN_POINT('',(0.0155,-0.19,0.007));
#4335=CARTESIAN_POINT('',(0.0111411243275546,-0.19,0.00588187528774141));
#4336=CARTESIAN_POINT('',(-0.0125,-0.19,0.00588187528774141));
#4337=CARTESIAN_POINT('',(0.003,-0.19,0.00588187528774141));
#4338=CARTESIAN_POINT('',(0.003,-0.19,0.003));
#4339=CARTESIAN_POINT('',(0.003,-0.19,0.));
#4340=CARTESIAN_POINT('',(0.01775,-0.19,0.));
#4341=CARTESIAN_POINT('',(0.031,-0.19,0.));
#4342=CARTESIAN_POINT('',(0.031,-0.19,0.0015));
#4343=CARTESIAN_POINT('',(0.0325,-0.19,0.0015));
#4344=CARTESIAN_POINT('',(0.0325,-0.19,0.002));
#4345=CARTESIAN_POINT('',(0.01775,-0.19,0.));
#4346=CARTESIAN_POINT('',(0.003,-0.19,0.));
#4347=CARTESIAN_POINT('',(0.003,-0.0015,0.));
#4348=CARTESIAN_POINT('',(0.01775,-0.0015,0.));
#4349=CARTESIAN_POINT('',(0.031,-0.0015,0.));
#4350=CARTESIAN_POINT('',(0.031,-0.19,0.));
#4351=CARTESIAN_POINT('',(0.031,-0.0185,0.));
#4352=CARTESIAN_POINT('',(0.0155,-0.0185,0.));
#4353=CARTESIAN_POINT('',(0.0155,-0.0185,0.));
#4354=CARTESIAN_POINT('',(0.0155,-0.023,0.));
#4355=CARTESIAN_POINT('',(0.011,-0.023,0.));
#4356=CARTESIAN_POINT('',(0.011,-0.057,0.));
#4357=CARTESIAN_POINT('',(0.011,-0.057,0.));
#4358=CARTESIAN_POINT('',(0.0155,-0.057,0.));
#4359=CARTESIAN_POINT('',(0.0155,-0.0615,0.));
#4360=CARTESIAN_POINT('',(0.01775,-0.0615,0.));
#4361=CARTESIAN_POINT('',(0.031,-0.0615,0.));
#4362=CARTESIAN_POINT('',(0.031,-0.19,0.));
#4363=CARTESIAN_POINT('',(0.031,-0.1085,0.));
#4364=CARTESIAN_POINT('',(0.01775,-0.1085,0.));
#4365=CARTESIAN_POINT('',(0.0155,-0.1085,0.));
#4366=CARTESIAN_POINT('',(0.0155,-0.113,0.));
#4367=CARTESIAN_POINT('',(0.011,-0.113,0.));
#4368=CARTESIAN_POINT('',(0.011,-0.17,0.));
#4369=CARTESIAN_POINT('',(0.011,-0.17,0.));
#4370=CARTESIAN_POINT('',(0.0155,-0.17,0.));
#4371=CARTESIAN_POINT('',(0.0155,-0.1745,0.));
#4372=CARTESIAN_POINT('',(0.0325,-0.1745,0.));
#4373=CARTESIAN_POINT('',(0.031,-0.1745,0.));
#4374=CARTESIAN_POINT('',(0.031,-0.19,0.));
#4375=CARTESIAN_POINT('',(0.0015,-0.19,0.006));
#4376=CARTESIAN_POINT('',(0.003,-0.19,0.006));
#4377=CARTESIAN_POINT('',(0.003,-0.189748993478951,0.006));
#4378=CARTESIAN_POINT('',(0.003,0.,0.006));
#4379=CARTESIAN_POINT('',(0.0015,-0.189748993478951,0.006));
#4380=CARTESIAN_POINT('',(-0.003,-0.189748993478951,0.006));
#4381=CARTESIAN_POINT('',(-0.003,-0.19,0.006));
#4382=CARTESIAN_POINT('',(-0.003,0.,0.006));
#4383=CARTESIAN_POINT('',(0.0015,0.,0.006));
#4384=CARTESIAN_POINT('',(0.003,-0.19,0.003));
#4385=CARTESIAN_POINT('',(0.003,0.,0.003));
#4386=CARTESIAN_POINT('',(0.003,0.,0.0015));
#4387=CARTESIAN_POINT('',(0.003,-0.0015,0.0015));
#4388=CARTESIAN_POINT('',(0.003,-0.191110321504818,0.0053593533718839));
#4389=CARTESIAN_POINT('',(0.0325,-0.19,0.01));
#4390=CARTESIAN_POINT('',(0.0325,-0.02,0.0185));
#4391=CARTESIAN_POINT('',(0.0325,-0.0015,0.0185));
#4392=CARTESIAN_POINT('',(0.0325,-0.0185,0.0185));
#4393=CARTESIAN_POINT('',(0.0325,-0.0185,0.));
#4394=CARTESIAN_POINT('',(0.0325,-0.0185,0.0015));
#4395=CARTESIAN_POINT('',(0.0325,-0.19,0.0015));
#4396=CARTESIAN_POINT('',(0.0325,-0.0015,0.0015));
#4397=CARTESIAN_POINT('',(0.0325,-0.0015,0.01));
#4398=CARTESIAN_POINT('',(0.01625,0.,0.01));
#4399=CARTESIAN_POINT('',(-0.003,0.,0.003));
#4400=CARTESIAN_POINT('',(-0.003,0.,0.0015));
#4401=CARTESIAN_POINT('',(-0.01625,0.,0.0015));
#4402=CARTESIAN_POINT('',(-0.031,0.,0.0015));
#4403=CARTESIAN_POINT('',(-0.031,0.,0.01));
#4404=CARTESIAN_POINT('',(-0.031,0.,0.0185));
#4405=CARTESIAN_POINT('',(-0.0325,0.,0.0185));
#4406=CARTESIAN_POINT('',(-0.0148323969741913,0.,0.0185));
#4407=CARTESIAN_POINT('',(-0.0148323969741913,0.,0.023));
#4408=CARTESIAN_POINT('',(-0.0106607853252,0.,0.0246875));
#4409=CARTESIAN_POINT('',(0.,0.,0.029));
#4410=CARTESIAN_POINT('',(-0.0106607853252,0.,0.0333125));
#4411=CARTESIAN_POINT('',(-0.0148323969741913,0.,0.035));
#4412=CARTESIAN_POINT('',(-0.0148323969741913,0.,0.0395));
#4413=CARTESIAN_POINT('',(-0.01625,0.,0.0395));
#4414=CARTESIAN_POINT('',(-0.0325,0.,0.0395));
#4415=CARTESIAN_POINT('',(-0.0325,0.,0.04));
#4416=CARTESIAN_POINT('',(-0.0325,0.,0.0405));
#4417=CARTESIAN_POINT('',(0.0325,0.,0.0405));
#4418=CARTESIAN_POINT('',(0.0325,0.,0.0405));
#4419=CARTESIAN_POINT('',(0.0325,0.,0.04));
#4420=CARTESIAN_POINT('',(0.0325,0.,0.0395));
#4421=CARTESIAN_POINT('',(0.01625,0.,0.0395));
#4422=CARTESIAN_POINT('',(0.0148323969741913,0.,0.0395));
#4423=CARTESIAN_POINT('',(0.0148323969741913,0.,0.035));
#4424=CARTESIAN_POINT('',(0.0106607853252,0.,0.0333125));
#4425=CARTESIAN_POINT('',(0.,0.,0.029));
#4426=CARTESIAN_POINT('',(0.0106607853252,0.,0.0246875));
#4427=CARTESIAN_POINT('',(0.0148323969741913,0.,0.023));
#4428=CARTESIAN_POINT('',(0.0148323969741913,0.,0.0185));
#4429=CARTESIAN_POINT('',(0.0325,0.,0.0185));
#4430=CARTESIAN_POINT('',(0.031,0.,0.0185));
#4431=CARTESIAN_POINT('',(0.031,0.,0.01));
#4432=CARTESIAN_POINT('',(0.031,0.,0.0015));
#4433=CARTESIAN_POINT('',(0.01625,0.,0.0015));
#4434=CARTESIAN_POINT('',(0.0125,-0.02,0.01));
#4435=CARTESIAN_POINT('',(0.0155,-0.02,-6.93889390390723E-19));
#4436=CARTESIAN_POINT('',(0.0155,-0.02,0.0185));
#4437=CARTESIAN_POINT('',(0.0155,-0.02,0.0015));
#4438=CARTESIAN_POINT('',(0.0325,-0.02,0.0015));
#4439=CARTESIAN_POINT('',(0.031,-0.02,0.0015));
#4440=CARTESIAN_POINT('',(0.031,-0.02,0.02));
#4441=CARTESIAN_POINT('',(0.031,-0.02,0.0185));
#4442=CARTESIAN_POINT('',(0.0125,-0.02,0.0185));
#4443=CARTESIAN_POINT('',(0.0125,-0.06,0.01));
#4444=CARTESIAN_POINT('',(0.031,-0.06,0.01));
#4445=CARTESIAN_POINT('',(0.031,-0.06,0.0185));
#4446=CARTESIAN_POINT('',(0.031,-0.06,0.0015));
#4447=CARTESIAN_POINT('',(0.0125,-0.06,0.0015));
#4448=CARTESIAN_POINT('',(0.0155,-0.06,0.0015));
#4449=CARTESIAN_POINT('',(0.0155,-0.06,0.01));
#4450=CARTESIAN_POINT('',(0.0155,-0.06,0.0185));
#4451=CARTESIAN_POINT('',(0.0325,-0.06,0.0185));
#4452=CARTESIAN_POINT('',(0.0125,-0.095,0.01));
#4453=CARTESIAN_POINT('',(0.0125,-0.04,0.01));
#4454=CARTESIAN_POINT('',(0.0125,-0.04,0.007));
#4455=CARTESIAN_POINT('',(0.0125,-0.057,0.01));
#4456=CARTESIAN_POINT('',(0.0125,-0.057,0.0185462615457498));
#4457=CARTESIAN_POINT('',(0.0125,-0.057,0.0015));
#4458=CARTESIAN_POINT('',(0.0125,-0.023,0.0015));
#4459=CARTESIAN_POINT('',(0.0125,-0.023,0.0015));
#4460=CARTESIAN_POINT('',(0.0125,-0.023,0.02));
#4461=CARTESIAN_POINT('',(0.0125,-0.023,0.0206414552299757));
#4462=CARTESIAN_POINT('',(0.0125,-0.0521954319790374,0.0206414552299757));
#4463=CARTESIAN_POINT('',(0.0125,-0.0517009111071835,0.0206414552299757));
#4464=CARTESIAN_POINT('',(0.0125,-0.0517009111071835,0.0206414552299757));
#4465=CARTESIAN_POINT('',(0.0125,-0.052401341351331,0.019963889304247));
#4466=CARTESIAN_POINT('',(0.0125,-0.0541418265626091,0.0190270804648067));
#4467=CARTESIAN_POINT('',(0.0125,-0.0560333162892535,0.0186313949960187));
#4468=CARTESIAN_POINT('',(0.0125,-0.057,0.0185462615457498));
#4469=CARTESIAN_POINT('',(0.0125,-0.11,0.01));
#4470=CARTESIAN_POINT('',(0.0155,-0.11,0.01));
#4471=CARTESIAN_POINT('',(0.0155,-0.11,0.0185));
#4472=CARTESIAN_POINT('',(0.0155,-0.11,0.0015));
#4473=CARTESIAN_POINT('',(0.0125,-0.11,0.0015));
#4474=CARTESIAN_POINT('',(0.031,-0.11,0.0015));
#4475=CARTESIAN_POINT('',(0.031,-0.11,0.01));
#4476=CARTESIAN_POINT('',(0.031,-0.11,0.0185));
#4477=CARTESIAN_POINT('',(0.0155,-0.11,0.0185));
#4478=CARTESIAN_POINT('',(-0.0125,-0.175,0.0129409376438707));
#4479=CARTESIAN_POINT('',(0.011,-0.16,0.02));
#4480=CARTESIAN_POINT('',(0.011,-0.184740071028248,0.00835721972776876));
#4481=CARTESIAN_POINT('',(0.011,-0.160303397813395,0.0198572197277688));
#4482=CARTESIAN_POINT('',(0.,-0.160303397813395,0.0198572197277688));
#4483=CARTESIAN_POINT('',(-0.011,-0.160303397813395,0.0198572197277688));
#4484=CARTESIAN_POINT('',(-0.011,-0.16,0.02));
#4485=CARTESIAN_POINT('',(-0.011,-0.184740071028248,0.00835721972776876));
#4486=CARTESIAN_POINT('',(-0.0155,-0.184740071028247,0.00835721972776877));
#4487=CARTESIAN_POINT('',(-0.0117086838837668,-0.189890960796024,0.0059331895904168));
#4488=CARTESIAN_POINT('',(-0.0111411243275546,-0.19,0.00588187528774114));
#4489=CARTESIAN_POINT('',(-0.0113373902662994,-0.19,0.00588187528774114));
#4490=CARTESIAN_POINT('',(-0.0115297525555799,-0.189964256507021,0.00589869632412571));
#4491=CARTESIAN_POINT('',(-0.0117086838837668,-0.189890960796024,0.00593318959041681));
#4492=CARTESIAN_POINT('',(-0.0111411243275546,-0.19,0.00588187528774141));
#4493=CARTESIAN_POINT('',(0.0125,-0.19,0.00588187528774141));
#4494=CARTESIAN_POINT('',(-0.003,-0.19,0.00588187528774141));
#4495=CARTESIAN_POINT('',(-0.003,-0.191110321504818,0.0053593533718839));
#4496=CARTESIAN_POINT('',(0.0111411243275546,-0.19,0.00588187528774114));
#4497=CARTESIAN_POINT('',(0.0113373902662994,-0.19,0.00588187528774114));
#4498=CARTESIAN_POINT('',(0.0115297525555799,-0.189964256507021,0.00589869632412571));
#4499=CARTESIAN_POINT('',(0.0117086838837668,-0.189890960796024,0.00593318959041681));
#4500=CARTESIAN_POINT('',(0.0117086838837668,-0.189890960796024,0.0059331895904168));
#4501=CARTESIAN_POINT('',(0.0155,-0.184740071028247,0.00835721972776877));
#4502=CARTESIAN_POINT('',(-0.0125,-0.142,0.01));
#4503=CARTESIAN_POINT('',(-0.0125,-0.142,0.01));
#4504=CARTESIAN_POINT('',(-0.0125,-0.142,0.007));
#4505=CARTESIAN_POINT('',(-0.0125,-0.04,0.01));
#4506=CARTESIAN_POINT('',(-0.0125,-0.04,0.01));
#4507=CARTESIAN_POINT('',(-0.0125,-0.04,0.007));
#4508=CARTESIAN_POINT('',(0.,-0.0615543680489063,0.029));
#4509=CARTESIAN_POINT('',(0.0120513225415305,-0.0615543680489063,0.024125));
#4510=CARTESIAN_POINT('',(0.0120513225415305,-0.0520367994904518,0.024125));
#4511=CARTESIAN_POINT('',(0.0120513225415305,-0.0015,0.024125));
#4512=CARTESIAN_POINT('',(0.,-0.0015,0.029));
#4513=CARTESIAN_POINT('',(0.0120513225415305,-0.0015,0.033875));
#4514=CARTESIAN_POINT('',(0.0120513225415305,-0.0615543680489063,0.033875));
#4515=CARTESIAN_POINT('',(0.0120513225415305,-0.02,0.033875));
#4516=CARTESIAN_POINT('',(0.,-0.02,0.029));
#4517=CARTESIAN_POINT('',(0.,-0.02,0.042));
#4518=CARTESIAN_POINT('',(0.,-0.02,0.029));
#4519=CARTESIAN_POINT('',(-0.0120513225415305,-0.02,0.033875));
#4520=CARTESIAN_POINT('',(-0.0120513225415305,-0.0615543680489063,0.033875));
#4521=CARTESIAN_POINT('',(-0.0120513225415305,-0.0015,0.033875));
#4522=CARTESIAN_POINT('',(0.,-0.0015,0.029));
#4523=CARTESIAN_POINT('',(-0.0120513225415305,-0.0015,0.024125));
#4524=CARTESIAN_POINT('',(-0.0120513225415305,-0.0615543680489063,0.024125));
#4525=CARTESIAN_POINT('',(-0.0120513225415305,-0.0520367994904518,0.024125));
#4526=CARTESIAN_POINT('',(0.,-0.0520367994904518,0.029));
#4527=CARTESIAN_POINT('',(0.,-0.0520367994904518,0.029));
#4528=CARTESIAN_POINT('',(0.,-0.0711087360978127,0.029));
#4529=CARTESIAN_POINT('',(-0.0119903099861081,-0.0520275370715249,0.0239604902665659));
#4530=CARTESIAN_POINT('',(-0.0120089913299716,-0.05203369341862,0.0240157682908861));
#4531=CARTESIAN_POINT('',(-0.0120293195925326,-0.0520367994904518,0.0240706072543102));
#4532=CARTESIAN_POINT('',(-0.0120513225415305,-0.0520367994904518,0.024125));
#4533=CARTESIAN_POINT('',(-0.0119903099861081,-0.0520275370715249,0.0239604902665659));
#4534=CARTESIAN_POINT('',(-0.0119903099861081,-0.0520275370715249,0.0239604902665659));
#4535=CARTESIAN_POINT('',(-0.011082010580595,-0.0532862351718581,0.0240137067191929));
#4536=CARTESIAN_POINT('',(-0.00971274466932117,-0.0551683237550468,0.0241060297871087));
#4537=CARTESIAN_POINT('',(-0.00786414196981273,-0.0576562329682783,0.0242718555689399));
#4538=CARTESIAN_POINT('',(-0.00646180774860542,-0.0595073058040137,0.0244250688950055));
#4539=CARTESIAN_POINT('',(-0.00503532785143322,-0.0613369547889409,0.0246175832203116));
#4540=CARTESIAN_POINT('',(-0.0038158253568724,-0.0628322238815421,0.0248232792263772));
#4541=CARTESIAN_POINT('',(-0.00279535016495097,-0.0639947779278464,0.0250254421429105));
#4542=CARTESIAN_POINT('',(-0.00199893418610426,-0.0648256974930092,0.0251947004087262));
#4543=CARTESIAN_POINT('',(-0.00126906631071601,-0.0654654526627814,0.0253489985736138));
#4544=CARTESIAN_POINT('',(-0.000601109418913288,-0.0658487121701657,0.0254521350231214));
#4545=CARTESIAN_POINT('',(-1.2521251049349E-5,-0.065987778637583,0.0254916076887294));
#4546=CARTESIAN_POINT('',(0.000579375458178488,-0.0658580349496469,0.0254547445697355));
#4547=CARTESIAN_POINT('',(0.00124659397471627,-0.0654822907743455,0.0253533290552132));
#4548=CARTESIAN_POINT('',(0.00197688837386171,-0.0648473541560563,0.025199500054964));
#4549=CARTESIAN_POINT('',(0.00277634739179651,-0.0640156620897157,0.0250293659226612));
#4550=CARTESIAN_POINT('',(0.00379667866970796,-0.0628551076106095,0.0248267821855845));
#4551=CARTESIAN_POINT('',(0.00501862655995153,-0.0613580432646511,0.024620055208388));
#4552=CARTESIAN_POINT('',(0.00644858785447148,-0.0595245843794536,0.0244266377621517));
#4553=CARTESIAN_POINT('',(0.00785536408482265,-0.0576679796746334,0.0242726946725855));
#4554=CARTESIAN_POINT('',(0.00970846568842345,-0.0551742034013701,0.0241063200759033));
#4555=CARTESIAN_POINT('',(0.0110803519179797,-0.0532885337041155,0.0240138038987573));
#4556=CARTESIAN_POINT('',(0.0119903099861081,-0.0520275370715249,0.0239604902665659));
#4557=CARTESIAN_POINT('',(0.0119903099861081,-0.0520275370715249,0.0239604902665659));
#4558=CARTESIAN_POINT('',(0.0119903099861081,-0.0520275370715249,0.0239604902665659));
#4559=CARTESIAN_POINT('',(0.0120089913299716,-0.05203369341862,0.0240157682908861));
#4560=CARTESIAN_POINT('',(0.0120293195925326,-0.0520367994904518,0.0240706072543102));
#4561=CARTESIAN_POINT('',(0.0120513225415305,-0.0520367994904518,0.024125));
#4562=CARTESIAN_POINT('',(-2.000000000002E-6,-0.173,0.002));
#4563=CARTESIAN_POINT('',(0.031,-0.173,0.002));
#4564=CARTESIAN_POINT('',(0.031,-0.173,0.0025));
#4565=CARTESIAN_POINT('',(0.031,-0.173,0.0015));
#4566=CARTESIAN_POINT('',(0.0155,-0.173,0.0015));
#4567=CARTESIAN_POINT('',(0.0155,-0.173,0.0015));
#4568=CARTESIAN_POINT('',(0.0155,-0.173,0.004));
#4569=CARTESIAN_POINT('',(0.0155,-0.173,0.0025));
#4570=CARTESIAN_POINT('',(0.0325,-0.173,0.0025));
#4571=CARTESIAN_POINT('',(-2.000000000002E-6,-0.1815,0.004));
#4572=CARTESIAN_POINT('',(0.031,-0.173,0.004));
#4573=CARTESIAN_POINT('',(0.031,-0.1885,0.004));
#4574=CARTESIAN_POINT('',(0.031,-0.1745,0.004));
#4575=CARTESIAN_POINT('',(0.0155,-0.1745,0.004));
#4576=CARTESIAN_POINT('',(0.0155,-0.1745,0.004));
#4577=CARTESIAN_POINT('',(0.0155,-0.1815,0.004));
#4578=CARTESIAN_POINT('',(0.0155,-0.1885,0.004));
#4579=CARTESIAN_POINT('',(0.0325,-0.1885,0.004));
#4580=CARTESIAN_POINT('',(0.0325,-0.095,0.021));
#4581=CARTESIAN_POINT('',(0.0325,-0.173,0.0015));
#4582=CARTESIAN_POINT('',(0.0325,-0.1745,0.0015));
#4583=CARTESIAN_POINT('',(0.0325,-0.1745,0.021));
#4584=CARTESIAN_POINT('',(0.0325,-0.1745,0.0025));
#4585=CARTESIAN_POINT('',(0.0325,-0.19,0.0025));
#4586=CARTESIAN_POINT('',(-2.000000000002E-6,-0.017,0.04));
#4587=CARTESIAN_POINT('',(0.,-0.017,0.029));
#4588=CARTESIAN_POINT('',(0.0111242977306435,-0.017,0.0405));
#4589=CARTESIAN_POINT('',(0.0125750328882554,-0.017,0.0388928533729807));
#4590=CARTESIAN_POINT('',(0.0148323969741913,-0.017,0.035));
#4591=CARTESIAN_POINT('',(0.0148323969741913,-0.017,0.0395));
#4592=CARTESIAN_POINT('',(0.0325,-0.017,0.0395));
#4593=CARTESIAN_POINT('',(0.031,-0.017,0.0395));
#4594=CARTESIAN_POINT('',(0.031,-0.017,0.04));
#4595=CARTESIAN_POINT('',(0.031,-0.017,0.0405));
#4596=CARTESIAN_POINT('',(-2.000000000002E-6,-0.017,0.0405));
#4597=CARTESIAN_POINT('',(-2.000000000002E-6,-0.0085,0.042));
#4598=CARTESIAN_POINT('',(0.031,-0.0085,0.042));
#4599=CARTESIAN_POINT('',(0.031,-0.0155,0.042));
#4600=CARTESIAN_POINT('',(0.031,-0.0015,0.042));
#4601=CARTESIAN_POINT('',(0.,-0.0015,0.042));
#4602=CARTESIAN_POINT('',(-0.031,-0.0015,0.042));
#4603=CARTESIAN_POINT('',(-0.031,-0.0085,0.042));
#4604=CARTESIAN_POINT('',(-0.031,-0.0155,0.042));
#4605=CARTESIAN_POINT('',(2.000000000002E-6,-0.0155,0.042));
#4606=CARTESIAN_POINT('',(-0.0111242977306435,-0.0155,0.042));
#4607=CARTESIAN_POINT('',(-0.0111242977306435,-0.0155,0.042));
#4608=CARTESIAN_POINT('',(-0.00906871341134512,-0.0155,0.042));
#4609=CARTESIAN_POINT('',(-0.00513100270710708,-0.0167854557687232,0.042));
#4610=CARTESIAN_POINT('',(-0.00171851418482281,-0.0189249962584904,0.042));
#4611=CARTESIAN_POINT('',(0.,-0.02,0.042));
#4612=CARTESIAN_POINT('',(0.0111242977306435,-0.0155,0.042));
#4613=CARTESIAN_POINT('',(0.00906871341134512,-0.0155,0.042));
#4614=CARTESIAN_POINT('',(0.00513100270710708,-0.0167854557687232,0.042));
#4615=CARTESIAN_POINT('',(0.00171851418482281,-0.0189249962584904,0.042));
#4616=CARTESIAN_POINT('',(0.,-0.02,0.042));
#4617=CARTESIAN_POINT('',(0.0111242977306435,-0.0155,0.042));
#4618=CARTESIAN_POINT('',(-2.000000000002E-6,-0.0155,0.042));
#4619=CARTESIAN_POINT('',(-2.000000000002E-6,-0.0085,0.038));
#4620=CARTESIAN_POINT('',(0.031,-0.017,0.038));
#4621=CARTESIAN_POINT('',(0.031,-0.0015,0.038));
#4622=CARTESIAN_POINT('',(0.031,-0.0155,0.038));
#4623=CARTESIAN_POINT('',(0.0148323969741913,-0.0155,0.038));
#4624=CARTESIAN_POINT('',(0.0148323969741913,-0.0155,0.038));
#4625=CARTESIAN_POINT('',(0.0148323969741913,0.,0.038));
#4626=CARTESIAN_POINT('',(0.0148323969741913,-0.0015,0.038));
#4627=CARTESIAN_POINT('',(-2.000000000002E-6,-0.0015,0.038));
#4628=CARTESIAN_POINT('',(0.0325,-0.095,0.021));
#4629=CARTESIAN_POINT('',(0.0325,-0.0155,0.021));
#4630=CARTESIAN_POINT('',(0.0325,-0.0155,0.0405));
#4631=CARTESIAN_POINT('',(0.0325,-0.0155,0.0395));
#4632=CARTESIAN_POINT('',(0.0325,0.,0.0395));
#4633=CARTESIAN_POINT('',(0.0325,-0.095,0.0405));
#4634=CARTESIAN_POINT('',(0.,-0.02,0.029));
#4635=CARTESIAN_POINT('',(0.0125750328882554,-0.017,0.0388928533729807));
#4636=CARTESIAN_POINT('',(0.012332044385036,-0.017,0.038773472316562));
#4637=CARTESIAN_POINT('',(0.011899244939277,-0.0170744201016693,0.038438900579323));
#4638=CARTESIAN_POINT('',(0.0114108861474364,-0.0174780561741139,0.0375541698492141));
#4639=CARTESIAN_POINT('',(0.0113475016380089,-0.0181908829386028,0.0363996639345944));
#4640=CARTESIAN_POINT('',(0.0116018311378356,-0.0190863155918279,0.0351099758850942));
#4641=CARTESIAN_POINT('',(0.0118871088966272,-0.0196953843130756,0.0342809469949639));
#4642=CARTESIAN_POINT('',(0.0120513225415305,-0.02,0.033875));
#4643=CARTESIAN_POINT('',(0.0111242977306435,-0.017,0.0405));
#4644=CARTESIAN_POINT('',(0.010163327577181,-0.017,0.0406908208895923));
#4645=CARTESIAN_POINT('',(0.00827176026653612,-0.0172673868115648,0.0410758587723624));
#4646=CARTESIAN_POINT('',(0.00456613290152736,-0.0183009418147343,0.0417482699163534));
#4647=CARTESIAN_POINT('',(0.00182430309048022,-0.0193269965184027,0.042));
#4648=CARTESIAN_POINT('',(0.,-0.02,0.042));
#4649=CARTESIAN_POINT('',(0.0148323969741913,-0.0615543680489063,0.035));
#4650=CARTESIAN_POINT('',(0.0148323969741913,-0.0155,0.035));
#4651=CARTESIAN_POINT('',(0.0133274875835674,-0.0155,0.0375952355819871));
#4652=CARTESIAN_POINT('',(0.0133274875835674,-0.0155,0.0375952355819871));
#4653=CARTESIAN_POINT('',(0.0128531733698067,-0.0155,0.0373201931467842));
#4654=CARTESIAN_POINT('',(0.0121509521375684,-0.0159857837211125,0.0365416764159466));
#4655=CARTESIAN_POINT('',(0.0118307328429949,-0.0172335518634138,0.0355156949108413));
#4656=CARTESIAN_POINT('',(0.0118154758519299,-0.0185872003254111,0.034640875796254));
#4657=CARTESIAN_POINT('',(0.0119518142654864,-0.0195305060309484,0.0341209910420838));
#4658=CARTESIAN_POINT('',(0.0120513225415305,-0.02,0.033875));
#4659=CARTESIAN_POINT('',(0.0148323969741913,-0.0015,0.035));
#4660=CARTESIAN_POINT('',(0.0155,-0.023,0.01));
#4661=CARTESIAN_POINT('',(0.0155,-0.023,0.0015));
#4662=CARTESIAN_POINT('',(0.0155,-0.023,0.0185));
#4663=CARTESIAN_POINT('',(0.0150549313161276,-0.0200331980405433,0.0185));
#4664=CARTESIAN_POINT('',(0.0150549313161276,-0.0200331980405433,0.0185));
#4665=CARTESIAN_POINT('',(0.0146493064372703,-0.020094048388307,0.0185));
#4666=CARTESIAN_POINT('',(0.0139019758931015,-0.0203827658319735,0.0187546857470089));
#4667=CARTESIAN_POINT('',(0.013150813532159,-0.021058886761557,0.0194584251424983));
#4668=CARTESIAN_POINT('',(0.0126672056479164,-0.0218578655035095,0.020223990010028));
#4669=CARTESIAN_POINT('',(0.0125,-0.0225889850222206,0.0206414552299757));
#4670=CARTESIAN_POINT('',(0.0125,-0.023,0.0206414552299757));
#4671=CARTESIAN_POINT('',(0.0155,-0.113,0.01));
#4672=CARTESIAN_POINT('',(0.0155,-0.113,0.0015));
#4673=CARTESIAN_POINT('',(0.0155,-0.113,0.0185));
#4674=CARTESIAN_POINT('',(0.0155,-0.057,0.01));
#4675=CARTESIAN_POINT('',(0.0155,-0.057,0.0015));
#4676=CARTESIAN_POINT('',(0.0125,-0.057,0.0185462615457498));
#4677=CARTESIAN_POINT('',(0.0125,-0.0572075814063086,0.0185188397720079));
#4678=CARTESIAN_POINT('',(0.0125212603066518,-0.057413588332627,0.0185));
#4679=CARTESIAN_POINT('',(0.0125644942968272,-0.0576187133962021,0.0185));
#4680=CARTESIAN_POINT('',(0.0125644942968272,-0.0576187133962021,0.0185));
#4681=CARTESIAN_POINT('',(0.0155,-0.057,0.0185));
#4682=CARTESIAN_POINT('',(0.0155,-0.1815,0.007));
#4683=CARTESIAN_POINT('',(0.0155,-0.17,0.007));
#4684=CARTESIAN_POINT('',(0.0155,-0.184101357782295,0.007));
#4685=CARTESIAN_POINT('',(0.0128362499247003,-0.1885,0.00561998712457416));
#4686=CARTESIAN_POINT('',(0.0155,-0.1885,0.007));
#4687=CARTESIAN_POINT('',(0.0155,-0.17,0.01));
#4688=CARTESIAN_POINT('',(0.0155,-0.17,0.0015));
#4689=CARTESIAN_POINT('',(0.0155,-0.17,0.007));
#4690=CARTESIAN_POINT('',(0.0144427436199647,-0.0534909308471558,0.02));
#4691=CARTESIAN_POINT('',(0.0110910089929967,-0.0510169840560046,0.02));
#4692=CARTESIAN_POINT('',(0.0121535278540909,-0.051801239201323,0.0239510169921078));
#4693=CARTESIAN_POINT('',(0.0139310082183933,-0.0541842364881029,0.02));
#4694=CARTESIAN_POINT('',(0.0105459225780073,-0.0516802438086825,0.0199999999999998));
#4695=CARTESIAN_POINT('',(0.0116537307182007,-0.0524945448422311,0.0239797538774205));
#4696=CARTESIAN_POINT('',(0.0129023431716758,-0.055567167522299,0.02));
#4697=CARTESIAN_POINT('',(0.0094417744814778,-0.0529971532504941,0.0200000000000001));
#4698=CARTESIAN_POINT('',(0.0106522546115585,-0.0538774758764844,0.0240422456941932));
#4699=CARTESIAN_POINT('',(0.0113378408989322,-0.0576264052008937,0.02));
#4700=CARTESIAN_POINT('',(0.00775211372428962,-0.0549032179126443,0.02));
#4701=CARTESIAN_POINT('',(0.00914327545511833,-0.0559367135550561,0.0241555739408649));
#4702=CARTESIAN_POINT('',(0.00974279232928107,-0.0596638841868865,0.02));
#4703=CARTESIAN_POINT('',(0.00599745058510487,-0.0567257195990897,0.02));
#4704=CARTESIAN_POINT('',(0.00762636291381081,-0.0579741925410551,0.0242948178816784));
#4705=CARTESIAN_POINT('',(0.00810099890887645,-0.0616689102242541,0.02));
#4706=CARTESIAN_POINT('',(0.004149079874083,-0.0584082287407562,0.02));
#4707=CARTESIAN_POINT('',(0.00609959166067043,-0.059979218578421,0.0244689686315683));
#4708=CARTESIAN_POINT('',(0.00667751414366242,-0.0632885504044269,0.02));
#4709=CARTESIAN_POINT('',(0.00252158647005948,-0.0595744454721621,0.02));
#4710=CARTESIAN_POINT('',(0.0048236981367599,-0.0615988587585942,0.0246527204091219));
#4711=CARTESIAN_POINT('',(0.00547927685618102,-0.0645284051406963,0.02));
#4712=CARTESIAN_POINT('',(0.00116595646633749,-0.0602280240236256,0.02));
#4713=CARTESIAN_POINT('',(0.00380182154361107,-0.0628387134948635,0.0248290076206327));
#4714=CARTESIAN_POINT('',(0.00453494722182164,-0.0654204492381312,0.02));
#4715=CARTESIAN_POINT('',(0.00010674727821639,-0.0605052913197416,0.02));
#4716=CARTESIAN_POINT('',(0.00303240603146488,-0.0637307575922984,0.0249769754720031));
#4717=CARTESIAN_POINT('',(0.00353589700989477,-0.0662458112809073,0.02));
#4718=CARTESIAN_POINT('',(-0.000912758706678081,-0.0604312443066009,0.02));
#4719=CARTESIAN_POINT('',(0.00226680105163673,-0.0645561196350745,0.0251372285665862));
#4720=CARTESIAN_POINT('',(0.00263027687253617,-0.066848439021016,0.02));
#4721=CARTESIAN_POINT('',(-0.0015522973759338,-0.0599090869580456,0.02));
#4722=CARTESIAN_POINT('',(0.00162770362020063,-0.0651587473751832,0.025274195770634));
#4723=CARTESIAN_POINT('',(0.00186180094536626,-0.0672308439128725,0.02));
#4724=CARTESIAN_POINT('',(-0.00167240151245164,-0.0592033182313172,0.02));
#4725=CARTESIAN_POINT('',(0.00112421419288938,-0.0655411522670397,0.0253700578351963));
#4726=CARTESIAN_POINT('',(0.00126140022350918,-0.0674551116631037,0.02));
#4727=CARTESIAN_POINT('',(-0.00145920871746836,-0.0585843646905185,0.02));
#4728=CARTESIAN_POINT('',(0.000748846286689252,-0.0657654200172709,0.0254295176291741));
#4729=CARTESIAN_POINT('',(0.000620942593226001,-0.0676025533974461,0.02));
#4730=CARTESIAN_POINT('',(-0.000851749828831478,-0.0580368559077992,0.02));
#4731=CARTESIAN_POINT('',(0.000364267777474564,-0.0659128617516133,0.0254703425495265));
#4732=CARTESIAN_POINT('',(-2.5909193256844E-5,-0.0676498802922172,0.02));
#4733=CARTESIAN_POINT('',(3.77468971837777E-5,-0.0578295126177541,0.02));
#4734=CARTESIAN_POINT('',(-1.5132980830292E-5,-0.0659601886463844,0.0254837623953882));
#4735=CARTESIAN_POINT('',(-0.000676577059003365,-0.0675937252640274,0.02));
#4736=CARTESIAN_POINT('',(0.000918278624724988,-0.0580735121332804,0.02));
#4737=CARTESIAN_POINT('',(-0.000397204841061577,-0.0659040336181946,0.025467858595502));
#4738=CARTESIAN_POINT('',(-0.00131268818260953,-0.0674392038753672,0.02));
#4739=CARTESIAN_POINT('',(0.00149163230362683,-0.0586360690541489,0.02));
#4740=CARTESIAN_POINT('',(-0.000780250764403016,-0.0657495122295344,0.025425195108837));
#4741=CARTESIAN_POINT('',(-0.00191976721254338,-0.0672056440336407,0.02));
#4742=CARTESIAN_POINT('',(0.00167756201193461,-0.059261762320263,0.02));
#4743=CARTESIAN_POINT('',(-0.00116124088070517,-0.0655159523878079,0.0253635294876446));
#4744=CARTESIAN_POINT('',(-0.00269742301079357,-0.0668082434943914,0.02));
#4745=CARTESIAN_POINT('',(0.00151710624832379,-0.0599600281110573,0.02));
#4746=CARTESIAN_POINT('',(-0.00167360164283946,-0.0651185518485586,0.0252646217675092));
#4747=CARTESIAN_POINT('',(-0.00358693939702466,-0.0662064439462137,0.02));
#4748=CARTESIAN_POINT('',(0.000863353023688928,-0.0604447059419157,0.02));
#4749=CARTESIAN_POINT('',(-0.00230478240810641,-0.064516752300381,0.025129043670177));
#4750=CARTESIAN_POINT('',(-0.00458522240739099,-0.0653757137195391,0.02));
#4751=CARTESIAN_POINT('',(-0.000160994224623436,-0.0604987214938063,0.02));
#4752=CARTESIAN_POINT('',(-0.00307223267858072,-0.0636860220737063,0.0249689574290584));
#4753=CARTESIAN_POINT('',(-0.00552568573711077,-0.0644820333855207,0.02));
#4754=CARTESIAN_POINT('',(-0.00121934819939328,-0.0602069037014425,0.02));
#4755=CARTESIAN_POINT('',(-0.00384069687314214,-0.062792341739688,0.0248219464014121));
#4756=CARTESIAN_POINT('',(-0.00671792232356187,-0.0632439435936941,0.02));
#4757=CARTESIAN_POINT('',(-0.0025687225257285,-0.0595442420292159,0.02));
#4758=CARTESIAN_POINT('',(-0.00485934513922536,-0.0615542519478614,0.0246472106965027));
#4759=CARTESIAN_POINT('',(-0.0081324783619033,-0.0616312511507405,0.02));
#4760=CARTESIAN_POINT('',(-0.00418543158603039,-0.0583772431904998,0.02));
#4761=CARTESIAN_POINT('',(-0.00612856037055175,-0.0599415595049074,0.0244653825862367));
#4762=CARTESIAN_POINT('',(-0.00976183958155738,-0.0596398262952892,0.02));
#4763=CARTESIAN_POINT('',(-0.00601887484512145,-0.0567041651622707,0.0199999999999999));
#4764=CARTESIAN_POINT('',(-0.00764437916172139,-0.0579501346494577,0.0242930564743618));
#4765=CARTESIAN_POINT('',(-0.0113485017036916,-0.0576124714618334,0.02));
#4766=CARTESIAN_POINT('',(-0.00776383894972311,-0.0548902393455859,0.0200000000000003));
#4767=CARTESIAN_POINT('',(-0.00915352515493134,-0.055922779815996,0.0241547621256978));
#4768=CARTESIAN_POINT('',(-0.0129066316943378,-0.0555614051744109,0.02));
#4769=CARTESIAN_POINT('',(-0.00944644656587249,-0.0529915904706412,0.0199999999999989));
#4770=CARTESIAN_POINT('',(-0.0106564292461047,-0.0538717135285953,0.024041983377395));
#4771=CARTESIAN_POINT('',(-0.0139321347929467,-0.0541827070309812,0.02));
#4772=CARTESIAN_POINT('',(-0.0105471358825084,-0.0516787597687672,0.0200000000000023));
#4773=CARTESIAN_POINT('',(-0.0116548319566469,-0.0524930153851115,0.0239796920004513));
#4774=CARTESIAN_POINT('',(-0.0144422952631765,-0.0534915382852561,0.02));
#4775=CARTESIAN_POINT('',(-0.011090534764023,-0.0510175610932481,0.02));
#4776=CARTESIAN_POINT('',(-0.0121530899574254,-0.0518018466394233,0.0239510421705286));
#4777=CARTESIAN_POINT('',(0.0110967414452408,-0.0579280700943031,0.02));
#4778=CARTESIAN_POINT('',(0.0110949906610507,-0.057659486706926,0.02));
#4779=CARTESIAN_POINT('',(0.011121563123071,-0.0573940199342295,0.0200132144006665));
#4780=CARTESIAN_POINT('',(0.0111700880802582,-0.0571307432537966,0.0200308410304999));
#4781=CARTESIAN_POINT('',(0.0111700880802582,-0.0571307432537966,0.0200308410304999));
#4782=CARTESIAN_POINT('',(0.0111700880802582,-0.0571307432537966,0.0200308410304999));
#4783=CARTESIAN_POINT('',(0.0113372305712936,-0.0562238960817454,0.0200915553307218));
#4784=CARTESIAN_POINT('',(0.0115850305036233,-0.0548756700078503,0.0203078015687255));
#4785=CARTESIAN_POINT('',(0.0118974758641119,-0.0531681697179383,0.0209495261654514));
#4786=CARTESIAN_POINT('',(0.0120391706291268,-0.0523916357645019,0.0214385956318162));
#4787=CARTESIAN_POINT('',(0.0120990132383995,-0.0520633564578257,0.0217636289582372));
#4788=CARTESIAN_POINT('',(0.0120990132383991,-0.0520633564578253,0.0217636289582384));
#4789=CARTESIAN_POINT('',(0.0119903099861081,-0.0520275370715248,0.0239604902665659));
#4790=CARTESIAN_POINT('',(0.0117484801668003,-0.0519478432167104,0.023244916765501));
#4791=CARTESIAN_POINT('',(0.0117926182838463,-0.0519624037686452,0.0224410105509925));
#4792=CARTESIAN_POINT('',(0.0120990132383991,-0.0520633564578253,0.0217636289582385));
#4793=CARTESIAN_POINT('',(-0.0119903099861081,-0.0520275370715248,0.0239604902665659));
#4794=CARTESIAN_POINT('',(-0.0117484801668003,-0.0519478432167104,0.023244916765501));
#4795=CARTESIAN_POINT('',(-0.0117926182838463,-0.0519624037686452,0.0224410105509925));
#4796=CARTESIAN_POINT('',(-0.0120990132383991,-0.0520633564578253,0.0217636289582385));
#4797=CARTESIAN_POINT('',(-0.0120990132383991,-0.0520633564578253,0.0217636289582384));
#4798=CARTESIAN_POINT('',(-0.0111700880802582,-0.0571307432537966,0.0200308410304999));
#4799=CARTESIAN_POINT('',(-0.0113372305712936,-0.0562238960817454,0.0200915553307218));
#4800=CARTESIAN_POINT('',(-0.0115850305036233,-0.0548756700078503,0.0203078015687255));
#4801=CARTESIAN_POINT('',(-0.0118974758641119,-0.0531681697179383,0.0209495261654514));
#4802=CARTESIAN_POINT('',(-0.0120391706291268,-0.0523916357645019,0.0214385956318162));
#4803=CARTESIAN_POINT('',(-0.0120990132383995,-0.0520633564578257,0.0217636289582372));
#4804=CARTESIAN_POINT('',(-0.0111700880802582,-0.0571307432537966,0.0200308410304999));
#4805=CARTESIAN_POINT('',(-0.0110967414452408,-0.0579280700943031,0.02));
#4806=CARTESIAN_POINT('',(-0.0110949906610507,-0.057659486706926,0.02));
#4807=CARTESIAN_POINT('',(-0.011121563123071,-0.0573940199342295,0.0200132144006665));
#4808=CARTESIAN_POINT('',(-0.0111700880802582,-0.0571307432537966,0.0200308410304999));
#4809=CARTESIAN_POINT('',(0.0148323969741913,-0.0615543680489063,0.023));
#4810=CARTESIAN_POINT('',(0.0148323969741913,-0.0015,0.023));
#4811=CARTESIAN_POINT('',(0.0120990132383986,-0.0520633564578262,0.0217636289582383));
#4812=CARTESIAN_POINT('',(0.0121516637378405,-0.0520807040329948,0.0216472286107741));
#4813=CARTESIAN_POINT('',(0.0122140093627434,-0.0520823467144218,0.0215307468890696));
#4814=CARTESIAN_POINT('',(0.0122774656580638,-0.0520358450013619,0.0214276368199838));
#4815=CARTESIAN_POINT('',(0.0122774656580638,-0.052035845001362,0.0214276368199838));
#4816=CARTESIAN_POINT('',(0.0122774656580638,-0.0615543680489063,0.0214276368199838));
#4817=CARTESIAN_POINT('',(0.0122774656580638,-0.023,0.0214276368199838));
#4818=CARTESIAN_POINT('',(0.0122774656580638,-0.023,0.0214276368199838));
#4819=CARTESIAN_POINT('',(0.0122774656580638,-0.022520992494342,0.0214276368199838));
#4820=CARTESIAN_POINT('',(0.012379762682933,-0.0215774933187477,0.0212486517754787));
#4821=CARTESIAN_POINT('',(0.0128108602606835,-0.0203057296138544,0.0207393232578449));
#4822=CARTESIAN_POINT('',(0.0135493670671223,-0.0191856941641428,0.0202203753883751));
#4823=CARTESIAN_POINT('',(0.0143617604807983,-0.0186557017862867,0.02));
#4824=CARTESIAN_POINT('',(0.0148323969741913,-0.018549797060815,0.02));
#4825=CARTESIAN_POINT('',(0.0111242977306435,-0.0155,0.042));
#4826=CARTESIAN_POINT('',(0.0111242977306435,-0.017,0.042));
#4827=CARTESIAN_POINT('',(0.0111242977306435,-0.017,0.0405));
#4828=CARTESIAN_POINT('',(0.0100965055721941,-0.0155000000071219,0.042));
#4829=CARTESIAN_POINT('',(0.01030866330006,-0.0168380385814565,0.0420000000000013));
#4830=CARTESIAN_POINT('',(0.0102621166139129,-0.017,0.0406712042436444));
#4831=CARTESIAN_POINT('',(0.00808841836659181,-0.0158295303389056,0.042));
#4832=CARTESIAN_POINT('',(0.00852941260542721,-0.0167987861673696,0.0420000000000001));
#4833=CARTESIAN_POINT('',(0.00850592151135904,-0.0172196868947617,0.0410282326712138));
#4834=CARTESIAN_POINT('',(0.00427540099775556,-0.0173154410531335,0.042));
#4835=CARTESIAN_POINT('',(0.00476623022569428,-0.0176920658362738,0.0419999999999975));
#4836=CARTESIAN_POINT('',(0.00481721998431177,-0.0182102940341285,0.0417125321514105));
#4837=CARTESIAN_POINT('',(0.00171851418480653,-0.0189249962584738,0.042));
#4838=CARTESIAN_POINT('',(0.0018305912078685,-0.019104163544394,0.0420000000000118));
#4839=CARTESIAN_POINT('',(0.00194266821324321,-0.0192833308389778,0.042));
#4840=CARTESIAN_POINT('',(0.,-0.02,0.042));
#4841=CARTESIAN_POINT('',(0.,-0.02,0.042));
#4842=CARTESIAN_POINT('',(0.,-0.02,0.042));
#4843=CARTESIAN_POINT('',(0.0111242977306435,-0.0155,0.0405));
#4844=CARTESIAN_POINT('',(0.01625,-0.0015,0.0405));
#4845=CARTESIAN_POINT('',(-0.031,-0.0015,0.0405));
#4846=CARTESIAN_POINT('',(0.031,-0.0015,0.0405));
#4847=CARTESIAN_POINT('',(0.0125750328882554,-0.017,0.0388928533729807));
#4848=CARTESIAN_POINT('',(0.0133274875835674,-0.017,0.0375952355819871));
#4849=CARTESIAN_POINT('',(0.0133274875835674,-0.0155,0.0375952355819871));
#4850=CARTESIAN_POINT('',(0.0123675634887271,-0.017,0.0387909229666488));
#4851=CARTESIAN_POINT('',(0.0132262268401904,-0.017015981098126,0.0375365171148397));
#4852=CARTESIAN_POINT('',(0.0131299456377331,-0.0155000000020104,0.037480686162508));
#4853=CARTESIAN_POINT('',(0.0120024058376869,-0.0170507891598303,0.0385282110144685));
#4854=CARTESIAN_POINT('',(0.0130466249289695,-0.0170449395188213,0.0374370847813598));
#4855=CARTESIAN_POINT('',(0.0127696885552274,-0.0155761837388125,0.0372118408110885));
#4856=CARTESIAN_POINT('',(0.0116224671517105,-0.017275985527851,0.0379803475253325));
#4857=CARTESIAN_POINT('',(0.0126942275943138,-0.0171135987686297,0.0371988927912637));
#4858=CARTESIAN_POINT('',(0.0123469414262267,-0.0159139782920262,0.0367180602043658));
#4859=CARTESIAN_POINT('',(0.0114248400152169,-0.0176143031835551,0.0373468237499047));
#4860=CARTESIAN_POINT('',(0.0123198395321226,-0.0173129927742617,0.0367874603143445));
#4861=CARTESIAN_POINT('',(0.0120629460083476,-0.0164214547752673,0.0361984019416918));
#4862=CARTESIAN_POINT('',(0.0113585079666315,-0.0181664023797794,0.0364431093297138));
#4863=CARTESIAN_POINT('',(0.0119339745333607,-0.0177803758423258,0.0360825704924984));
#4864=CARTESIAN_POINT('',(0.0118415813349711,-0.0172496035697068,0.0355138428973281));
#4865=CARTESIAN_POINT('',(0.0115488410160408,-0.0189645651906587,0.0352772708755455));
#4866=CARTESIAN_POINT('',(0.0117384529359064,-0.0186741850604183,0.0350563808378224));
#4867=CARTESIAN_POINT('',(0.0118003609817208,-0.0184468477859751,0.0347204764661092));
#4868=CARTESIAN_POINT('',(0.0118666338122764,-0.019657403253171,0.0343315627581591));
#4869=CARTESIAN_POINT('',(0.0119045186775574,-0.0195717540591048,0.0342379088646622));
#4870=CARTESIAN_POINT('',(0.0119424035478586,-0.0194861048797548,0.0341442549586952));
#4871=CARTESIAN_POINT('',(0.0120513225415305,-0.02,0.033875));
#4872=CARTESIAN_POINT('',(0.0120513225415305,-0.02,0.033875));
#4873=CARTESIAN_POINT('',(0.0120513225415305,-0.02,0.033875));
#4874=CARTESIAN_POINT('',(0.0125750328882554,-0.0155,0.0388928533729807));
#4875=CARTESIAN_POINT('',(-2.000000000002E-6,-0.0155,0.0405));
#4876=CARTESIAN_POINT('',(0.031,-0.0155,0.0405));
#4877=CARTESIAN_POINT('',(0.031,-0.095,0.0405));
#4878=CARTESIAN_POINT('',(0.031,-0.0155,0.0405));
#4879=CARTESIAN_POINT('',(0.0148323969741913,-0.0155,0.035));
#4880=CARTESIAN_POINT('',(0.0148323969741913,-0.0155,0.0395));
#4881=CARTESIAN_POINT('',(0.031,-0.0155,0.0405));
#4882=CARTESIAN_POINT('',(0.031,-0.0155,0.0405));
#4883=CARTESIAN_POINT('',(-2.000000000002E-6,-0.0155,0.0395));
#4884=CARTESIAN_POINT('',(0.031,-0.0155,0.0395));
#4885=CARTESIAN_POINT('',(0.031,-0.0155,0.021));
#4886=CARTESIAN_POINT('',(0.031,-0.0155,0.0395));
#4887=CARTESIAN_POINT('',(0.031,-0.0155,0.0395));
#4888=CARTESIAN_POINT('',(0.031,-0.0155,0.0395));
#4889=CARTESIAN_POINT('',(0.031,-0.0085,0.0395));
#4890=CARTESIAN_POINT('',(0.031,-0.0015,0.0395));
#4891=CARTESIAN_POINT('',(-2.000000000002E-6,-0.0015,0.0395));
#4892=CARTESIAN_POINT('',(0.0148323969741913,-0.0015,0.0395));
#4893=CARTESIAN_POINT('',(0.0148323969741913,-0.0015,0.035));
#4894=CARTESIAN_POINT('',(0.0106607853252,-0.0015,0.0333125));
#4895=CARTESIAN_POINT('',(0.,-0.0015,0.029));
#4896=CARTESIAN_POINT('',(0.0106607853252,-0.0015,0.0246875));
#4897=CARTESIAN_POINT('',(0.0148323969741913,-0.0015,0.023));
#4898=CARTESIAN_POINT('',(0.0148323969741913,-0.0015,0.0185));
#4899=CARTESIAN_POINT('',(0.01625,-0.0015,0.0185));
#4900=CARTESIAN_POINT('',(0.031,-0.0015,0.0185));
#4901=CARTESIAN_POINT('',(0.0125,-0.17,0.007));
#4902=CARTESIAN_POINT('',(0.0125,-0.17,0.007));
#4903=CARTESIAN_POINT('',(0.0125,-0.17,0.007));
#4904=CARTESIAN_POINT('',(0.0125,-0.17058904862739,0.00660730091506899));
#4905=CARTESIAN_POINT('',(0.012500000000001,-0.170490873862199,0.00650912613777569));
#4906=CARTESIAN_POINT('',(0.0125,-0.170392699084915,0.00641095137260349));
#4907=CARTESIAN_POINT('',(0.0126562062727806,-0.171766871263851,0.00582208582410174));
#4908=CARTESIAN_POINT('',(0.0127528983894053,-0.171508788370222,0.00549121162979038));
#4909=CARTESIAN_POINT('',(0.0126562062727806,-0.171177914175906,0.00523312873615254));
#4910=CARTESIAN_POINT('',(0.0133234464600649,-0.173264830309294,0.00482344646046881));
#4911=CARTESIAN_POINT('',(0.0137540831099603,-0.172625021715125,0.0043749782848709));
#4912=CARTESIAN_POINT('',(0.0133234464600649,-0.172176553539529,0.00373516969070344));
#4913=CARTESIAN_POINT('',(0.014322085825602,-0.17426569059101,0.00415620627266515));
#4914=CARTESIAN_POINT('',(0.0149074636421374,-0.173035459974871,0.00396454002513223));
#4915=CARTESIAN_POINT('',(0.014322085825602,-0.172843793727335,0.0027343094089969));
#4916=CARTESIAN_POINT('',(0.0151073009118376,-0.174499999999984,0.00399999999999999));
#4917=CARTESIAN_POINT('',(0.0153036505044043,-0.173000000000018,0.00399999999997791));
#4918=CARTESIAN_POINT('',(0.0151073009118376,-0.173,0.00250000000000178));
#4919=CARTESIAN_POINT('',(0.0155,-0.1745,0.00399999999999999));
#4920=CARTESIAN_POINT('',(0.0155,-0.173,0.00399999999999999));
#4921=CARTESIAN_POINT('',(0.0155,-0.173,0.0025));
#4922=CARTESIAN_POINT('',(0.0155,-0.1745,0.0025));
#4923=CARTESIAN_POINT('',(0.031,-0.1815,0.0025));
#4924=CARTESIAN_POINT('',(0.031,-0.1745,0.0025));
#4925=CARTESIAN_POINT('',(0.031,-0.1885,0.0025));
#4926=CARTESIAN_POINT('',(-2.000000000002E-6,-0.1745,0.0025));
#4927=CARTESIAN_POINT('',(0.031,-0.1745,0.0025));
#4928=CARTESIAN_POINT('',(-2.000000000002E-6,-0.1885,0.0025));
#4929=CARTESIAN_POINT('',(0.0155,-0.1885,0.0025));
#4930=CARTESIAN_POINT('',(0.031,-0.0015,0.0185));
#4931=CARTESIAN_POINT('',(0.031,-0.0015,0.0185));
#4932=CARTESIAN_POINT('',(0.031,-0.0015,0.0185));
#4933=CARTESIAN_POINT('',(0.031,-0.1745,0.0025));
#4934=CARTESIAN_POINT('',(0.031,-0.1745,0.0025));
#4935=CARTESIAN_POINT('',(0.0155,-0.1885,0.007));
#4936=CARTESIAN_POINT('',(0.0117086838837668,-0.189890960796024,0.00593318959041681));
#4937=CARTESIAN_POINT('',(0.012294609561008,-0.189650947828255,0.00604614069080081));
#4938=CARTESIAN_POINT('',(0.0126986889681251,-0.189057598144946,0.00588551218956496));
#4939=CARTESIAN_POINT('',(0.0128362499247003,-0.1885,0.00561998712457416));
#4940=CARTESIAN_POINT('',(0.031,-0.19,0.0185));
#4941=CARTESIAN_POINT('',(0.031,-0.0185,0.0185));
#4942=CARTESIAN_POINT('',(0.031,-0.0015,0.01));
#4943=CARTESIAN_POINT('',(0.031,-0.0015,0.0015));
#4944=CARTESIAN_POINT('',(0.01775,-0.0015,0.0015));
#4945=CARTESIAN_POINT('',(0.031,-0.0015,0.0015));
#4946=CARTESIAN_POINT('',(0.031,-0.095,0.0015));
#4947=CARTESIAN_POINT('',(0.031,-0.1745,0.0015));
#4948=CARTESIAN_POINT('',(0.031,-0.1745,0.021));
#4949=CARTESIAN_POINT('',(0.031,-0.1745,0.0015));
#4950=CARTESIAN_POINT('',(0.0129779863860153,-0.189279714928424,0.00537536240014086));
#4951=CARTESIAN_POINT('',(0.0125632941091496,-0.18970838216292,0.00601911185414864));
#4952=CARTESIAN_POINT('',(0.011716979579023,-0.189918428174376,0.00592026332798006));
#4953=CARTESIAN_POINT('',(0.0126680732940097,-0.187746276476247,0.00585645740696461));
#4954=CARTESIAN_POINT('',(0.0122705865381834,-0.188140338215511,0.00675703985424759));
#4955=CARTESIAN_POINT('',(0.0112521099410129,-0.188384989722192,0.00664190583819726));
#4956=CARTESIAN_POINT('',(0.0125,-0.185925422222989,0.00642772512760948));
#4957=CARTESIAN_POINT('',(0.0122616672686842,-0.186317739874252,0.00761476221034273));
#4958=CARTESIAN_POINT('',(0.0109999999999965,-0.186564135468951,0.00749880741920037));
#4959=CARTESIAN_POINT('',(0.0125,-0.184101357782295,0.007));
#4960=CARTESIAN_POINT('',(0.0125,-0.184740071028248,0.00835721972776877));
#4961=CARTESIAN_POINT('',(0.011,-0.184740071028248,0.00835721972776877));
#4962=CARTESIAN_POINT('',(0.011,-0.184101357782295,0.007));
#4963=CARTESIAN_POINT('',(0.01625,-0.0185,0.0185));
#4964=CARTESIAN_POINT('',(0.031,-0.0185,0.0185));
#4965=CARTESIAN_POINT('',(0.0155,-0.0185,0.0185));
#4966=CARTESIAN_POINT('',(0.031,-0.0185,0.0185));
#4967=CARTESIAN_POINT('',(0.031,-0.0185,0.0185));
#4968=CARTESIAN_POINT('',(0.031,-0.0015,0.0015));
#4969=CARTESIAN_POINT('',(0.031,-0.0015,0.0015));
#4970=CARTESIAN_POINT('',(0.031,-0.1745,0.0015));
#4971=CARTESIAN_POINT('',(0.031,-0.1745,0.0015));
#4972=CARTESIAN_POINT('',(0.011,-0.174361286754047,0.0115837179161019));
#4973=CARTESIAN_POINT('',(0.011,-0.159664684567442,0.0185));
#4974=CARTESIAN_POINT('',(0.01625,-0.159664684567442,0.0185));
#4975=CARTESIAN_POINT('',(-0.011,-0.159664684567442,0.0185));
#4976=CARTESIAN_POINT('',(0.011,-0.159664684567442,0.0185));
#4977=CARTESIAN_POINT('',(0.0155,-0.023,0.0185));
#4978=CARTESIAN_POINT('',(0.0148323969741913,-0.018549797060815,0.0185));
#4979=CARTESIAN_POINT('',(0.031,-0.0185,0.01));
#4980=CARTESIAN_POINT('',(0.031,-0.0185,0.0015));
#4981=CARTESIAN_POINT('',(0.031,-0.19,0.0015));
#4982=CARTESIAN_POINT('',(0.031,-0.0185,0.0015));
#4983=CARTESIAN_POINT('',(0.01775,-0.1745,0.0015));
#4984=CARTESIAN_POINT('',(0.0155,-0.1745,0.0015));
#4985=CARTESIAN_POINT('',(0.011,-0.159664684567442,0.0185));
#4986=CARTESIAN_POINT('',(0.011,-0.159664684567442,0.0185));
#4987=CARTESIAN_POINT('',(0.0148323969741913,-0.018549797060815,0.02));
#4988=CARTESIAN_POINT('',(0.0150549313161276,-0.0200331980405433,0.02));
#4989=CARTESIAN_POINT('',(0.0150549313161276,-0.0200331980405433,0.0185));
#4990=CARTESIAN_POINT('',(0.014453606902893,-0.0186350341019249,0.02));
#4991=CARTESIAN_POINT('',(0.0148631639078194,-0.0200619662727927,0.0199721627844042));
#4992=CARTESIAN_POINT('',(0.0146761412440757,-0.0200900227295977,0.0185000000115943));
#4993=CARTESIAN_POINT('',(0.0137396173575577,-0.0190221664432891,0.0201461406933713));
#4994=CARTESIAN_POINT('',(0.0144178157079346,-0.0201163051699672,0.0199151817024394));
#4995=CARTESIAN_POINT('',(0.0139621516998911,-0.020348110964523,0.0187192110346743));
#4996=CARTESIAN_POINT('',(0.0129399659627554,-0.020048990093036,0.0206215445673936));
#4997=CARTESIAN_POINT('',(0.0134653122652248,-0.0206579156630815,0.0201946145493546));
#4998=CARTESIAN_POINT('',(0.013162500304432,-0.0210326600613966,0.0194323168525384));
#4999=CARTESIAN_POINT('',(0.0124267291185601,-0.0213372330282111,0.0211727671856798));
#5000=CARTESIAN_POINT('',(0.0127302594275101,-0.0216142771415541,0.0207599176530934));
#5001=CARTESIAN_POINT('',(0.0126492634611376,-0.0218914886856535,0.0202591507781105));
#5002=CARTESIAN_POINT('',(0.012277465659387,-0.0224242667872678,0.0214276368178336));
#5003=CARTESIAN_POINT('',(0.0125000000019171,-0.0225279103944058,0.0210660409938734));
#5004=CARTESIAN_POINT('',(0.0125,-0.0226161778581782,0.0206414552267398));
#5005=CARTESIAN_POINT('',(0.0122774656580638,-0.023,0.0214276368199838));
#5006=CARTESIAN_POINT('',(0.0125,-0.023,0.0210660409963517));
#5007=CARTESIAN_POINT('',(0.0125,-0.023,0.0206414552299757));
#5008=CARTESIAN_POINT('',(0.011,-0.023,0.0206414552299757));
#5009=CARTESIAN_POINT('',(0.031,-0.0185,0.0015));
#5010=CARTESIAN_POINT('',(0.031,-0.0185,0.0015));
#5011=CARTESIAN_POINT('',(0.0155,-0.17,0.0015));
#5012=CARTESIAN_POINT('',(0.011,-0.17,0.0015));
#5013=CARTESIAN_POINT('',(0.011,-0.19,0.0185));
#5014=CARTESIAN_POINT('',(0.011,-0.113,0.0185));
#5015=CARTESIAN_POINT('',(0.011,-0.0615543680489063,0.0206414552299757));
#5016=CARTESIAN_POINT('',(0.0122774656580638,-0.052035845001362,0.0214276368199838));
#5017=CARTESIAN_POINT('',(0.012424128931785,-0.0519283679821541,0.0211893238171619));
#5018=CARTESIAN_POINT('',(0.0125,-0.0518117905761348,0.020915412477475));
#5019=CARTESIAN_POINT('',(0.0125,-0.0517009111071835,0.0206414552299756));
#5020=CARTESIAN_POINT('',(0.0125,-0.0185,0.0015));
#5021=CARTESIAN_POINT('',(0.0155,-0.0185,0.0015));
#5022=CARTESIAN_POINT('',(0.011,-0.095,0.0015));
#5023=CARTESIAN_POINT('',(0.011,-0.113,0.0015));
#5024=CARTESIAN_POINT('',(0.0155,-0.113,0.0185));
#5025=CARTESIAN_POINT('',(0.0155,-0.1085,0.0185));
#5026=CARTESIAN_POINT('',(0.0125,-0.0570000000000003,0.0185462615457499));
#5027=CARTESIAN_POINT('',(0.0125,-0.0571174278668374,0.0198796458465233));
#5028=CARTESIAN_POINT('',(0.0111700880802581,-0.0571307432537969,0.0200308410304999));
#5029=CARTESIAN_POINT('',(0.0125,-0.055923804402625,0.0186410394377412));
#5030=CARTESIAN_POINT('',(0.0124999999999986,-0.0561959426353716,0.0198107598274106));
#5031=CARTESIAN_POINT('',(0.0113440329659696,-0.0561869890575585,0.0200940262918366));
#5032=CARTESIAN_POINT('',(0.0125,-0.0538002772577136,0.0191122176868479));
#5033=CARTESIAN_POINT('',(0.0124999999999972,-0.054280384309051,0.019934390187669));
#5034=CARTESIAN_POINT('',(0.0116875396609168,-0.0543178927739012,0.020408145126227));
#5035=CARTESIAN_POINT('',(0.0125,-0.0518856764349117,0.0202936987110741));
#5036=CARTESIAN_POINT('',(0.0125000000000065,-0.0523441347551032,0.0208132998809208));
#5037=CARTESIAN_POINT('',(0.0119966291485234,-0.0526250320117331,0.0211957991373834));
#5038=CARTESIAN_POINT('',(0.0125,-0.0512272277252923,0.0211769287164999));
#5039=CARTESIAN_POINT('',(0.0125,-0.0516969901855521,0.0215271370125611));
#5040=CARTESIAN_POINT('',(0.0121028385163981,-0.0520423716087071,0.0217846191443333));
#5041=CARTESIAN_POINT('',(0.011,-0.057,0.0185462615457498));
#5042=CARTESIAN_POINT('',(0.0155,-0.023,0.0015));
#5043=CARTESIAN_POINT('',(0.011,-0.023,0.0015));
#5044=CARTESIAN_POINT('',(0.0155,-0.113,0.0015));
#5045=CARTESIAN_POINT('',(0.0155,-0.1085,0.0015));
#5046=CARTESIAN_POINT('',(0.01625,-0.1085,0.0185));
#5047=CARTESIAN_POINT('',(0.031,-0.1085,0.0185));
#5048=CARTESIAN_POINT('',(0.0125644942968272,-0.0576187133962021,0.0185));
#5049=CARTESIAN_POINT('',(0.0125644942968272,-0.0576187133962021,0.02));
#5050=CARTESIAN_POINT('',(0.0110967414452408,-0.0579280700943031,0.02));
#5051=CARTESIAN_POINT('',(0.0125213924135706,-0.0574142151181722,0.0185000000089686));
#5052=CARTESIAN_POINT('',(0.0125344345893609,-0.0574760941961831,0.0199493169306433));
#5053=CARTESIAN_POINT('',(0.0110950599654237,-0.0576701184916256,0.02));
#5054=CARTESIAN_POINT('',(0.0125,-0.0572080777497415,0.0185187741973778));
#5055=CARTESIAN_POINT('',(0.0125082924757335,-0.0573092045078649,0.0199084171293103));
#5056=CARTESIAN_POINT('',(0.0111196408471534,-0.0574044494247275,0.0200125161360651));
#5057=CARTESIAN_POINT('',(0.0125,-0.057,0.0185462615457501));
#5058=CARTESIAN_POINT('',(0.0125,-0.0571174278668372,0.0198796458465235));
#5059=CARTESIAN_POINT('',(0.0111700880802582,-0.0571307432537966,0.0200308410305002));
#5060=CARTESIAN_POINT('',(0.0110967414452408,-0.0579280700943031,0.0185));
#5061=CARTESIAN_POINT('',(0.011,-0.095,0.0015));
#5062=CARTESIAN_POINT('',(0.011,-0.057,0.0015));
#5063=CARTESIAN_POINT('',(0.0125,-0.1085,0.0015));
#5064=CARTESIAN_POINT('',(0.031,-0.1085,0.0015));
#5065=CARTESIAN_POINT('',(0.031,-0.1085,0.01));
#5066=CARTESIAN_POINT('',(0.031,-0.1085,0.0185));
#5067=CARTESIAN_POINT('',(0.031,-0.1085,0.0015));
#5068=CARTESIAN_POINT('',(0.031,-0.1085,0.0185));
#5069=CARTESIAN_POINT('',(0.031,-0.1085,0.0185));
#5070=CARTESIAN_POINT('',(0.0155,-0.057,0.0185));
#5071=CARTESIAN_POINT('',(0.0155,-0.0615,0.0185));
#5072=CARTESIAN_POINT('',(0.0155,-0.057,0.0015));
#5073=CARTESIAN_POINT('',(0.0155,-0.0615,0.0015));
#5074=CARTESIAN_POINT('',(0.031,-0.1085,0.0015));
#5075=CARTESIAN_POINT('',(0.031,-0.1085,0.0015));
#5076=CARTESIAN_POINT('',(0.031,-0.19,0.0185));
#5077=CARTESIAN_POINT('',(0.031,-0.0615,0.0185));
#5078=CARTESIAN_POINT('',(0.0125,-0.0615,0.0185));
#5079=CARTESIAN_POINT('',(0.031,-0.0615,0.0185));
#5080=CARTESIAN_POINT('',(0.01775,-0.0615,0.0015));
#5081=CARTESIAN_POINT('',(0.031,-0.0615,0.0015));
#5082=CARTESIAN_POINT('',(0.031,-0.19,0.0015));
#5083=CARTESIAN_POINT('',(0.031,-0.0615,0.0015));
#5084=CARTESIAN_POINT('',(0.031,-0.0615,0.0185));
#5085=CARTESIAN_POINT('',(0.031,-0.0615,0.0185));
#5086=CARTESIAN_POINT('',(0.031,-0.0615,0.0015));
#5087=CARTESIAN_POINT('',(0.031,-0.0615,0.0015));
#5088=CARTESIAN_POINT('',(0.031,-0.0615,0.01));
#5089=CARTESIAN_POINT('',(-0.01625,-0.19,0.02));
#5090=CARTESIAN_POINT('',(-0.031,0.,0.02));
#5091=CARTESIAN_POINT('',(-0.031,-0.0185,0.02));
#5092=CARTESIAN_POINT('',(-0.031,-0.0015,0.02));
#5093=CARTESIAN_POINT('',(-0.01625,-0.0185,0.02));
#5094=CARTESIAN_POINT('',(-0.0155,-0.0185,0.02));
#5095=CARTESIAN_POINT('',(-0.0155,-0.023,0.02));
#5096=CARTESIAN_POINT('',(-0.0148323969741913,-0.018549797060815,0.02));
#5097=CARTESIAN_POINT('',(-0.0148323969741913,-0.19,0.02));
#5098=CARTESIAN_POINT('',(-0.0148323969741913,-0.0015,0.02));
#5099=CARTESIAN_POINT('',(-0.0148323969741913,-0.0015,0.02));
#5100=CARTESIAN_POINT('',(-0.0125,-0.095,0.01));
#5101=CARTESIAN_POINT('',(-0.0125,-0.17,0.));
#5102=CARTESIAN_POINT('',(-0.0125,-0.17,0.007));
#5103=CARTESIAN_POINT('',(-0.0125,-0.17,0.0015));
#5104=CARTESIAN_POINT('',(-0.0125,-0.095,0.007));
#5105=CARTESIAN_POINT('',(-0.0125,-0.184101357782295,0.007));
#5106=CARTESIAN_POINT('',(-0.0125,-0.186985352127359,0.00564278027223123));
#5107=CARTESIAN_POINT('',(-0.0125,-0.159664684567442,0.0185));
#5108=CARTESIAN_POINT('',(-0.0125,-0.095,0.0185));
#5109=CARTESIAN_POINT('',(-0.0125,-0.113,0.0185));
#5110=CARTESIAN_POINT('',(-0.0125,-0.113,0.01));
#5111=CARTESIAN_POINT('',(-0.0125,-0.113,0.0015));
#5112=CARTESIAN_POINT('',(-0.0125,-0.113,0.0015));
#5113=CARTESIAN_POINT('',(-0.0325,-0.19,0.01));
#5114=CARTESIAN_POINT('',(-0.0325,-0.1085,0.01));
#5115=CARTESIAN_POINT('',(-0.0325,-0.1085,0.0185));
#5116=CARTESIAN_POINT('',(-0.0325,-0.1085,0.0015));
#5117=CARTESIAN_POINT('',(-0.0325,-0.11,0.0185));
#5118=CARTESIAN_POINT('',(-0.0325,-0.0615,0.0185));
#5119=CARTESIAN_POINT('',(-0.0325,-0.0615,0.01));
#5120=CARTESIAN_POINT('',(-0.0325,-0.0615,0.0015));
#5121=CARTESIAN_POINT('',(-0.0325,-0.19,0.0015));
#5122=CARTESIAN_POINT('',(-0.01625,-0.19,0.01));
#5123=CARTESIAN_POINT('',(-0.0155,-0.19,0.0025));
#5124=CARTESIAN_POINT('',(-0.0325,-0.19,0.0025));
#5125=CARTESIAN_POINT('',(-0.0155,-0.19,0.0025));
#5126=CARTESIAN_POINT('',(-0.0325,-0.19,0.002));
#5127=CARTESIAN_POINT('',(-0.0325,-0.19,0.0015));
#5128=CARTESIAN_POINT('',(-0.031,-0.19,0.0015));
#5129=CARTESIAN_POINT('',(-0.031,-0.19,0.));
#5130=CARTESIAN_POINT('',(-0.01775,-0.19,0.));
#5131=CARTESIAN_POINT('',(-0.003,-0.19,0.));
#5132=CARTESIAN_POINT('',(-0.003,-0.19,0.003));
#5133=CARTESIAN_POINT('',(-0.0155,-0.19,0.007));
#5134=CARTESIAN_POINT('',(-0.01775,-0.19,0.));
#5135=CARTESIAN_POINT('',(-0.003,-0.19,0.));
#5136=CARTESIAN_POINT('',(-0.003,-0.0015,0.));
#5137=CARTESIAN_POINT('',(-0.031,-0.19,0.));
#5138=CARTESIAN_POINT('',(-0.031,-0.1745,0.));
#5139=CARTESIAN_POINT('',(-0.0325,-0.1745,0.));
#5140=CARTESIAN_POINT('',(-0.0155,-0.1745,0.));
#5141=CARTESIAN_POINT('',(-0.0155,-0.17,0.));
#5142=CARTESIAN_POINT('',(-0.011,-0.17,0.));
#5143=CARTESIAN_POINT('',(-0.011,-0.17,0.));
#5144=CARTESIAN_POINT('',(-0.011,-0.113,0.));
#5145=CARTESIAN_POINT('',(-0.0155,-0.113,0.));
#5146=CARTESIAN_POINT('',(-0.0155,-0.1085,0.));
#5147=CARTESIAN_POINT('',(-0.01775,-0.1085,0.));
#5148=CARTESIAN_POINT('',(-0.031,-0.1085,0.));
#5149=CARTESIAN_POINT('',(-0.031,-0.19,0.));
#5150=CARTESIAN_POINT('',(-0.031,-0.0615,0.));
#5151=CARTESIAN_POINT('',(-0.01775,-0.0615,0.));
#5152=CARTESIAN_POINT('',(-0.0155,-0.0615,0.));
#5153=CARTESIAN_POINT('',(-0.0155,-0.057,0.));
#5154=CARTESIAN_POINT('',(-0.011,-0.057,0.));
#5155=CARTESIAN_POINT('',(-0.011,-0.057,0.));
#5156=CARTESIAN_POINT('',(-0.011,-0.023,0.));
#5157=CARTESIAN_POINT('',(-0.0155,-0.023,0.));
#5158=CARTESIAN_POINT('',(-0.0155,-0.0185,0.));
#5159=CARTESIAN_POINT('',(-0.0155,-0.0185,0.));
#5160=CARTESIAN_POINT('',(-0.031,-0.0185,0.));
#5161=CARTESIAN_POINT('',(-0.031,-0.19,0.));
#5162=CARTESIAN_POINT('',(-0.031,-0.0015,0.));
#5163=CARTESIAN_POINT('',(-0.01775,-0.0015,0.));
#5164=CARTESIAN_POINT('',(-0.003,-0.19,0.003));
#5165=CARTESIAN_POINT('',(-0.003,-0.0015,0.0015));
#5166=CARTESIAN_POINT('',(-0.0325,-0.19,0.01));
#5167=CARTESIAN_POINT('',(-0.0325,-0.02,0.0185));
#5168=CARTESIAN_POINT('',(-0.0325,-0.0015,0.0185));
#5169=CARTESIAN_POINT('',(-0.0325,-0.0185,0.0185));
#5170=CARTESIAN_POINT('',(-0.0325,-0.0015,0.01));
#5171=CARTESIAN_POINT('',(-0.0325,-0.0015,0.0015));
#5172=CARTESIAN_POINT('',(-0.0325,-0.19,0.0015));
#5173=CARTESIAN_POINT('',(-0.0325,-0.0185,0.0015));
#5174=CARTESIAN_POINT('',(-0.0325,-0.0185,0.));
#5175=CARTESIAN_POINT('',(-0.0125,-0.02,0.01));
#5176=CARTESIAN_POINT('',(-0.0155,-0.02,-6.93889390390723E-19));
#5177=CARTESIAN_POINT('',(-0.0155,-0.02,0.0185));
#5178=CARTESIAN_POINT('',(-0.0155,-0.02,0.0015));
#5179=CARTESIAN_POINT('',(-0.0125,-0.02,0.0185));
#5180=CARTESIAN_POINT('',(-0.031,-0.02,0.0185));
#5181=CARTESIAN_POINT('',(-0.031,-0.02,0.02));
#5182=CARTESIAN_POINT('',(-0.031,-0.02,0.0015));
#5183=CARTESIAN_POINT('',(-0.0325,-0.02,0.0015));
#5184=CARTESIAN_POINT('',(-0.0125,-0.06,0.01));
#5185=CARTESIAN_POINT('',(-0.031,-0.06,0.01));
#5186=CARTESIAN_POINT('',(-0.031,-0.06,0.0185));
#5187=CARTESIAN_POINT('',(-0.031,-0.06,0.0015));
#5188=CARTESIAN_POINT('',(-0.0325,-0.06,0.0185));
#5189=CARTESIAN_POINT('',(-0.0155,-0.06,0.0185));
#5190=CARTESIAN_POINT('',(-0.0155,-0.06,0.01));
#5191=CARTESIAN_POINT('',(-0.0155,-0.06,0.0015));
#5192=CARTESIAN_POINT('',(-0.0125,-0.06,0.0015));
#5193=CARTESIAN_POINT('',(-0.0125,-0.095,0.01));
#5194=CARTESIAN_POINT('',(-0.0125,-0.057,0.01));
#5195=CARTESIAN_POINT('',(-0.0125,-0.057,0.0185462615457498));
#5196=CARTESIAN_POINT('',(-0.0125,-0.057,0.0015));
#5197=CARTESIAN_POINT('',(-0.0125,-0.0517009111071835,0.0206414552299757));
#5198=CARTESIAN_POINT('',(-0.0125,-0.052401341351331,0.019963889304247));
#5199=CARTESIAN_POINT('',(-0.0125,-0.0541418265626091,0.0190270804648067));
#5200=CARTESIAN_POINT('',(-0.0125,-0.0560333162892535,0.0186313949960187));
#5201=CARTESIAN_POINT('',(-0.0125,-0.057,0.0185462615457498));
#5202=CARTESIAN_POINT('',(-0.0125,-0.0517009111071835,0.0206414552299757));
#5203=CARTESIAN_POINT('',(-0.0125,-0.0521954319790374,0.0206414552299757));
#5204=CARTESIAN_POINT('',(-0.0125,-0.023,0.0206414552299757));
#5205=CARTESIAN_POINT('',(-0.0125,-0.023,0.02));
#5206=CARTESIAN_POINT('',(-0.0125,-0.023,0.0015));
#5207=CARTESIAN_POINT('',(-0.0125,-0.023,0.0015));
#5208=CARTESIAN_POINT('',(-0.0125,-0.11,0.01));
#5209=CARTESIAN_POINT('',(-0.0155,-0.11,0.01));
#5210=CARTESIAN_POINT('',(-0.0155,-0.11,0.0185));
#5211=CARTESIAN_POINT('',(-0.0155,-0.11,0.0015));
#5212=CARTESIAN_POINT('',(-0.0155,-0.11,0.0185));
#5213=CARTESIAN_POINT('',(-0.031,-0.11,0.0185));
#5214=CARTESIAN_POINT('',(-0.031,-0.11,0.01));
#5215=CARTESIAN_POINT('',(-0.031,-0.11,0.0015));
#5216=CARTESIAN_POINT('',(-0.0125,-0.11,0.0015));
#5217=CARTESIAN_POINT('',(-0.0325,-0.095,0.021));
#5218=CARTESIAN_POINT('',(-0.0325,-0.19,0.0025));
#5219=CARTESIAN_POINT('',(-0.0325,-0.1745,0.0025));
#5220=CARTESIAN_POINT('',(-0.0325,-0.1745,0.021));
#5221=CARTESIAN_POINT('',(-0.0325,-0.1745,0.0015));
#5222=CARTESIAN_POINT('',(-0.0325,-0.173,0.0015));
#5223=CARTESIAN_POINT('',(2.000000000002E-6,-0.1815,0.004));
#5224=CARTESIAN_POINT('',(-0.031,-0.173,0.004));
#5225=CARTESIAN_POINT('',(-0.031,-0.1885,0.004));
#5226=CARTESIAN_POINT('',(-0.031,-0.1745,0.004));
#5227=CARTESIAN_POINT('',(-0.0325,-0.1885,0.004));
#5228=CARTESIAN_POINT('',(-0.0155,-0.1885,0.004));
#5229=CARTESIAN_POINT('',(-0.0155,-0.1815,0.004));
#5230=CARTESIAN_POINT('',(-0.0155,-0.1745,0.004));
#5231=CARTESIAN_POINT('',(-0.0155,-0.1745,0.004));
#5232=CARTESIAN_POINT('',(2.000000000002E-6,-0.173,0.002));
#5233=CARTESIAN_POINT('',(-0.031,-0.173,0.002));
#5234=CARTESIAN_POINT('',(-0.031,-0.173,0.0025));
#5235=CARTESIAN_POINT('',(-0.031,-0.173,0.0015));
#5236=CARTESIAN_POINT('',(-0.0325,-0.173,0.0025));
#5237=CARTESIAN_POINT('',(-0.0155,-0.173,0.0025));
#5238=CARTESIAN_POINT('',(-0.0155,-0.173,0.004));
#5239=CARTESIAN_POINT('',(-0.0155,-0.173,0.0015));
#5240=CARTESIAN_POINT('',(-0.0155,-0.173,0.0015));
#5241=CARTESIAN_POINT('',(-0.0325,-0.095,0.021));
#5242=CARTESIAN_POINT('',(-0.0325,-0.0155,0.021));
#5243=CARTESIAN_POINT('',(-0.0325,-0.0155,0.0405));
#5244=CARTESIAN_POINT('',(-0.0325,-0.0155,0.0395));
#5245=CARTESIAN_POINT('',(-0.0325,-0.095,0.0405));
#5246=CARTESIAN_POINT('',(-0.0325,0.,0.0395));
#5247=CARTESIAN_POINT('',(2.000000000002E-6,-0.0085,0.038));
#5248=CARTESIAN_POINT('',(-0.031,-0.017,0.038));
#5249=CARTESIAN_POINT('',(-0.031,-0.0015,0.038));
#5250=CARTESIAN_POINT('',(-0.031,-0.0155,0.038));
#5251=CARTESIAN_POINT('',(2.000000000002E-6,-0.0015,0.038));
#5252=CARTESIAN_POINT('',(-0.0148323969741913,-0.0015,0.038));
#5253=CARTESIAN_POINT('',(-0.0148323969741913,0.,0.038));
#5254=CARTESIAN_POINT('',(-0.0148323969741913,-0.0155,0.038));
#5255=CARTESIAN_POINT('',(-0.0148323969741913,-0.0155,0.038));
#5256=CARTESIAN_POINT('',(2.000000000002E-6,-0.017,0.04));
#5257=CARTESIAN_POINT('',(0.,-0.017,0.029));
#5258=CARTESIAN_POINT('',(-0.0111242977306435,-0.017,0.0405));
#5259=CARTESIAN_POINT('',(-0.0125750328882554,-0.017,0.0388928533729807));
#5260=CARTESIAN_POINT('',(2.000000000002E-6,-0.017,0.0405));
#5261=CARTESIAN_POINT('',(-0.031,-0.017,0.0405));
#5262=CARTESIAN_POINT('',(-0.031,-0.017,0.04));
#5263=CARTESIAN_POINT('',(-0.031,-0.017,0.0395));
#5264=CARTESIAN_POINT('',(-0.0325,-0.017,0.0395));
#5265=CARTESIAN_POINT('',(-0.0148323969741913,-0.017,0.0395));
#5266=CARTESIAN_POINT('',(-0.0148323969741913,-0.017,0.035));
#5267=CARTESIAN_POINT('',(0.,-0.02,0.029));
#5268=CARTESIAN_POINT('',(-0.0111242977306435,-0.017,0.0405));
#5269=CARTESIAN_POINT('',(-0.010163327577181,-0.017,0.0406908208895923));
#5270=CARTESIAN_POINT('',(-0.00827176026653612,-0.0172673868115648,0.0410758587723624));
#5271=CARTESIAN_POINT('',(-0.00456613290152736,-0.0183009418147343,0.0417482699163534));
#5272=CARTESIAN_POINT('',(-0.00182430309048022,-0.0193269965184027,0.042));
#5273=CARTESIAN_POINT('',(0.,-0.02,0.042));
#5274=CARTESIAN_POINT('',(-0.0125750328882554,-0.017,0.0388928533729807));
#5275=CARTESIAN_POINT('',(-0.012332044385036,-0.017,0.038773472316562));
#5276=CARTESIAN_POINT('',(-0.011899244939277,-0.0170744201016693,0.038438900579323));
#5277=CARTESIAN_POINT('',(-0.0114108861474364,-0.0174780561741139,0.0375541698492141));
#5278=CARTESIAN_POINT('',(-0.0113475016380089,-0.0181908829386028,0.0363996639345944));
#5279=CARTESIAN_POINT('',(-0.0116018311378356,-0.0190863155918279,0.0351099758850942));
#5280=CARTESIAN_POINT('',(-0.0118871088966272,-0.0196953843130756,0.0342809469949639));
#5281=CARTESIAN_POINT('',(-0.0120513225415305,-0.02,0.033875));
#5282=CARTESIAN_POINT('',(-0.0148323969741913,-0.0615543680489063,0.035));
#5283=CARTESIAN_POINT('',(-0.0148323969741913,-0.0155,0.035));
#5284=CARTESIAN_POINT('',(-0.0133274875835674,-0.0155,0.0375952355819871));
#5285=CARTESIAN_POINT('',(-0.0148323969741913,-0.0015,0.035));
#5286=CARTESIAN_POINT('',(-0.0133274875835674,-0.0155,0.0375952355819871));
#5287=CARTESIAN_POINT('',(-0.0128531733698067,-0.0155,0.0373201931467842));
#5288=CARTESIAN_POINT('',(-0.0121509521375684,-0.0159857837211125,0.0365416764159466));
#5289=CARTESIAN_POINT('',(-0.0118307328429949,-0.0172335518634138,0.0355156949108413));
#5290=CARTESIAN_POINT('',(-0.0118154758519299,-0.0185872003254111,0.034640875796254));
#5291=CARTESIAN_POINT('',(-0.0119518142654864,-0.0195305060309484,0.0341209910420838));
#5292=CARTESIAN_POINT('',(-0.0120513225415305,-0.02,0.033875));
#5293=CARTESIAN_POINT('',(-0.0155,-0.023,0.01));
#5294=CARTESIAN_POINT('',(-0.0150549313161276,-0.0200331980405433,0.0185));
#5295=CARTESIAN_POINT('',(-0.0146493064372703,-0.020094048388307,0.0185));
#5296=CARTESIAN_POINT('',(-0.0139019758931015,-0.0203827658319735,0.0187546857470089));
#5297=CARTESIAN_POINT('',(-0.013150813532159,-0.021058886761557,0.0194584251424983));
#5298=CARTESIAN_POINT('',(-0.0126672056479164,-0.0218578655035095,0.020223990010028));
#5299=CARTESIAN_POINT('',(-0.0125,-0.0225889850222206,0.0206414552299757));
#5300=CARTESIAN_POINT('',(-0.0125,-0.023,0.0206414552299757));
#5301=CARTESIAN_POINT('',(-0.0150549313161276,-0.0200331980405433,0.0185));
#5302=CARTESIAN_POINT('',(-0.0155,-0.023,0.0185));
#5303=CARTESIAN_POINT('',(-0.0155,-0.023,0.0015));
#5304=CARTESIAN_POINT('',(-0.0155,-0.113,0.01));
#5305=CARTESIAN_POINT('',(-0.0155,-0.113,0.0185));
#5306=CARTESIAN_POINT('',(-0.0155,-0.113,0.0015));
#5307=CARTESIAN_POINT('',(-0.0155,-0.057,0.01));
#5308=CARTESIAN_POINT('',(-0.0155,-0.057,0.0185));
#5309=CARTESIAN_POINT('',(-0.0125644942968272,-0.0576187133962021,0.0185));
#5310=CARTESIAN_POINT('',(-0.0125,-0.057,0.0185462615457498));
#5311=CARTESIAN_POINT('',(-0.0125,-0.0572075814063086,0.0185188397720079));
#5312=CARTESIAN_POINT('',(-0.0125212603066518,-0.057413588332627,0.0185));
#5313=CARTESIAN_POINT('',(-0.0125644942968272,-0.0576187133962021,0.0185));
#5314=CARTESIAN_POINT('',(-0.0155,-0.057,0.0015));
#5315=CARTESIAN_POINT('',(-0.0155,-0.1815,0.007));
#5316=CARTESIAN_POINT('',(-0.0155,-0.1885,0.007));
#5317=CARTESIAN_POINT('',(-0.0128362499247003,-0.1885,0.00561998712457416));
#5318=CARTESIAN_POINT('',(-0.0155,-0.184101357782295,0.007));
#5319=CARTESIAN_POINT('',(-0.0155,-0.17,0.007));
#5320=CARTESIAN_POINT('',(-0.0155,-0.17,0.01));
#5321=CARTESIAN_POINT('',(-0.0155,-0.17,0.007));
#5322=CARTESIAN_POINT('',(-0.0155,-0.17,0.0015));
#5323=CARTESIAN_POINT('',(-0.0148323969741913,-0.0615543680489063,0.023));
#5324=CARTESIAN_POINT('',(-0.0122774656580638,-0.023,0.0214276368199838));
#5325=CARTESIAN_POINT('',(-0.0122774656580638,-0.022520992494342,0.0214276368199838));
#5326=CARTESIAN_POINT('',(-0.012379762682933,-0.0215774933187477,0.0212486517754787));
#5327=CARTESIAN_POINT('',(-0.0128108602606835,-0.0203057296138544,0.0207393232578449));
#5328=CARTESIAN_POINT('',(-0.0135493670671223,-0.0191856941641428,0.0202203753883751));
#5329=CARTESIAN_POINT('',(-0.0143617604807983,-0.0186557017862867,0.02));
#5330=CARTESIAN_POINT('',(-0.0148323969741913,-0.018549797060815,0.02));
#5331=CARTESIAN_POINT('',(-0.0122774656580638,-0.023,0.0214276368199838));
#5332=CARTESIAN_POINT('',(-0.0122774656580638,-0.0615543680489063,0.0214276368199838));
#5333=CARTESIAN_POINT('',(-0.0122774656580638,-0.052035845001362,0.0214276368199838));
#5334=CARTESIAN_POINT('',(-0.0120990132383986,-0.0520633564578262,0.0217636289582383));
#5335=CARTESIAN_POINT('',(-0.0121516637378405,-0.0520807040329948,0.0216472286107741));
#5336=CARTESIAN_POINT('',(-0.0122140093627434,-0.0520823467144218,0.0215307468890696));
#5337=CARTESIAN_POINT('',(-0.0122774656580638,-0.0520358450013619,0.0214276368199838));
#5338=CARTESIAN_POINT('',(-0.0148323969741913,-0.0015,0.023));
#5339=CARTESIAN_POINT('',(-0.0111242977306435,-0.017,0.0405));
#5340=CARTESIAN_POINT('',(-0.0111242977306435,-0.017,0.042));
#5341=CARTESIAN_POINT('',(-0.0111242977306435,-0.0155,0.042));
#5342=CARTESIAN_POINT('',(-0.0102621166139129,-0.017,0.0406712042436444));
#5343=CARTESIAN_POINT('',(-0.01030866330006,-0.0168380385814612,0.0420000000000013));
#5344=CARTESIAN_POINT('',(-0.0100965055721941,-0.0155000000071219,0.042));
#5345=CARTESIAN_POINT('',(-0.00850592151135904,-0.0172196868947617,0.0410282326712138));
#5346=CARTESIAN_POINT('',(-0.00852941260542721,-0.0167987861673676,0.0420000000000001));
#5347=CARTESIAN_POINT('',(-0.00808841836659181,-0.0158295303389056,0.042));
#5348=CARTESIAN_POINT('',(-0.00481721998431177,-0.0182102940341285,0.0417125321514105));
#5349=CARTESIAN_POINT('',(-0.00476623022569428,-0.0176920658362748,0.0419999999999975));
#5350=CARTESIAN_POINT('',(-0.00427540099775556,-0.0173154410531335,0.042));
#5351=CARTESIAN_POINT('',(-0.00194266821324321,-0.0192833308389778,0.042));
#5352=CARTESIAN_POINT('',(-0.0018305912078685,-0.019104163544394,0.0420000000000118));
#5353=CARTESIAN_POINT('',(-0.00171851418480653,-0.0189249962584738,0.042));
#5354=CARTESIAN_POINT('',(0.,-0.02,0.042));
#5355=CARTESIAN_POINT('',(0.,-0.02,0.042));
#5356=CARTESIAN_POINT('',(0.,-0.02,0.042));
#5357=CARTESIAN_POINT('',(-0.0111242977306435,-0.0155,0.0405));
#5358=CARTESIAN_POINT('',(-0.0133274875835674,-0.0155,0.0375952355819871));
#5359=CARTESIAN_POINT('',(-0.0133274875835674,-0.017,0.0375952355819871));
#5360=CARTESIAN_POINT('',(-0.0125750328882554,-0.017,0.0388928533729807));
#5361=CARTESIAN_POINT('',(-0.0131299456377331,-0.0155000000020104,0.037480686162508));
#5362=CARTESIAN_POINT('',(-0.0132262268401904,-0.017015981098126,0.0375365171148397));
#5363=CARTESIAN_POINT('',(-0.0123675634887271,-0.017,0.0387909229666488));
#5364=CARTESIAN_POINT('',(-0.0127696885552274,-0.0155761837388125,0.0372118408110885));
#5365=CARTESIAN_POINT('',(-0.0130466249289695,-0.0170449395188213,0.0374370847813598));
#5366=CARTESIAN_POINT('',(-0.0120024058376869,-0.0170507891598303,0.0385282110144685));
#5367=CARTESIAN_POINT('',(-0.0123469414262267,-0.0159139782920262,0.0367180602043658));
#5368=CARTESIAN_POINT('',(-0.0126942275943138,-0.0171135987686297,0.0371988927912637));
#5369=CARTESIAN_POINT('',(-0.0116224671517105,-0.017275985527851,0.0379803475253325));
#5370=CARTESIAN_POINT('',(-0.0120629460083476,-0.0164214547752673,0.0361984019416918));
#5371=CARTESIAN_POINT('',(-0.0123198395321226,-0.0173129927742617,0.0367874603143445));
#5372=CARTESIAN_POINT('',(-0.0114248400152169,-0.0176143031835551,0.0373468237499047));
#5373=CARTESIAN_POINT('',(-0.0118415813349711,-0.0172496035697068,0.0355138428973281));
#5374=CARTESIAN_POINT('',(-0.0119339745333607,-0.0177803758423258,0.0360825704924984));
#5375=CARTESIAN_POINT('',(-0.0113585079666315,-0.0181664023797794,0.0364431093297138));
#5376=CARTESIAN_POINT('',(-0.0118003609817208,-0.0184468477859751,0.0347204764661092));
#5377=CARTESIAN_POINT('',(-0.0117384529359064,-0.0186741850604183,0.0350563808378224));
#5378=CARTESIAN_POINT('',(-0.0115488410160408,-0.0189645651906587,0.0352772708755455));
#5379=CARTESIAN_POINT('',(-0.0119424035478586,-0.0194861048797548,0.0341442549586952));
#5380=CARTESIAN_POINT('',(-0.0119045186775574,-0.0195717540591048,0.0342379088646622));
#5381=CARTESIAN_POINT('',(-0.0118666338122764,-0.019657403253171,0.0343315627581591));
#5382=CARTESIAN_POINT('',(-0.0120513225415305,-0.02,0.033875));
#5383=CARTESIAN_POINT('',(-0.0120513225415305,-0.02,0.033875));
#5384=CARTESIAN_POINT('',(-0.0120513225415305,-0.02,0.033875));
#5385=CARTESIAN_POINT('',(-0.0125750328882554,-0.0155,0.0388928533729807));
#5386=CARTESIAN_POINT('',(2.000000000002E-6,-0.0155,0.0405));
#5387=CARTESIAN_POINT('',(-0.031,-0.0155,0.0405));
#5388=CARTESIAN_POINT('',(-0.031,-0.095,0.0405));
#5389=CARTESIAN_POINT('',(-0.031,-0.0155,0.0405));
#5390=CARTESIAN_POINT('',(-0.0148323969741913,-0.0155,0.035));
#5391=CARTESIAN_POINT('',(-0.0148323969741913,-0.0155,0.0395));
#5392=CARTESIAN_POINT('',(-0.031,-0.0155,0.0405));
#5393=CARTESIAN_POINT('',(-0.031,-0.0155,0.0405));
#5394=CARTESIAN_POINT('',(2.000000000002E-6,-0.0155,0.0395));
#5395=CARTESIAN_POINT('',(-0.031,-0.0155,0.0395));
#5396=CARTESIAN_POINT('',(-0.031,-0.0155,0.021));
#5397=CARTESIAN_POINT('',(-0.031,-0.0155,0.0395));
#5398=CARTESIAN_POINT('',(-0.031,-0.0155,0.0395));
#5399=CARTESIAN_POINT('',(-0.031,-0.0155,0.0395));
#5400=CARTESIAN_POINT('',(-0.031,-0.0085,0.0395));
#5401=CARTESIAN_POINT('',(-0.031,-0.0015,0.0395));
#5402=CARTESIAN_POINT('',(2.000000000002E-6,-0.0015,0.0395));
#5403=CARTESIAN_POINT('',(-0.0148323969741913,-0.0015,0.0395));
#5404=CARTESIAN_POINT('',(-0.0148323969741913,-0.0015,0.035));
#5405=CARTESIAN_POINT('',(-0.0106607853252,-0.0015,0.0333125));
#5406=CARTESIAN_POINT('',(0.,-0.0015,0.029));
#5407=CARTESIAN_POINT('',(-0.0106607853252,-0.0015,0.0246875));
#5408=CARTESIAN_POINT('',(-0.0148323969741913,-0.0015,0.023));
#5409=CARTESIAN_POINT('',(-0.0148323969741913,-0.0015,0.0185));
#5410=CARTESIAN_POINT('',(-0.01625,-0.0015,0.0185));
#5411=CARTESIAN_POINT('',(-0.031,-0.0015,0.0185));
#5412=CARTESIAN_POINT('',(-0.0125,-0.17,0.007));
#5413=CARTESIAN_POINT('',(-0.0125,-0.17,0.007));
#5414=CARTESIAN_POINT('',(-0.0125,-0.17,0.007));
#5415=CARTESIAN_POINT('',(-0.0125,-0.170392699084915,0.00641095137260349));
#5416=CARTESIAN_POINT('',(-0.012500000000001,-0.170490873862199,0.00650912613777569));
#5417=CARTESIAN_POINT('',(-0.0125,-0.17058904862739,0.00660730091506899));
#5418=CARTESIAN_POINT('',(-0.0126562062727806,-0.171177914175906,0.00523312873615254));
#5419=CARTESIAN_POINT('',(-0.0127528983894053,-0.171508788370222,0.00549121162979038));
#5420=CARTESIAN_POINT('',(-0.0126562062727806,-0.171766871263851,0.00582208582410174));
#5421=CARTESIAN_POINT('',(-0.0133234464600649,-0.172176553539529,0.00373516969070344));
#5422=CARTESIAN_POINT('',(-0.0137540831099603,-0.172625021715125,0.0043749782848709));
#5423=CARTESIAN_POINT('',(-0.0133234464600649,-0.173264830309294,0.00482344646046881));
#5424=CARTESIAN_POINT('',(-0.014322085825602,-0.172843793727335,0.0027343094089969));
#5425=CARTESIAN_POINT('',(-0.0149074636421374,-0.173035459974871,0.00396454002513223));
#5426=CARTESIAN_POINT('',(-0.014322085825602,-0.17426569059101,0.00415620627266515));
#5427=CARTESIAN_POINT('',(-0.0151073009118376,-0.173,0.00250000000000178));
#5428=CARTESIAN_POINT('',(-0.0153036505044043,-0.173000000000018,0.00399999999997791));
#5429=CARTESIAN_POINT('',(-0.0151073009118376,-0.174499999999984,0.00399999999999999));
#5430=CARTESIAN_POINT('',(-0.0155,-0.173,0.0025));
#5431=CARTESIAN_POINT('',(-0.0155,-0.173,0.00399999999999999));
#5432=CARTESIAN_POINT('',(-0.0155,-0.1745,0.00399999999999999));
#5433=CARTESIAN_POINT('',(-0.0155,-0.1745,0.0025));
#5434=CARTESIAN_POINT('',(-0.031,-0.1815,0.0025));
#5435=CARTESIAN_POINT('',(-0.031,-0.1745,0.0025));
#5436=CARTESIAN_POINT('',(-0.031,-0.1885,0.0025));
#5437=CARTESIAN_POINT('',(2.000000000002E-6,-0.1745,0.0025));
#5438=CARTESIAN_POINT('',(-0.031,-0.1745,0.0025));
#5439=CARTESIAN_POINT('',(2.000000000002E-6,-0.1885,0.0025));
#5440=CARTESIAN_POINT('',(-0.0155,-0.1885,0.0025));
#5441=CARTESIAN_POINT('',(-0.031,-0.0015,0.0185));
#5442=CARTESIAN_POINT('',(-0.031,-0.0015,0.0185));
#5443=CARTESIAN_POINT('',(-0.031,-0.0015,0.0185));
#5444=CARTESIAN_POINT('',(-0.031,-0.1745,0.0025));
#5445=CARTESIAN_POINT('',(-0.031,-0.1745,0.0025));
#5446=CARTESIAN_POINT('',(-0.0155,-0.1885,0.007));
#5447=CARTESIAN_POINT('',(-0.0117086838837668,-0.189890960796024,0.00593318959041681));
#5448=CARTESIAN_POINT('',(-0.012294609561008,-0.189650947828255,0.00604614069080081));
#5449=CARTESIAN_POINT('',(-0.0126986889681251,-0.189057598144946,0.00588551218956496));
#5450=CARTESIAN_POINT('',(-0.0128362499247003,-0.1885,0.00561998712457416));
#5451=CARTESIAN_POINT('',(-0.031,-0.19,0.0185));
#5452=CARTESIAN_POINT('',(-0.031,-0.0185,0.0185));
#5453=CARTESIAN_POINT('',(-0.031,-0.0015,0.01));
#5454=CARTESIAN_POINT('',(-0.031,-0.0015,0.0015));
#5455=CARTESIAN_POINT('',(-0.01775,-0.0015,0.0015));
#5456=CARTESIAN_POINT('',(-0.031,-0.0015,0.0015));
#5457=CARTESIAN_POINT('',(-0.031,-0.095,0.0015));
#5458=CARTESIAN_POINT('',(-0.031,-0.1745,0.0015));
#5459=CARTESIAN_POINT('',(-0.031,-0.1745,0.021));
#5460=CARTESIAN_POINT('',(-0.031,-0.1745,0.0015));
#5461=CARTESIAN_POINT('',(-0.011716979579023,-0.189918428174376,0.00592026332798006));
#5462=CARTESIAN_POINT('',(-0.0125632941091496,-0.18970838216292,0.00601911185414864));
#5463=CARTESIAN_POINT('',(-0.0129779863860153,-0.189279714928424,0.00537536240014086));
#5464=CARTESIAN_POINT('',(-0.0112521099410129,-0.188384989722192,0.00664190583819726));
#5465=CARTESIAN_POINT('',(-0.0122705865381834,-0.188140338215511,0.00675703985424759));
#5466=CARTESIAN_POINT('',(-0.0126680732940097,-0.187746276476247,0.00585645740696461));
#5467=CARTESIAN_POINT('',(-0.0109999999999965,-0.186564135468951,0.00749880741920037));
#5468=CARTESIAN_POINT('',(-0.0122616672686842,-0.186317739874252,0.00761476221034273));
#5469=CARTESIAN_POINT('',(-0.0125,-0.185925422222989,0.00642772512760948));
#5470=CARTESIAN_POINT('',(-0.011,-0.184740071028248,0.00835721972776877));
#5471=CARTESIAN_POINT('',(-0.0125,-0.184740071028248,0.00835721972776877));
#5472=CARTESIAN_POINT('',(-0.0125,-0.184101357782295,0.007));
#5473=CARTESIAN_POINT('',(-0.011,-0.184101357782295,0.007));
#5474=CARTESIAN_POINT('',(-0.01625,-0.0185,0.0185));
#5475=CARTESIAN_POINT('',(-0.031,-0.0185,0.0185));
#5476=CARTESIAN_POINT('',(-0.0155,-0.0185,0.0185));
#5477=CARTESIAN_POINT('',(-0.031,-0.0185,0.0185));
#5478=CARTESIAN_POINT('',(-0.031,-0.0185,0.0185));
#5479=CARTESIAN_POINT('',(-0.031,-0.0015,0.0015));
#5480=CARTESIAN_POINT('',(-0.031,-0.0015,0.0015));
#5481=CARTESIAN_POINT('',(-0.031,-0.1745,0.0015));
#5482=CARTESIAN_POINT('',(-0.031,-0.1745,0.0015));
#5483=CARTESIAN_POINT('',(-0.011,-0.174361286754047,0.0115837179161019));
#5484=CARTESIAN_POINT('',(-0.011,-0.159664684567442,0.0185));
#5485=CARTESIAN_POINT('',(-0.0155,-0.023,0.0185));
#5486=CARTESIAN_POINT('',(-0.0148323969741913,-0.018549797060815,0.0185));
#5487=CARTESIAN_POINT('',(-0.031,-0.0185,0.01));
#5488=CARTESIAN_POINT('',(-0.031,-0.0185,0.0015));
#5489=CARTESIAN_POINT('',(-0.031,-0.19,0.0015));
#5490=CARTESIAN_POINT('',(-0.031,-0.0185,0.0015));
#5491=CARTESIAN_POINT('',(-0.01775,-0.1745,0.0015));
#5492=CARTESIAN_POINT('',(-0.0155,-0.1745,0.0015));
#5493=CARTESIAN_POINT('',(-0.011,-0.159664684567442,0.0185));
#5494=CARTESIAN_POINT('',(-0.011,-0.159664684567442,0.0185));
#5495=CARTESIAN_POINT('',(-0.0150549313161276,-0.0200331980405433,0.0185));
#5496=CARTESIAN_POINT('',(-0.0150549313161276,-0.0200331980405433,0.02));
#5497=CARTESIAN_POINT('',(-0.0148323969741913,-0.018549797060815,0.02));
#5498=CARTESIAN_POINT('',(-0.0146761412440757,-0.0200900227295977,0.0185000000115943));
#5499=CARTESIAN_POINT('',(-0.0148631639078194,-0.0200619662727927,0.0199721627844042));
#5500=CARTESIAN_POINT('',(-0.014453606902893,-0.0186350341019249,0.02));
#5501=CARTESIAN_POINT('',(-0.0139621516998911,-0.020348110964523,0.0187192110346743));
#5502=CARTESIAN_POINT('',(-0.0144178157079345,-0.0201163051699672,0.0199151817024394));
#5503=CARTESIAN_POINT('',(-0.0137396173575577,-0.0190221664432891,0.0201461406933713));
#5504=CARTESIAN_POINT('',(-0.013162500304432,-0.0210326600613966,0.0194323168525384));
#5505=CARTESIAN_POINT('',(-0.0134653122652251,-0.0206579156630815,0.0201946145493546));
#5506=CARTESIAN_POINT('',(-0.0129399659627554,-0.020048990093036,0.0206215445673936));
#5507=CARTESIAN_POINT('',(-0.0126492634611376,-0.0218914886856535,0.0202591507781105));
#5508=CARTESIAN_POINT('',(-0.0127302594275091,-0.0216142771415541,0.0207599176530934));
#5509=CARTESIAN_POINT('',(-0.0124267291185601,-0.0213372330282111,0.0211727671856798));
#5510=CARTESIAN_POINT('',(-0.0125,-0.0226161778581782,0.0206414552267398));
#5511=CARTESIAN_POINT('',(-0.0125000000019192,-0.0225279103944058,0.0210660409938734));
#5512=CARTESIAN_POINT('',(-0.012277465659387,-0.0224242667872678,0.0214276368178336));
#5513=CARTESIAN_POINT('',(-0.0125,-0.023,0.0206414552299757));
#5514=CARTESIAN_POINT('',(-0.0125,-0.023,0.0210660409963517));
#5515=CARTESIAN_POINT('',(-0.0122774656580638,-0.023,0.0214276368199838));
#5516=CARTESIAN_POINT('',(-0.011,-0.023,0.0206414552299757));
#5517=CARTESIAN_POINT('',(-0.031,-0.0185,0.0015));
#5518=CARTESIAN_POINT('',(-0.031,-0.0185,0.0015));
#5519=CARTESIAN_POINT('',(-0.0155,-0.17,0.0015));
#5520=CARTESIAN_POINT('',(-0.011,-0.17,0.0015));
#5521=CARTESIAN_POINT('',(-0.011,-0.19,0.0185));
#5522=CARTESIAN_POINT('',(-0.011,-0.113,0.0185));
#5523=CARTESIAN_POINT('',(-0.011,-0.0615543680489063,0.0206414552299757));
#5524=CARTESIAN_POINT('',(-0.0122774656580638,-0.052035845001362,0.0214276368199838));
#5525=CARTESIAN_POINT('',(-0.012424128931785,-0.0519283679821541,0.0211893238171619));
#5526=CARTESIAN_POINT('',(-0.0125,-0.0518117905761348,0.020915412477475));
#5527=CARTESIAN_POINT('',(-0.0125,-0.0517009111071835,0.0206414552299756));
#5528=CARTESIAN_POINT('',(-0.0125,-0.0185,0.0015));
#5529=CARTESIAN_POINT('',(-0.0155,-0.0185,0.0015));
#5530=CARTESIAN_POINT('',(-0.011,-0.095,0.0015));
#5531=CARTESIAN_POINT('',(-0.011,-0.113,0.0015));
#5532=CARTESIAN_POINT('',(-0.0155,-0.113,0.0185));
#5533=CARTESIAN_POINT('',(-0.0155,-0.1085,0.0185));
#5534=CARTESIAN_POINT('',(-0.0111700880802582,-0.0571307432537968,0.0200308410304999));
#5535=CARTESIAN_POINT('',(-0.0125,-0.0571174278668374,0.0198796458465233));
#5536=CARTESIAN_POINT('',(-0.0125,-0.0570000000000003,0.0185462615457499));
#5537=CARTESIAN_POINT('',(-0.0113440329658937,-0.0561869890576596,0.0200940262918363));
#5538=CARTESIAN_POINT('',(-0.0124999999999993,-0.0561959426354363,0.0198107598274685));
#5539=CARTESIAN_POINT('',(-0.0125,-0.055923804402625,0.0186410394377412));
#5540=CARTESIAN_POINT('',(-0.0116875396609511,-0.0543178927738559,0.0204081451262267));
#5541=CARTESIAN_POINT('',(-0.0124999999999979,-0.0542803843090474,0.0199343901876395));
#5542=CARTESIAN_POINT('',(-0.0125,-0.0538002772577136,0.0191122176868479));
#5543=CARTESIAN_POINT('',(-0.0119966291485306,-0.0526250320117227,0.0211957991373843));
#5544=CARTESIAN_POINT('',(-0.0125000000000046,-0.0523441347550924,0.0208132998809229));
#5545=CARTESIAN_POINT('',(-0.0125,-0.0518856764349117,0.0202936987110741));
#5546=CARTESIAN_POINT('',(-0.0121028385163981,-0.0520423716087071,0.0217846191443333));
#5547=CARTESIAN_POINT('',(-0.0125,-0.0516969901855521,0.0215271370125611));
#5548=CARTESIAN_POINT('',(-0.0125,-0.0512272277252923,0.0211769287164999));
#5549=CARTESIAN_POINT('',(-0.011,-0.057,0.0185462615457498));
#5550=CARTESIAN_POINT('',(-0.0155,-0.023,0.0015));
#5551=CARTESIAN_POINT('',(-0.011,-0.023,0.0015));
#5552=CARTESIAN_POINT('',(-0.0155,-0.113,0.0015));
#5553=CARTESIAN_POINT('',(-0.0155,-0.1085,0.0015));
#5554=CARTESIAN_POINT('',(-0.01625,-0.1085,0.0185));
#5555=CARTESIAN_POINT('',(-0.031,-0.1085,0.0185));
#5556=CARTESIAN_POINT('',(-0.0110967414452408,-0.0579280700943031,0.02));
#5557=CARTESIAN_POINT('',(-0.0125644942968272,-0.0576187133962021,0.02));
#5558=CARTESIAN_POINT('',(-0.0125644942968272,-0.0576187133962021,0.0185));
#5559=CARTESIAN_POINT('',(-0.0110950599654253,-0.0576701184916223,0.02));
#5560=CARTESIAN_POINT('',(-0.01253443458936,-0.0574760941961826,0.0199493169306422));
#5561=CARTESIAN_POINT('',(-0.0125213924135706,-0.0574142151181722,0.0185000000089686));
#5562=CARTESIAN_POINT('',(-0.0111196408471534,-0.0574044494247275,0.0200125161360651));
#5563=CARTESIAN_POINT('',(-0.012508292475735,-0.0573092045078649,0.0199084171293103));
#5564=CARTESIAN_POINT('',(-0.0125,-0.0572080777497415,0.0185187741973778));
#5565=CARTESIAN_POINT('',(-0.0111700880802582,-0.0571307432537966,0.0200308410305002));
#5566=CARTESIAN_POINT('',(-0.0125,-0.0571174278668372,0.0198796458465235));
#5567=CARTESIAN_POINT('',(-0.0125,-0.057,0.0185462615457501));
#5568=CARTESIAN_POINT('',(-0.0110967414452408,-0.0579280700943031,0.0185));
#5569=CARTESIAN_POINT('',(-0.011,-0.095,0.0015));
#5570=CARTESIAN_POINT('',(-0.011,-0.057,0.0015));
#5571=CARTESIAN_POINT('',(-0.0125,-0.1085,0.0015));
#5572=CARTESIAN_POINT('',(-0.031,-0.1085,0.0015));
#5573=CARTESIAN_POINT('',(-0.031,-0.1085,0.01));
#5574=CARTESIAN_POINT('',(-0.031,-0.1085,0.0185));
#5575=CARTESIAN_POINT('',(-0.031,-0.1085,0.0015));
#5576=CARTESIAN_POINT('',(-0.031,-0.1085,0.0185));
#5577=CARTESIAN_POINT('',(-0.031,-0.1085,0.0185));
#5578=CARTESIAN_POINT('',(-0.0155,-0.057,0.0185));
#5579=CARTESIAN_POINT('',(-0.0155,-0.0615,0.0185));
#5580=CARTESIAN_POINT('',(-0.0155,-0.057,0.0015));
#5581=CARTESIAN_POINT('',(-0.0155,-0.0615,0.0015));
#5582=CARTESIAN_POINT('',(-0.031,-0.1085,0.0015));
#5583=CARTESIAN_POINT('',(-0.031,-0.1085,0.0015));
#5584=CARTESIAN_POINT('',(-0.031,-0.19,0.0185));
#5585=CARTESIAN_POINT('',(-0.031,-0.0615,0.0185));
#5586=CARTESIAN_POINT('',(-0.0125,-0.0615,0.0185));
#5587=CARTESIAN_POINT('',(-0.031,-0.0615,0.0185));
#5588=CARTESIAN_POINT('',(-0.01775,-0.0615,0.0015));
#5589=CARTESIAN_POINT('',(-0.031,-0.0615,0.0015));
#5590=CARTESIAN_POINT('',(-0.031,-0.19,0.0015));
#5591=CARTESIAN_POINT('',(-0.031,-0.0615,0.0015));
#5592=CARTESIAN_POINT('',(-0.031,-0.0615,0.0185));
#5593=CARTESIAN_POINT('',(-0.031,-0.0615,0.0185));
#5594=CARTESIAN_POINT('',(-0.031,-0.0615,0.0015));
#5595=CARTESIAN_POINT('',(-0.031,-0.0615,0.0015));
#5596=CARTESIAN_POINT('',(-0.031,-0.0615,0.01));
#5597=MECHANICAL_DESIGN_GEOMETRIC_PRESENTATION_REPRESENTATION('',(#2907),
#5598);
#5598=(
GEOMETRIC_REPRESENTATION_CONTEXT(3)
GLOBAL_UNCERTAINTY_ASSIGNED_CONTEXT((#5599))
GLOBAL_UNIT_ASSIGNED_CONTEXT((#5602,#5601,#5600))
REPRESENTATION_CONTEXT('Part 1','TOP_LEVEL_ASSEMBLY_PART')
);
#5599=UNCERTAINTY_MEASURE_WITH_UNIT(LENGTH_MEASURE(2.E-5),#5602,
'DISTANCE_ACCURACY_VALUE','Maximum Tolerance applied to model');
#5600=(
NAMED_UNIT(*)
SI_UNIT($,.STERADIAN.)
SOLID_ANGLE_UNIT()
);
#5601=(
NAMED_UNIT(*)
PLANE_ANGLE_UNIT()
SI_UNIT($,.RADIAN.)
);
#5602=(
LENGTH_UNIT()
NAMED_UNIT(*)
SI_UNIT($,.METRE.)
);
#5603=PRODUCT_DEFINITION_SHAPE('','',#5604);
#5604=PRODUCT_DEFINITION('','',#5606,#5605);
#5605=PRODUCT_DEFINITION_CONTEXT('',#5612,'design');
#5606=PRODUCT_DEFINITION_FORMATION_WITH_SPECIFIED_SOURCE('','',#5608,
 .NOT_KNOWN.);
#5607=PRODUCT_RELATED_PRODUCT_CATEGORY('','',(#5608));
#5608=PRODUCT('Part 1','Part 1','Part 1',(#5610));
#5609=PRODUCT_CATEGORY('','');
#5610=PRODUCT_CONTEXT('',#5612,'mechanical');
#5611=APPLICATION_PROTOCOL_DEFINITION('international standard',
'ap242_managed_model_based_3d_engineering',2020,#5612);
#5612=APPLICATION_CONTEXT('managed model based 3d engineering');
ENDSEC;
END-ISO-10303-21;
